[0.364s] DEBUG:colcon:Command line arguments: ['/usr/bin/colcon', 'build', '--packages-select', 'lunabotics_model']
[0.364s] DEBUG:colcon:Parsed command line arguments: Namespace(log_base=None, log_level=None, verb_name='build', build_base='build', install_base='install', merge_install=False, symlink_install=False, test_result_base=None, continue_on_error=False, executor='parallel', parallel_workers=8, event_handlers=None, ignore_user_meta=False, metas=['./colcon.meta'], base_paths=['.'], packages_ignore=None, packages_ignore_regex=None, paths=None, packages_up_to=None, packages_up_to_regex=None, packages_above=None, packages_above_and_dependencies=None, packages_above_depth=None, packages_select_by_dep=None, packages_skip_by_dep=None, packages_skip_up_to=None, packages_select_build_failed=False, packages_skip_build_finished=False, packages_select_test_failures=False, packages_skip_test_passed=False, packages_select=['lunabotics_model'], packages_skip=None, packages_select_regex=None, packages_skip_regex=None, packages_start=None, packages_end=None, allow_overriding=[], cmake_args=None, cmake_target=None, cmake_target_skip_unavailable=False, cmake_clean_cache=False, cmake_clean_first=False, cmake_force_configure=False, ament_cmake_args=None, catkin_cmake_args=None, catkin_skip_building_tests=False, mixin_files=None, mixin=None, verb_parser=<colcon_mixin.mixin.mixin_argument.MixinArgumentDecorator object at 0x7154848148c0>, verb_extension=<colcon_core.verb.build.BuildVerb object at 0x715484972de0>, main=<bound method BuildVerb.main of <colcon_core.verb.build.BuildVerb object at 0x715484972de0>>, mixin_verb=('build',))
[0.419s] Level 1:colcon.colcon_core.package_discovery:discover_packages(colcon_meta) check parameters
[0.419s] Level 1:colcon.colcon_core.package_discovery:discover_packages(recursive) check parameters
[0.419s] Level 1:colcon.colcon_core.package_discovery:discover_packages(ignore) check parameters
[0.419s] Level 1:colcon.colcon_core.package_discovery:discover_packages(path) check parameters
[0.419s] Level 1:colcon.colcon_core.package_discovery:discover_packages(colcon_meta) discover
[0.419s] Level 1:colcon.colcon_core.package_discovery:discover_packages(recursive) discover
[0.419s] INFO:colcon.colcon_core.package_discovery:Crawling recursively for packages in '/home/ros2/Documents/NASA/lunabotics_sim'
[0.420s] Level 1:colcon.colcon_core.package_identification:_identify(.) by extensions ['ignore', 'ignore_ament_install']
[0.420s] Level 1:colcon.colcon_core.package_identification:_identify(.) by extension 'ignore'
[0.420s] Level 1:colcon.colcon_core.package_identification:_identify(.) by extension 'ignore_ament_install'
[0.420s] Level 1:colcon.colcon_core.package_identification:_identify(.) by extensions ['colcon_pkg']
[0.420s] Level 1:colcon.colcon_core.package_identification:_identify(.) by extension 'colcon_pkg'
[0.420s] Level 1:colcon.colcon_core.package_identification:_identify(.) by extensions ['colcon_meta']
[0.420s] Level 1:colcon.colcon_core.package_identification:_identify(.) by extension 'colcon_meta'
[0.420s] Level 1:colcon.colcon_core.package_identification:_identify(.) by extensions ['ros']
[0.420s] Level 1:colcon.colcon_core.package_identification:_identify(.) by extension 'ros'
[0.451s] Level 1:colcon.colcon_core.package_identification:_identify(.) by extensions ['cmake', 'python']
[0.451s] Level 1:colcon.colcon_core.package_identification:_identify(.) by extension 'cmake'
[0.451s] Level 1:colcon.colcon_core.package_identification:_identify(.) by extension 'python'
[0.451s] Level 1:colcon.colcon_core.package_identification:_identify(.) by extensions ['python_setup_py']
[0.451s] Level 1:colcon.colcon_core.package_identification:_identify(.) by extension 'python_setup_py'
[0.451s] Level 1:colcon.colcon_core.package_identification:_identify(Assembly 1) by extensions ['ignore', 'ignore_ament_install']
[0.452s] Level 1:colcon.colcon_core.package_identification:_identify(Assembly 1) by extension 'ignore'
[0.452s] Level 1:colcon.colcon_core.package_identification:_identify(Assembly 1) by extension 'ignore_ament_install'
[0.452s] Level 1:colcon.colcon_core.package_identification:_identify(Assembly 1) by extensions ['colcon_pkg']
[0.452s] Level 1:colcon.colcon_core.package_identification:_identify(Assembly 1) by extension 'colcon_pkg'
[0.452s] Level 1:colcon.colcon_core.package_identification:_identify(Assembly 1) by extensions ['colcon_meta']
[0.452s] Level 1:colcon.colcon_core.package_identification:_identify(Assembly 1) by extension 'colcon_meta'
[0.452s] Level 1:colcon.colcon_core.package_identification:_identify(Assembly 1) by extensions ['ros']
[0.452s] Level 1:colcon.colcon_core.package_identification:_identify(Assembly 1) by extension 'ros'
[0.452s] Level 1:colcon.colcon_core.package_identification:_identify(Assembly 1) by extensions ['cmake', 'python']
[0.452s] Level 1:colcon.colcon_core.package_identification:_identify(Assembly 1) by extension 'cmake'
[0.452s] Level 1:colcon.colcon_core.package_identification:_identify(Assembly 1) by extension 'python'
[0.452s] Level 1:colcon.colcon_core.package_identification:_identify(Assembly 1) by extensions ['python_setup_py']
[0.452s] Level 1:colcon.colcon_core.package_identification:_identify(Assembly 1) by extension 'python_setup_py'
[0.452s] Level 1:colcon.colcon_core.package_identification:_identify(Assembly 1/assembly_1) by extensions ['ignore', 'ignore_ament_install']
[0.453s] Level 1:colcon.colcon_core.package_identification:_identify(Assembly 1/assembly_1) by extension 'ignore'
[0.453s] Level 1:colcon.colcon_core.package_identification:_identify(Assembly 1/assembly_1) by extension 'ignore_ament_install'
[0.453s] Level 1:colcon.colcon_core.package_identification:_identify(Assembly 1/assembly_1) by extensions ['colcon_pkg']
[0.453s] Level 1:colcon.colcon_core.package_identification:_identify(Assembly 1/assembly_1) by extension 'colcon_pkg'
[0.453s] Level 1:colcon.colcon_core.package_identification:_identify(Assembly 1/assembly_1) by extensions ['colcon_meta']
[0.453s] Level 1:colcon.colcon_core.package_identification:_identify(Assembly 1/assembly_1) by extension 'colcon_meta'
[0.453s] Level 1:colcon.colcon_core.package_identification:_identify(Assembly 1/assembly_1) by extensions ['ros']
[0.453s] Level 1:colcon.colcon_core.package_identification:_identify(Assembly 1/assembly_1) by extension 'ros'
[0.453s] Level 1:colcon.colcon_core.package_identification:_identify(Assembly 1/assembly_1) by extensions ['cmake', 'python']
[0.453s] Level 1:colcon.colcon_core.package_identification:_identify(Assembly 1/assembly_1) by extension 'cmake'
[0.453s] Level 1:colcon.colcon_core.package_identification:_identify(Assembly 1/assembly_1) by extension 'python'
[0.454s] Level 1:colcon.colcon_core.package_identification:_identify(Assembly 1/assembly_1) by extensions ['python_setup_py']
[0.454s] Level 1:colcon.colcon_core.package_identification:_identify(Assembly 1/assembly_1) by extension 'python_setup_py'
[0.454s] Level 1:colcon.colcon_core.package_identification:_identify(Assembly 1/assembly_1/launch) by extensions ['ignore', 'ignore_ament_install']
[0.454s] Level 1:colcon.colcon_core.package_identification:_identify(Assembly 1/assembly_1/launch) by extension 'ignore'
[0.454s] Level 1:colcon.colcon_core.package_identification:_identify(Assembly 1/assembly_1/launch) by extension 'ignore_ament_install'
[0.454s] Level 1:colcon.colcon_core.package_identification:_identify(Assembly 1/assembly_1/launch) by extensions ['colcon_pkg']
[0.454s] Level 1:colcon.colcon_core.package_identification:_identify(Assembly 1/assembly_1/launch) by extension 'colcon_pkg'
[0.454s] Level 1:colcon.colcon_core.package_identification:_identify(Assembly 1/assembly_1/launch) by extensions ['colcon_meta']
[0.454s] Level 1:colcon.colcon_core.package_identification:_identify(Assembly 1/assembly_1/launch) by extension 'colcon_meta'
[0.454s] Level 1:colcon.colcon_core.package_identification:_identify(Assembly 1/assembly_1/launch) by extensions ['ros']
[0.454s] Level 1:colcon.colcon_core.package_identification:_identify(Assembly 1/assembly_1/launch) by extension 'ros'
[0.454s] Level 1:colcon.colcon_core.package_identification:_identify(Assembly 1/assembly_1/launch) by extensions ['cmake', 'python']
[0.454s] Level 1:colcon.colcon_core.package_identification:_identify(Assembly 1/assembly_1/launch) by extension 'cmake'
[0.454s] Level 1:colcon.colcon_core.package_identification:_identify(Assembly 1/assembly_1/launch) by extension 'python'
[0.455s] Level 1:colcon.colcon_core.package_identification:_identify(Assembly 1/assembly_1/launch) by extensions ['python_setup_py']
[0.455s] Level 1:colcon.colcon_core.package_identification:_identify(Assembly 1/assembly_1/launch) by extension 'python_setup_py'
[0.455s] Level 1:colcon.colcon_core.package_identification:_identify(Assembly 1/assembly_1/meshes) by extensions ['ignore', 'ignore_ament_install']
[0.455s] Level 1:colcon.colcon_core.package_identification:_identify(Assembly 1/assembly_1/meshes) by extension 'ignore'
[0.455s] Level 1:colcon.colcon_core.package_identification:_identify(Assembly 1/assembly_1/meshes) by extension 'ignore_ament_install'
[0.455s] Level 1:colcon.colcon_core.package_identification:_identify(Assembly 1/assembly_1/meshes) by extensions ['colcon_pkg']
[0.455s] Level 1:colcon.colcon_core.package_identification:_identify(Assembly 1/assembly_1/meshes) by extension 'colcon_pkg'
[0.455s] Level 1:colcon.colcon_core.package_identification:_identify(Assembly 1/assembly_1/meshes) by extensions ['colcon_meta']
[0.455s] Level 1:colcon.colcon_core.package_identification:_identify(Assembly 1/assembly_1/meshes) by extension 'colcon_meta'
[0.455s] Level 1:colcon.colcon_core.package_identification:_identify(Assembly 1/assembly_1/meshes) by extensions ['ros']
[0.455s] Level 1:colcon.colcon_core.package_identification:_identify(Assembly 1/assembly_1/meshes) by extension 'ros'
[0.456s] Level 1:colcon.colcon_core.package_identification:_identify(Assembly 1/assembly_1/meshes) by extensions ['cmake', 'python']
[0.456s] Level 1:colcon.colcon_core.package_identification:_identify(Assembly 1/assembly_1/meshes) by extension 'cmake'
[0.456s] Level 1:colcon.colcon_core.package_identification:_identify(Assembly 1/assembly_1/meshes) by extension 'python'
[0.456s] Level 1:colcon.colcon_core.package_identification:_identify(Assembly 1/assembly_1/meshes) by extensions ['python_setup_py']
[0.456s] Level 1:colcon.colcon_core.package_identification:_identify(Assembly 1/assembly_1/meshes) by extension 'python_setup_py'
[0.456s] Level 1:colcon.colcon_core.package_identification:_identify(Assembly 1/assembly_1/urdf) by extensions ['ignore', 'ignore_ament_install']
[0.456s] Level 1:colcon.colcon_core.package_identification:_identify(Assembly 1/assembly_1/urdf) by extension 'ignore'
[0.456s] Level 1:colcon.colcon_core.package_identification:_identify(Assembly 1/assembly_1/urdf) by extension 'ignore_ament_install'
[0.456s] Level 1:colcon.colcon_core.package_identification:_identify(Assembly 1/assembly_1/urdf) by extensions ['colcon_pkg']
[0.456s] Level 1:colcon.colcon_core.package_identification:_identify(Assembly 1/assembly_1/urdf) by extension 'colcon_pkg'
[0.456s] Level 1:colcon.colcon_core.package_identification:_identify(Assembly 1/assembly_1/urdf) by extensions ['colcon_meta']
[0.456s] Level 1:colcon.colcon_core.package_identification:_identify(Assembly 1/assembly_1/urdf) by extension 'colcon_meta'
[0.456s] Level 1:colcon.colcon_core.package_identification:_identify(Assembly 1/assembly_1/urdf) by extensions ['ros']
[0.457s] Level 1:colcon.colcon_core.package_identification:_identify(Assembly 1/assembly_1/urdf) by extension 'ros'
[0.457s] Level 1:colcon.colcon_core.package_identification:_identify(Assembly 1/assembly_1/urdf) by extensions ['cmake', 'python']
[0.457s] Level 1:colcon.colcon_core.package_identification:_identify(Assembly 1/assembly_1/urdf) by extension 'cmake'
[0.457s] Level 1:colcon.colcon_core.package_identification:_identify(Assembly 1/assembly_1/urdf) by extension 'python'
[0.457s] Level 1:colcon.colcon_core.package_identification:_identify(Assembly 1/assembly_1/urdf) by extensions ['python_setup_py']
[0.457s] Level 1:colcon.colcon_core.package_identification:_identify(Assembly 1/assembly_1/urdf) by extension 'python_setup_py'
[0.457s] Level 1:colcon.colcon_core.package_identification:_identify(Screenshots) by extensions ['ignore', 'ignore_ament_install']
[0.457s] Level 1:colcon.colcon_core.package_identification:_identify(Screenshots) by extension 'ignore'
[0.457s] Level 1:colcon.colcon_core.package_identification:_identify(Screenshots) by extension 'ignore_ament_install'
[0.457s] Level 1:colcon.colcon_core.package_identification:_identify(Screenshots) by extensions ['colcon_pkg']
[0.457s] Level 1:colcon.colcon_core.package_identification:_identify(Screenshots) by extension 'colcon_pkg'
[0.457s] Level 1:colcon.colcon_core.package_identification:_identify(Screenshots) by extensions ['colcon_meta']
[0.457s] Level 1:colcon.colcon_core.package_identification:_identify(Screenshots) by extension 'colcon_meta'
[0.457s] Level 1:colcon.colcon_core.package_identification:_identify(Screenshots) by extensions ['ros']
[0.458s] Level 1:colcon.colcon_core.package_identification:_identify(Screenshots) by extension 'ros'
[0.458s] Level 1:colcon.colcon_core.package_identification:_identify(Screenshots) by extensions ['cmake', 'python']
[0.458s] Level 1:colcon.colcon_core.package_identification:_identify(Screenshots) by extension 'cmake'
[0.458s] Level 1:colcon.colcon_core.package_identification:_identify(Screenshots) by extension 'python'
[0.458s] Level 1:colcon.colcon_core.package_identification:_identify(Screenshots) by extensions ['python_setup_py']
[0.458s] Level 1:colcon.colcon_core.package_identification:_identify(Screenshots) by extension 'python_setup_py'
[0.458s] Level 1:colcon.colcon_core.package_identification:_identify(build) by extensions ['ignore', 'ignore_ament_install']
[0.458s] Level 1:colcon.colcon_core.package_identification:_identify(build) by extension 'ignore'
[0.459s] Level 1:colcon.colcon_core.package_identification:_identify(build) ignored
[0.459s] Level 1:colcon.colcon_core.package_identification:_identify(install) by extensions ['ignore', 'ignore_ament_install']
[0.459s] Level 1:colcon.colcon_core.package_identification:_identify(install) by extension 'ignore'
[0.459s] Level 1:colcon.colcon_core.package_identification:_identify(install) ignored
[0.459s] Level 1:colcon.colcon_core.package_identification:_identify(log) by extensions ['ignore', 'ignore_ament_install']
[0.459s] Level 1:colcon.colcon_core.package_identification:_identify(log) by extension 'ignore'
[0.459s] Level 1:colcon.colcon_core.package_identification:_identify(log) ignored
[0.460s] Level 1:colcon.colcon_core.package_identification:_identify(space_robotics_gz_envs) by extensions ['ignore', 'ignore_ament_install']
[0.460s] Level 1:colcon.colcon_core.package_identification:_identify(space_robotics_gz_envs) by extension 'ignore'
[0.460s] Level 1:colcon.colcon_core.package_identification:_identify(space_robotics_gz_envs) by extension 'ignore_ament_install'
[0.460s] Level 1:colcon.colcon_core.package_identification:_identify(space_robotics_gz_envs) by extensions ['colcon_pkg']
[0.460s] Level 1:colcon.colcon_core.package_identification:_identify(space_robotics_gz_envs) by extension 'colcon_pkg'
[0.460s] Level 1:colcon.colcon_core.package_identification:_identify(space_robotics_gz_envs) by extensions ['colcon_meta']
[0.460s] Level 1:colcon.colcon_core.package_identification:_identify(space_robotics_gz_envs) by extension 'colcon_meta'
[0.460s] Level 1:colcon.colcon_core.package_identification:_identify(space_robotics_gz_envs) by extensions ['ros']
[0.460s] Level 1:colcon.colcon_core.package_identification:_identify(space_robotics_gz_envs) by extension 'ros'
[0.460s] Level 1:colcon.colcon_core.package_identification:_identify(space_robotics_gz_envs) by extensions ['cmake', 'python']
[0.460s] Level 1:colcon.colcon_core.package_identification:_identify(space_robotics_gz_envs) by extension 'cmake'
[0.460s] Level 1:colcon.colcon_core.package_identification:_identify(space_robotics_gz_envs) by extension 'python'
[0.460s] Level 1:colcon.colcon_core.package_identification:_identify(space_robotics_gz_envs) by extensions ['python_setup_py']
[0.460s] Level 1:colcon.colcon_core.package_identification:_identify(space_robotics_gz_envs) by extension 'python_setup_py'
[0.461s] Level 1:colcon.colcon_core.package_identification:_identify(space_robotics_gz_envs/assets) by extensions ['ignore', 'ignore_ament_install']
[0.461s] Level 1:colcon.colcon_core.package_identification:_identify(space_robotics_gz_envs/assets) by extension 'ignore'
[0.461s] Level 1:colcon.colcon_core.package_identification:_identify(space_robotics_gz_envs/assets) by extension 'ignore_ament_install'
[0.461s] Level 1:colcon.colcon_core.package_identification:_identify(space_robotics_gz_envs/assets) by extensions ['colcon_pkg']
[0.461s] Level 1:colcon.colcon_core.package_identification:_identify(space_robotics_gz_envs/assets) by extension 'colcon_pkg'
[0.461s] Level 1:colcon.colcon_core.package_identification:_identify(space_robotics_gz_envs/assets) by extensions ['colcon_meta']
[0.461s] Level 1:colcon.colcon_core.package_identification:_identify(space_robotics_gz_envs/assets) by extension 'colcon_meta'
[0.461s] Level 1:colcon.colcon_core.package_identification:_identify(space_robotics_gz_envs/assets) by extensions ['ros']
[0.461s] Level 1:colcon.colcon_core.package_identification:_identify(space_robotics_gz_envs/assets) by extension 'ros'
[0.461s] Level 1:colcon.colcon_core.package_identification:_identify(space_robotics_gz_envs/assets) by extensions ['cmake', 'python']
[0.461s] Level 1:colcon.colcon_core.package_identification:_identify(space_robotics_gz_envs/assets) by extension 'cmake'
[0.461s] Level 1:colcon.colcon_core.package_identification:_identify(space_robotics_gz_envs/assets) by extension 'python'
[0.462s] Level 1:colcon.colcon_core.package_identification:_identify(space_robotics_gz_envs/assets) by extensions ['python_setup_py']
[0.462s] Level 1:colcon.colcon_core.package_identification:_identify(space_robotics_gz_envs/assets) by extension 'python_setup_py'
[0.462s] Level 1:colcon.colcon_core.package_identification:_identify(space_robotics_gz_envs/assets/cache) by extensions ['ignore', 'ignore_ament_install']
[0.462s] Level 1:colcon.colcon_core.package_identification:_identify(space_robotics_gz_envs/assets/cache) by extension 'ignore'
[0.462s] Level 1:colcon.colcon_core.package_identification:_identify(space_robotics_gz_envs/assets/cache) by extension 'ignore_ament_install'
[0.462s] Level 1:colcon.colcon_core.package_identification:_identify(space_robotics_gz_envs/assets/cache) by extensions ['colcon_pkg']
[0.462s] Level 1:colcon.colcon_core.package_identification:_identify(space_robotics_gz_envs/assets/cache) by extension 'colcon_pkg'
[0.462s] Level 1:colcon.colcon_core.package_identification:_identify(space_robotics_gz_envs/assets/cache) by extensions ['colcon_meta']
[0.462s] Level 1:colcon.colcon_core.package_identification:_identify(space_robotics_gz_envs/assets/cache) by extension 'colcon_meta'
[0.462s] Level 1:colcon.colcon_core.package_identification:_identify(space_robotics_gz_envs/assets/cache) by extensions ['ros']
[0.462s] Level 1:colcon.colcon_core.package_identification:_identify(space_robotics_gz_envs/assets/cache) by extension 'ros'
[0.462s] Level 1:colcon.colcon_core.package_identification:_identify(space_robotics_gz_envs/assets/cache) by extensions ['cmake', 'python']
[0.463s] Level 1:colcon.colcon_core.package_identification:_identify(space_robotics_gz_envs/assets/cache) by extension 'cmake'
[0.463s] Level 1:colcon.colcon_core.package_identification:_identify(space_robotics_gz_envs/assets/cache) by extension 'python'
[0.463s] Level 1:colcon.colcon_core.package_identification:_identify(space_robotics_gz_envs/assets/cache) by extensions ['python_setup_py']
[0.463s] Level 1:colcon.colcon_core.package_identification:_identify(space_robotics_gz_envs/assets/cache) by extension 'python_setup_py'
[0.463s] Level 1:colcon.colcon_core.package_identification:_identify(space_robotics_gz_envs/assets/cache/lunar_rock0) by extensions ['ignore', 'ignore_ament_install']
[0.463s] Level 1:colcon.colcon_core.package_identification:_identify(space_robotics_gz_envs/assets/cache/lunar_rock0) by extension 'ignore'
[0.463s] Level 1:colcon.colcon_core.package_identification:_identify(space_robotics_gz_envs/assets/cache/lunar_rock0) by extension 'ignore_ament_install'
[0.463s] Level 1:colcon.colcon_core.package_identification:_identify(space_robotics_gz_envs/assets/cache/lunar_rock0) by extensions ['colcon_pkg']
[0.463s] Level 1:colcon.colcon_core.package_identification:_identify(space_robotics_gz_envs/assets/cache/lunar_rock0) by extension 'colcon_pkg'
[0.463s] Level 1:colcon.colcon_core.package_identification:_identify(space_robotics_gz_envs/assets/cache/lunar_rock0) by extensions ['colcon_meta']
[0.463s] Level 1:colcon.colcon_core.package_identification:_identify(space_robotics_gz_envs/assets/cache/lunar_rock0) by extension 'colcon_meta'
[0.463s] Level 1:colcon.colcon_core.package_identification:_identify(space_robotics_gz_envs/assets/cache/lunar_rock0) by extensions ['ros']
[0.464s] Level 1:colcon.colcon_core.package_identification:_identify(space_robotics_gz_envs/assets/cache/lunar_rock0) by extension 'ros'
[0.464s] Level 1:colcon.colcon_core.package_identification:_identify(space_robotics_gz_envs/assets/cache/lunar_rock0) by extensions ['cmake', 'python']
[0.464s] Level 1:colcon.colcon_core.package_identification:_identify(space_robotics_gz_envs/assets/cache/lunar_rock0) by extension 'cmake'
[0.464s] Level 1:colcon.colcon_core.package_identification:_identify(space_robotics_gz_envs/assets/cache/lunar_rock0) by extension 'python'
[0.464s] Level 1:colcon.colcon_core.package_identification:_identify(space_robotics_gz_envs/assets/cache/lunar_rock0) by extensions ['python_setup_py']
[0.464s] Level 1:colcon.colcon_core.package_identification:_identify(space_robotics_gz_envs/assets/cache/lunar_rock0) by extension 'python_setup_py'
[0.464s] Level 1:colcon.colcon_core.package_identification:_identify(space_robotics_gz_envs/assets/cache/lunar_rock0/meshes) by extensions ['ignore', 'ignore_ament_install']
[0.464s] Level 1:colcon.colcon_core.package_identification:_identify(space_robotics_gz_envs/assets/cache/lunar_rock0/meshes) by extension 'ignore'
[0.464s] Level 1:colcon.colcon_core.package_identification:_identify(space_robotics_gz_envs/assets/cache/lunar_rock0/meshes) by extension 'ignore_ament_install'
[0.464s] Level 1:colcon.colcon_core.package_identification:_identify(space_robotics_gz_envs/assets/cache/lunar_rock0/meshes) by extensions ['colcon_pkg']
[0.464s] Level 1:colcon.colcon_core.package_identification:_identify(space_robotics_gz_envs/assets/cache/lunar_rock0/meshes) by extension 'colcon_pkg'
[0.464s] Level 1:colcon.colcon_core.package_identification:_identify(space_robotics_gz_envs/assets/cache/lunar_rock0/meshes) by extensions ['colcon_meta']
[0.464s] Level 1:colcon.colcon_core.package_identification:_identify(space_robotics_gz_envs/assets/cache/lunar_rock0/meshes) by extension 'colcon_meta'
[0.465s] Level 1:colcon.colcon_core.package_identification:_identify(space_robotics_gz_envs/assets/cache/lunar_rock0/meshes) by extensions ['ros']
[0.465s] Level 1:colcon.colcon_core.package_identification:_identify(space_robotics_gz_envs/assets/cache/lunar_rock0/meshes) by extension 'ros'
[0.465s] Level 1:colcon.colcon_core.package_identification:_identify(space_robotics_gz_envs/assets/cache/lunar_rock0/meshes) by extensions ['cmake', 'python']
[0.465s] Level 1:colcon.colcon_core.package_identification:_identify(space_robotics_gz_envs/assets/cache/lunar_rock0/meshes) by extension 'cmake'
[0.465s] Level 1:colcon.colcon_core.package_identification:_identify(space_robotics_gz_envs/assets/cache/lunar_rock0/meshes) by extension 'python'
[0.465s] Level 1:colcon.colcon_core.package_identification:_identify(space_robotics_gz_envs/assets/cache/lunar_rock0/meshes) by extensions ['python_setup_py']
[0.465s] Level 1:colcon.colcon_core.package_identification:_identify(space_robotics_gz_envs/assets/cache/lunar_rock0/meshes) by extension 'python_setup_py'
[0.465s] Level 1:colcon.colcon_core.package_identification:_identify(space_robotics_gz_envs/assets/cache/lunar_rock0/thumbnails) by extensions ['ignore', 'ignore_ament_install']
[0.465s] Level 1:colcon.colcon_core.package_identification:_identify(space_robotics_gz_envs/assets/cache/lunar_rock0/thumbnails) by extension 'ignore'
[0.465s] Level 1:colcon.colcon_core.package_identification:_identify(space_robotics_gz_envs/assets/cache/lunar_rock0/thumbnails) by extension 'ignore_ament_install'
[0.465s] Level 1:colcon.colcon_core.package_identification:_identify(space_robotics_gz_envs/assets/cache/lunar_rock0/thumbnails) by extensions ['colcon_pkg']
[0.465s] Level 1:colcon.colcon_core.package_identification:_identify(space_robotics_gz_envs/assets/cache/lunar_rock0/thumbnails) by extension 'colcon_pkg'
[0.466s] Level 1:colcon.colcon_core.package_identification:_identify(space_robotics_gz_envs/assets/cache/lunar_rock0/thumbnails) by extensions ['colcon_meta']
[0.466s] Level 1:colcon.colcon_core.package_identification:_identify(space_robotics_gz_envs/assets/cache/lunar_rock0/thumbnails) by extension 'colcon_meta'
[0.466s] Level 1:colcon.colcon_core.package_identification:_identify(space_robotics_gz_envs/assets/cache/lunar_rock0/thumbnails) by extensions ['ros']
[0.466s] Level 1:colcon.colcon_core.package_identification:_identify(space_robotics_gz_envs/assets/cache/lunar_rock0/thumbnails) by extension 'ros'
[0.466s] Level 1:colcon.colcon_core.package_identification:_identify(space_robotics_gz_envs/assets/cache/lunar_rock0/thumbnails) by extensions ['cmake', 'python']
[0.466s] Level 1:colcon.colcon_core.package_identification:_identify(space_robotics_gz_envs/assets/cache/lunar_rock0/thumbnails) by extension 'cmake'
[0.466s] Level 1:colcon.colcon_core.package_identification:_identify(space_robotics_gz_envs/assets/cache/lunar_rock0/thumbnails) by extension 'python'
[0.466s] Level 1:colcon.colcon_core.package_identification:_identify(space_robotics_gz_envs/assets/cache/lunar_rock0/thumbnails) by extensions ['python_setup_py']
[0.466s] Level 1:colcon.colcon_core.package_identification:_identify(space_robotics_gz_envs/assets/cache/lunar_rock0/thumbnails) by extension 'python_setup_py'
[0.466s] Level 1:colcon.colcon_core.package_identification:_identify(space_robotics_gz_envs/assets/cache/lunar_rock1) by extensions ['ignore', 'ignore_ament_install']
[0.466s] Level 1:colcon.colcon_core.package_identification:_identify(space_robotics_gz_envs/assets/cache/lunar_rock1) by extension 'ignore'
[0.466s] Level 1:colcon.colcon_core.package_identification:_identify(space_robotics_gz_envs/assets/cache/lunar_rock1) by extension 'ignore_ament_install'
[0.466s] Level 1:colcon.colcon_core.package_identification:_identify(space_robotics_gz_envs/assets/cache/lunar_rock1) by extensions ['colcon_pkg']
[0.466s] Level 1:colcon.colcon_core.package_identification:_identify(space_robotics_gz_envs/assets/cache/lunar_rock1) by extension 'colcon_pkg'
[0.466s] Level 1:colcon.colcon_core.package_identification:_identify(space_robotics_gz_envs/assets/cache/lunar_rock1) by extensions ['colcon_meta']
[0.466s] Level 1:colcon.colcon_core.package_identification:_identify(space_robotics_gz_envs/assets/cache/lunar_rock1) by extension 'colcon_meta'
[0.466s] Level 1:colcon.colcon_core.package_identification:_identify(space_robotics_gz_envs/assets/cache/lunar_rock1) by extensions ['ros']
[0.466s] Level 1:colcon.colcon_core.package_identification:_identify(space_robotics_gz_envs/assets/cache/lunar_rock1) by extension 'ros'
[0.467s] Level 1:colcon.colcon_core.package_identification:_identify(space_robotics_gz_envs/assets/cache/lunar_rock1) by extensions ['cmake', 'python']
[0.467s] Level 1:colcon.colcon_core.package_identification:_identify(space_robotics_gz_envs/assets/cache/lunar_rock1) by extension 'cmake'
[0.467s] Level 1:colcon.colcon_core.package_identification:_identify(space_robotics_gz_envs/assets/cache/lunar_rock1) by extension 'python'
[0.467s] Level 1:colcon.colcon_core.package_identification:_identify(space_robotics_gz_envs/assets/cache/lunar_rock1) by extensions ['python_setup_py']
[0.467s] Level 1:colcon.colcon_core.package_identification:_identify(space_robotics_gz_envs/assets/cache/lunar_rock1) by extension 'python_setup_py'
[0.467s] Level 1:colcon.colcon_core.package_identification:_identify(space_robotics_gz_envs/assets/cache/lunar_rock1/meshes) by extensions ['ignore', 'ignore_ament_install']
[0.467s] Level 1:colcon.colcon_core.package_identification:_identify(space_robotics_gz_envs/assets/cache/lunar_rock1/meshes) by extension 'ignore'
[0.467s] Level 1:colcon.colcon_core.package_identification:_identify(space_robotics_gz_envs/assets/cache/lunar_rock1/meshes) by extension 'ignore_ament_install'
[0.467s] Level 1:colcon.colcon_core.package_identification:_identify(space_robotics_gz_envs/assets/cache/lunar_rock1/meshes) by extensions ['colcon_pkg']
[0.467s] Level 1:colcon.colcon_core.package_identification:_identify(space_robotics_gz_envs/assets/cache/lunar_rock1/meshes) by extension 'colcon_pkg'
[0.467s] Level 1:colcon.colcon_core.package_identification:_identify(space_robotics_gz_envs/assets/cache/lunar_rock1/meshes) by extensions ['colcon_meta']
[0.467s] Level 1:colcon.colcon_core.package_identification:_identify(space_robotics_gz_envs/assets/cache/lunar_rock1/meshes) by extension 'colcon_meta'
[0.467s] Level 1:colcon.colcon_core.package_identification:_identify(space_robotics_gz_envs/assets/cache/lunar_rock1/meshes) by extensions ['ros']
[0.467s] Level 1:colcon.colcon_core.package_identification:_identify(space_robotics_gz_envs/assets/cache/lunar_rock1/meshes) by extension 'ros'
[0.467s] Level 1:colcon.colcon_core.package_identification:_identify(space_robotics_gz_envs/assets/cache/lunar_rock1/meshes) by extensions ['cmake', 'python']
[0.467s] Level 1:colcon.colcon_core.package_identification:_identify(space_robotics_gz_envs/assets/cache/lunar_rock1/meshes) by extension 'cmake'
[0.467s] Level 1:colcon.colcon_core.package_identification:_identify(space_robotics_gz_envs/assets/cache/lunar_rock1/meshes) by extension 'python'
[0.467s] Level 1:colcon.colcon_core.package_identification:_identify(space_robotics_gz_envs/assets/cache/lunar_rock1/meshes) by extensions ['python_setup_py']
[0.467s] Level 1:colcon.colcon_core.package_identification:_identify(space_robotics_gz_envs/assets/cache/lunar_rock1/meshes) by extension 'python_setup_py'
[0.468s] Level 1:colcon.colcon_core.package_identification:_identify(space_robotics_gz_envs/assets/cache/lunar_rock1/thumbnails) by extensions ['ignore', 'ignore_ament_install']
[0.468s] Level 1:colcon.colcon_core.package_identification:_identify(space_robotics_gz_envs/assets/cache/lunar_rock1/thumbnails) by extension 'ignore'
[0.468s] Level 1:colcon.colcon_core.package_identification:_identify(space_robotics_gz_envs/assets/cache/lunar_rock1/thumbnails) by extension 'ignore_ament_install'
[0.468s] Level 1:colcon.colcon_core.package_identification:_identify(space_robotics_gz_envs/assets/cache/lunar_rock1/thumbnails) by extensions ['colcon_pkg']
[0.468s] Level 1:colcon.colcon_core.package_identification:_identify(space_robotics_gz_envs/assets/cache/lunar_rock1/thumbnails) by extension 'colcon_pkg'
[0.468s] Level 1:colcon.colcon_core.package_identification:_identify(space_robotics_gz_envs/assets/cache/lunar_rock1/thumbnails) by extensions ['colcon_meta']
[0.468s] Level 1:colcon.colcon_core.package_identification:_identify(space_robotics_gz_envs/assets/cache/lunar_rock1/thumbnails) by extension 'colcon_meta'
[0.468s] Level 1:colcon.colcon_core.package_identification:_identify(space_robotics_gz_envs/assets/cache/lunar_rock1/thumbnails) by extensions ['ros']
[0.468s] Level 1:colcon.colcon_core.package_identification:_identify(space_robotics_gz_envs/assets/cache/lunar_rock1/thumbnails) by extension 'ros'
[0.468s] Level 1:colcon.colcon_core.package_identification:_identify(space_robotics_gz_envs/assets/cache/lunar_rock1/thumbnails) by extensions ['cmake', 'python']
[0.468s] Level 1:colcon.colcon_core.package_identification:_identify(space_robotics_gz_envs/assets/cache/lunar_rock1/thumbnails) by extension 'cmake'
[0.468s] Level 1:colcon.colcon_core.package_identification:_identify(space_robotics_gz_envs/assets/cache/lunar_rock1/thumbnails) by extension 'python'
[0.468s] Level 1:colcon.colcon_core.package_identification:_identify(space_robotics_gz_envs/assets/cache/lunar_rock1/thumbnails) by extensions ['python_setup_py']
[0.468s] Level 1:colcon.colcon_core.package_identification:_identify(space_robotics_gz_envs/assets/cache/lunar_rock1/thumbnails) by extension 'python_setup_py'
[0.468s] Level 1:colcon.colcon_core.package_identification:_identify(space_robotics_gz_envs/assets/cache/lunar_rock2) by extensions ['ignore', 'ignore_ament_install']
[0.468s] Level 1:colcon.colcon_core.package_identification:_identify(space_robotics_gz_envs/assets/cache/lunar_rock2) by extension 'ignore'
[0.468s] Level 1:colcon.colcon_core.package_identification:_identify(space_robotics_gz_envs/assets/cache/lunar_rock2) by extension 'ignore_ament_install'
[0.469s] Level 1:colcon.colcon_core.package_identification:_identify(space_robotics_gz_envs/assets/cache/lunar_rock2) by extensions ['colcon_pkg']
[0.469s] Level 1:colcon.colcon_core.package_identification:_identify(space_robotics_gz_envs/assets/cache/lunar_rock2) by extension 'colcon_pkg'
[0.469s] Level 1:colcon.colcon_core.package_identification:_identify(space_robotics_gz_envs/assets/cache/lunar_rock2) by extensions ['colcon_meta']
[0.469s] Level 1:colcon.colcon_core.package_identification:_identify(space_robotics_gz_envs/assets/cache/lunar_rock2) by extension 'colcon_meta'
[0.469s] Level 1:colcon.colcon_core.package_identification:_identify(space_robotics_gz_envs/assets/cache/lunar_rock2) by extensions ['ros']
[0.469s] Level 1:colcon.colcon_core.package_identification:_identify(space_robotics_gz_envs/assets/cache/lunar_rock2) by extension 'ros'
[0.469s] Level 1:colcon.colcon_core.package_identification:_identify(space_robotics_gz_envs/assets/cache/lunar_rock2) by extensions ['cmake', 'python']
[0.469s] Level 1:colcon.colcon_core.package_identification:_identify(space_robotics_gz_envs/assets/cache/lunar_rock2) by extension 'cmake'
[0.469s] Level 1:colcon.colcon_core.package_identification:_identify(space_robotics_gz_envs/assets/cache/lunar_rock2) by extension 'python'
[0.469s] Level 1:colcon.colcon_core.package_identification:_identify(space_robotics_gz_envs/assets/cache/lunar_rock2) by extensions ['python_setup_py']
[0.469s] Level 1:colcon.colcon_core.package_identification:_identify(space_robotics_gz_envs/assets/cache/lunar_rock2) by extension 'python_setup_py'
[0.469s] Level 1:colcon.colcon_core.package_identification:_identify(space_robotics_gz_envs/assets/cache/lunar_rock2/meshes) by extensions ['ignore', 'ignore_ament_install']
[0.469s] Level 1:colcon.colcon_core.package_identification:_identify(space_robotics_gz_envs/assets/cache/lunar_rock2/meshes) by extension 'ignore'
[0.470s] Level 1:colcon.colcon_core.package_identification:_identify(space_robotics_gz_envs/assets/cache/lunar_rock2/meshes) by extension 'ignore_ament_install'
[0.470s] Level 1:colcon.colcon_core.package_identification:_identify(space_robotics_gz_envs/assets/cache/lunar_rock2/meshes) by extensions ['colcon_pkg']
[0.470s] Level 1:colcon.colcon_core.package_identification:_identify(space_robotics_gz_envs/assets/cache/lunar_rock2/meshes) by extension 'colcon_pkg'
[0.470s] Level 1:colcon.colcon_core.package_identification:_identify(space_robotics_gz_envs/assets/cache/lunar_rock2/meshes) by extensions ['colcon_meta']
[0.470s] Level 1:colcon.colcon_core.package_identification:_identify(space_robotics_gz_envs/assets/cache/lunar_rock2/meshes) by extension 'colcon_meta'
[0.470s] Level 1:colcon.colcon_core.package_identification:_identify(space_robotics_gz_envs/assets/cache/lunar_rock2/meshes) by extensions ['ros']
[0.470s] Level 1:colcon.colcon_core.package_identification:_identify(space_robotics_gz_envs/assets/cache/lunar_rock2/meshes) by extension 'ros'
[0.470s] Level 1:colcon.colcon_core.package_identification:_identify(space_robotics_gz_envs/assets/cache/lunar_rock2/meshes) by extensions ['cmake', 'python']
[0.470s] Level 1:colcon.colcon_core.package_identification:_identify(space_robotics_gz_envs/assets/cache/lunar_rock2/meshes) by extension 'cmake'
[0.470s] Level 1:colcon.colcon_core.package_identification:_identify(space_robotics_gz_envs/assets/cache/lunar_rock2/meshes) by extension 'python'
[0.470s] Level 1:colcon.colcon_core.package_identification:_identify(space_robotics_gz_envs/assets/cache/lunar_rock2/meshes) by extensions ['python_setup_py']
[0.470s] Level 1:colcon.colcon_core.package_identification:_identify(space_robotics_gz_envs/assets/cache/lunar_rock2/meshes) by extension 'python_setup_py'
[0.470s] Level 1:colcon.colcon_core.package_identification:_identify(space_robotics_gz_envs/assets/cache/lunar_rock2/thumbnails) by extensions ['ignore', 'ignore_ament_install']
[0.470s] Level 1:colcon.colcon_core.package_identification:_identify(space_robotics_gz_envs/assets/cache/lunar_rock2/thumbnails) by extension 'ignore'
[0.470s] Level 1:colcon.colcon_core.package_identification:_identify(space_robotics_gz_envs/assets/cache/lunar_rock2/thumbnails) by extension 'ignore_ament_install'
[0.470s] Level 1:colcon.colcon_core.package_identification:_identify(space_robotics_gz_envs/assets/cache/lunar_rock2/thumbnails) by extensions ['colcon_pkg']
[0.470s] Level 1:colcon.colcon_core.package_identification:_identify(space_robotics_gz_envs/assets/cache/lunar_rock2/thumbnails) by extension 'colcon_pkg'
[0.471s] Level 1:colcon.colcon_core.package_identification:_identify(space_robotics_gz_envs/assets/cache/lunar_rock2/thumbnails) by extensions ['colcon_meta']
[0.471s] Level 1:colcon.colcon_core.package_identification:_identify(space_robotics_gz_envs/assets/cache/lunar_rock2/thumbnails) by extension 'colcon_meta'
[0.471s] Level 1:colcon.colcon_core.package_identification:_identify(space_robotics_gz_envs/assets/cache/lunar_rock2/thumbnails) by extensions ['ros']
[0.471s] Level 1:colcon.colcon_core.package_identification:_identify(space_robotics_gz_envs/assets/cache/lunar_rock2/thumbnails) by extension 'ros'
[0.471s] Level 1:colcon.colcon_core.package_identification:_identify(space_robotics_gz_envs/assets/cache/lunar_rock2/thumbnails) by extensions ['cmake', 'python']
[0.471s] Level 1:colcon.colcon_core.package_identification:_identify(space_robotics_gz_envs/assets/cache/lunar_rock2/thumbnails) by extension 'cmake'
[0.471s] Level 1:colcon.colcon_core.package_identification:_identify(space_robotics_gz_envs/assets/cache/lunar_rock2/thumbnails) by extension 'python'
[0.471s] Level 1:colcon.colcon_core.package_identification:_identify(space_robotics_gz_envs/assets/cache/lunar_rock2/thumbnails) by extensions ['python_setup_py']
[0.471s] Level 1:colcon.colcon_core.package_identification:_identify(space_robotics_gz_envs/assets/cache/lunar_rock2/thumbnails) by extension 'python_setup_py'
[0.471s] Level 1:colcon.colcon_core.package_identification:_identify(space_robotics_gz_envs/assets/cache/lunar_rock3) by extensions ['ignore', 'ignore_ament_install']
[0.471s] Level 1:colcon.colcon_core.package_identification:_identify(space_robotics_gz_envs/assets/cache/lunar_rock3) by extension 'ignore'
[0.471s] Level 1:colcon.colcon_core.package_identification:_identify(space_robotics_gz_envs/assets/cache/lunar_rock3) by extension 'ignore_ament_install'
[0.471s] Level 1:colcon.colcon_core.package_identification:_identify(space_robotics_gz_envs/assets/cache/lunar_rock3) by extensions ['colcon_pkg']
[0.471s] Level 1:colcon.colcon_core.package_identification:_identify(space_robotics_gz_envs/assets/cache/lunar_rock3) by extension 'colcon_pkg'
[0.471s] Level 1:colcon.colcon_core.package_identification:_identify(space_robotics_gz_envs/assets/cache/lunar_rock3) by extensions ['colcon_meta']
[0.471s] Level 1:colcon.colcon_core.package_identification:_identify(space_robotics_gz_envs/assets/cache/lunar_rock3) by extension 'colcon_meta'
[0.471s] Level 1:colcon.colcon_core.package_identification:_identify(space_robotics_gz_envs/assets/cache/lunar_rock3) by extensions ['ros']
[0.471s] Level 1:colcon.colcon_core.package_identification:_identify(space_robotics_gz_envs/assets/cache/lunar_rock3) by extension 'ros'
[0.472s] Level 1:colcon.colcon_core.package_identification:_identify(space_robotics_gz_envs/assets/cache/lunar_rock3) by extensions ['cmake', 'python']
[0.472s] Level 1:colcon.colcon_core.package_identification:_identify(space_robotics_gz_envs/assets/cache/lunar_rock3) by extension 'cmake'
[0.472s] Level 1:colcon.colcon_core.package_identification:_identify(space_robotics_gz_envs/assets/cache/lunar_rock3) by extension 'python'
[0.472s] Level 1:colcon.colcon_core.package_identification:_identify(space_robotics_gz_envs/assets/cache/lunar_rock3) by extensions ['python_setup_py']
[0.472s] Level 1:colcon.colcon_core.package_identification:_identify(space_robotics_gz_envs/assets/cache/lunar_rock3) by extension 'python_setup_py'
[0.473s] Level 1:colcon.colcon_core.package_identification:_identify(space_robotics_gz_envs/assets/cache/lunar_rock3/meshes) by extensions ['ignore', 'ignore_ament_install']
[0.473s] Level 1:colcon.colcon_core.package_identification:_identify(space_robotics_gz_envs/assets/cache/lunar_rock3/meshes) by extension 'ignore'
[0.473s] Level 1:colcon.colcon_core.package_identification:_identify(space_robotics_gz_envs/assets/cache/lunar_rock3/meshes) by extension 'ignore_ament_install'
[0.473s] Level 1:colcon.colcon_core.package_identification:_identify(space_robotics_gz_envs/assets/cache/lunar_rock3/meshes) by extensions ['colcon_pkg']
[0.473s] Level 1:colcon.colcon_core.package_identification:_identify(space_robotics_gz_envs/assets/cache/lunar_rock3/meshes) by extension 'colcon_pkg'
[0.473s] Level 1:colcon.colcon_core.package_identification:_identify(space_robotics_gz_envs/assets/cache/lunar_rock3/meshes) by extensions ['colcon_meta']
[0.473s] Level 1:colcon.colcon_core.package_identification:_identify(space_robotics_gz_envs/assets/cache/lunar_rock3/meshes) by extension 'colcon_meta'
[0.474s] Level 1:colcon.colcon_core.package_identification:_identify(space_robotics_gz_envs/assets/cache/lunar_rock3/meshes) by extensions ['ros']
[0.474s] Level 1:colcon.colcon_core.package_identification:_identify(space_robotics_gz_envs/assets/cache/lunar_rock3/meshes) by extension 'ros'
[0.474s] Level 1:colcon.colcon_core.package_identification:_identify(space_robotics_gz_envs/assets/cache/lunar_rock3/meshes) by extensions ['cmake', 'python']
[0.474s] Level 1:colcon.colcon_core.package_identification:_identify(space_robotics_gz_envs/assets/cache/lunar_rock3/meshes) by extension 'cmake'
[0.474s] Level 1:colcon.colcon_core.package_identification:_identify(space_robotics_gz_envs/assets/cache/lunar_rock3/meshes) by extension 'python'
[0.474s] Level 1:colcon.colcon_core.package_identification:_identify(space_robotics_gz_envs/assets/cache/lunar_rock3/meshes) by extensions ['python_setup_py']
[0.474s] Level 1:colcon.colcon_core.package_identification:_identify(space_robotics_gz_envs/assets/cache/lunar_rock3/meshes) by extension 'python_setup_py'
[0.474s] Level 1:colcon.colcon_core.package_identification:_identify(space_robotics_gz_envs/assets/cache/lunar_rock3/thumbnails) by extensions ['ignore', 'ignore_ament_install']
[0.474s] Level 1:colcon.colcon_core.package_identification:_identify(space_robotics_gz_envs/assets/cache/lunar_rock3/thumbnails) by extension 'ignore'
[0.474s] Level 1:colcon.colcon_core.package_identification:_identify(space_robotics_gz_envs/assets/cache/lunar_rock3/thumbnails) by extension 'ignore_ament_install'
[0.474s] Level 1:colcon.colcon_core.package_identification:_identify(space_robotics_gz_envs/assets/cache/lunar_rock3/thumbnails) by extensions ['colcon_pkg']
[0.474s] Level 1:colcon.colcon_core.package_identification:_identify(space_robotics_gz_envs/assets/cache/lunar_rock3/thumbnails) by extension 'colcon_pkg'
[0.474s] Level 1:colcon.colcon_core.package_identification:_identify(space_robotics_gz_envs/assets/cache/lunar_rock3/thumbnails) by extensions ['colcon_meta']
[0.479s] Level 1:colcon.colcon_core.package_identification:_identify(space_robotics_gz_envs/assets/cache/lunar_rock3/thumbnails) by extension 'colcon_meta'
[0.479s] Level 1:colcon.colcon_core.package_identification:_identify(space_robotics_gz_envs/assets/cache/lunar_rock3/thumbnails) by extensions ['ros']
[0.479s] Level 1:colcon.colcon_core.package_identification:_identify(space_robotics_gz_envs/assets/cache/lunar_rock3/thumbnails) by extension 'ros'
[0.479s] Level 1:colcon.colcon_core.package_identification:_identify(space_robotics_gz_envs/assets/cache/lunar_rock3/thumbnails) by extensions ['cmake', 'python']
[0.479s] Level 1:colcon.colcon_core.package_identification:_identify(space_robotics_gz_envs/assets/cache/lunar_rock3/thumbnails) by extension 'cmake'
[0.479s] Level 1:colcon.colcon_core.package_identification:_identify(space_robotics_gz_envs/assets/cache/lunar_rock3/thumbnails) by extension 'python'
[0.479s] Level 1:colcon.colcon_core.package_identification:_identify(space_robotics_gz_envs/assets/cache/lunar_rock3/thumbnails) by extensions ['python_setup_py']
[0.479s] Level 1:colcon.colcon_core.package_identification:_identify(space_robotics_gz_envs/assets/cache/lunar_rock3/thumbnails) by extension 'python_setup_py'
[0.480s] Level 1:colcon.colcon_core.package_identification:_identify(space_robotics_gz_envs/assets/cache/lunar_rock4) by extensions ['ignore', 'ignore_ament_install']
[0.480s] Level 1:colcon.colcon_core.package_identification:_identify(space_robotics_gz_envs/assets/cache/lunar_rock4) by extension 'ignore'
[0.481s] Level 1:colcon.colcon_core.package_identification:_identify(space_robotics_gz_envs/assets/cache/lunar_rock4) by extension 'ignore_ament_install'
[0.482s] Level 1:colcon.colcon_core.package_identification:_identify(space_robotics_gz_envs/assets/cache/lunar_rock4) by extensions ['colcon_pkg']
[0.482s] Level 1:colcon.colcon_core.package_identification:_identify(space_robotics_gz_envs/assets/cache/lunar_rock4) by extension 'colcon_pkg'
[0.482s] Level 1:colcon.colcon_core.package_identification:_identify(space_robotics_gz_envs/assets/cache/lunar_rock4) by extensions ['colcon_meta']
[0.482s] Level 1:colcon.colcon_core.package_identification:_identify(space_robotics_gz_envs/assets/cache/lunar_rock4) by extension 'colcon_meta'
[0.482s] Level 1:colcon.colcon_core.package_identification:_identify(space_robotics_gz_envs/assets/cache/lunar_rock4) by extensions ['ros']
[0.482s] Level 1:colcon.colcon_core.package_identification:_identify(space_robotics_gz_envs/assets/cache/lunar_rock4) by extension 'ros'
[0.482s] Level 1:colcon.colcon_core.package_identification:_identify(space_robotics_gz_envs/assets/cache/lunar_rock4) by extensions ['cmake', 'python']
[0.484s] Level 1:colcon.colcon_core.package_identification:_identify(space_robotics_gz_envs/assets/cache/lunar_rock4) by extension 'cmake'
[0.484s] Level 1:colcon.colcon_core.package_identification:_identify(space_robotics_gz_envs/assets/cache/lunar_rock4) by extension 'python'
[0.484s] Level 1:colcon.colcon_core.package_identification:_identify(space_robotics_gz_envs/assets/cache/lunar_rock4) by extensions ['python_setup_py']
[0.484s] Level 1:colcon.colcon_core.package_identification:_identify(space_robotics_gz_envs/assets/cache/lunar_rock4) by extension 'python_setup_py'
[0.484s] Level 1:colcon.colcon_core.package_identification:_identify(space_robotics_gz_envs/assets/cache/lunar_rock4/meshes) by extensions ['ignore', 'ignore_ament_install']
[0.484s] Level 1:colcon.colcon_core.package_identification:_identify(space_robotics_gz_envs/assets/cache/lunar_rock4/meshes) by extension 'ignore'
[0.484s] Level 1:colcon.colcon_core.package_identification:_identify(space_robotics_gz_envs/assets/cache/lunar_rock4/meshes) by extension 'ignore_ament_install'
[0.484s] Level 1:colcon.colcon_core.package_identification:_identify(space_robotics_gz_envs/assets/cache/lunar_rock4/meshes) by extensions ['colcon_pkg']
[0.484s] Level 1:colcon.colcon_core.package_identification:_identify(space_robotics_gz_envs/assets/cache/lunar_rock4/meshes) by extension 'colcon_pkg'
[0.484s] Level 1:colcon.colcon_core.package_identification:_identify(space_robotics_gz_envs/assets/cache/lunar_rock4/meshes) by extensions ['colcon_meta']
[0.485s] Level 1:colcon.colcon_core.package_identification:_identify(space_robotics_gz_envs/assets/cache/lunar_rock4/meshes) by extension 'colcon_meta'
[0.485s] Level 1:colcon.colcon_core.package_identification:_identify(space_robotics_gz_envs/assets/cache/lunar_rock4/meshes) by extensions ['ros']
[0.485s] Level 1:colcon.colcon_core.package_identification:_identify(space_robotics_gz_envs/assets/cache/lunar_rock4/meshes) by extension 'ros'
[0.485s] Level 1:colcon.colcon_core.package_identification:_identify(space_robotics_gz_envs/assets/cache/lunar_rock4/meshes) by extensions ['cmake', 'python']
[0.485s] Level 1:colcon.colcon_core.package_identification:_identify(space_robotics_gz_envs/assets/cache/lunar_rock4/meshes) by extension 'cmake'
[0.485s] Level 1:colcon.colcon_core.package_identification:_identify(space_robotics_gz_envs/assets/cache/lunar_rock4/meshes) by extension 'python'
[0.485s] Level 1:colcon.colcon_core.package_identification:_identify(space_robotics_gz_envs/assets/cache/lunar_rock4/meshes) by extensions ['python_setup_py']
[0.485s] Level 1:colcon.colcon_core.package_identification:_identify(space_robotics_gz_envs/assets/cache/lunar_rock4/meshes) by extension 'python_setup_py'
[0.485s] Level 1:colcon.colcon_core.package_identification:_identify(space_robotics_gz_envs/assets/cache/lunar_rock4/thumbnails) by extensions ['ignore', 'ignore_ament_install']
[0.485s] Level 1:colcon.colcon_core.package_identification:_identify(space_robotics_gz_envs/assets/cache/lunar_rock4/thumbnails) by extension 'ignore'
[0.485s] Level 1:colcon.colcon_core.package_identification:_identify(space_robotics_gz_envs/assets/cache/lunar_rock4/thumbnails) by extension 'ignore_ament_install'
[0.486s] Level 1:colcon.colcon_core.package_identification:_identify(space_robotics_gz_envs/assets/cache/lunar_rock4/thumbnails) by extensions ['colcon_pkg']
[0.486s] Level 1:colcon.colcon_core.package_identification:_identify(space_robotics_gz_envs/assets/cache/lunar_rock4/thumbnails) by extension 'colcon_pkg'
[0.486s] Level 1:colcon.colcon_core.package_identification:_identify(space_robotics_gz_envs/assets/cache/lunar_rock4/thumbnails) by extensions ['colcon_meta']
[0.486s] Level 1:colcon.colcon_core.package_identification:_identify(space_robotics_gz_envs/assets/cache/lunar_rock4/thumbnails) by extension 'colcon_meta'
[0.486s] Level 1:colcon.colcon_core.package_identification:_identify(space_robotics_gz_envs/assets/cache/lunar_rock4/thumbnails) by extensions ['ros']
[0.486s] Level 1:colcon.colcon_core.package_identification:_identify(space_robotics_gz_envs/assets/cache/lunar_rock4/thumbnails) by extension 'ros'
[0.486s] Level 1:colcon.colcon_core.package_identification:_identify(space_robotics_gz_envs/assets/cache/lunar_rock4/thumbnails) by extensions ['cmake', 'python']
[0.487s] Level 1:colcon.colcon_core.package_identification:_identify(space_robotics_gz_envs/assets/cache/lunar_rock4/thumbnails) by extension 'cmake'
[0.488s] Level 1:colcon.colcon_core.package_identification:_identify(space_robotics_gz_envs/assets/cache/lunar_rock4/thumbnails) by extension 'python'
[0.488s] Level 1:colcon.colcon_core.package_identification:_identify(space_robotics_gz_envs/assets/cache/lunar_rock4/thumbnails) by extensions ['python_setup_py']
[0.488s] Level 1:colcon.colcon_core.package_identification:_identify(space_robotics_gz_envs/assets/cache/lunar_rock4/thumbnails) by extension 'python_setup_py'
[0.488s] Level 1:colcon.colcon_core.package_identification:_identify(space_robotics_gz_envs/assets/cache/lunar_rock5) by extensions ['ignore', 'ignore_ament_install']
[0.489s] Level 1:colcon.colcon_core.package_identification:_identify(space_robotics_gz_envs/assets/cache/lunar_rock5) by extension 'ignore'
[0.490s] Level 1:colcon.colcon_core.package_identification:_identify(space_robotics_gz_envs/assets/cache/lunar_rock5) by extension 'ignore_ament_install'
[0.490s] Level 1:colcon.colcon_core.package_identification:_identify(space_robotics_gz_envs/assets/cache/lunar_rock5) by extensions ['colcon_pkg']
[0.490s] Level 1:colcon.colcon_core.package_identification:_identify(space_robotics_gz_envs/assets/cache/lunar_rock5) by extension 'colcon_pkg'
[0.490s] Level 1:colcon.colcon_core.package_identification:_identify(space_robotics_gz_envs/assets/cache/lunar_rock5) by extensions ['colcon_meta']
[0.490s] Level 1:colcon.colcon_core.package_identification:_identify(space_robotics_gz_envs/assets/cache/lunar_rock5) by extension 'colcon_meta'
[0.490s] Level 1:colcon.colcon_core.package_identification:_identify(space_robotics_gz_envs/assets/cache/lunar_rock5) by extensions ['ros']
[0.490s] Level 1:colcon.colcon_core.package_identification:_identify(space_robotics_gz_envs/assets/cache/lunar_rock5) by extension 'ros'
[0.490s] Level 1:colcon.colcon_core.package_identification:_identify(space_robotics_gz_envs/assets/cache/lunar_rock5) by extensions ['cmake', 'python']
[0.490s] Level 1:colcon.colcon_core.package_identification:_identify(space_robotics_gz_envs/assets/cache/lunar_rock5) by extension 'cmake'
[0.490s] Level 1:colcon.colcon_core.package_identification:_identify(space_robotics_gz_envs/assets/cache/lunar_rock5) by extension 'python'
[0.490s] Level 1:colcon.colcon_core.package_identification:_identify(space_robotics_gz_envs/assets/cache/lunar_rock5) by extensions ['python_setup_py']
[0.490s] Level 1:colcon.colcon_core.package_identification:_identify(space_robotics_gz_envs/assets/cache/lunar_rock5) by extension 'python_setup_py'
[0.490s] Level 1:colcon.colcon_core.package_identification:_identify(space_robotics_gz_envs/assets/cache/lunar_rock5/meshes) by extensions ['ignore', 'ignore_ament_install']
[0.490s] Level 1:colcon.colcon_core.package_identification:_identify(space_robotics_gz_envs/assets/cache/lunar_rock5/meshes) by extension 'ignore'
[0.490s] Level 1:colcon.colcon_core.package_identification:_identify(space_robotics_gz_envs/assets/cache/lunar_rock5/meshes) by extension 'ignore_ament_install'
[0.490s] Level 1:colcon.colcon_core.package_identification:_identify(space_robotics_gz_envs/assets/cache/lunar_rock5/meshes) by extensions ['colcon_pkg']
[0.490s] Level 1:colcon.colcon_core.package_identification:_identify(space_robotics_gz_envs/assets/cache/lunar_rock5/meshes) by extension 'colcon_pkg'
[0.490s] Level 1:colcon.colcon_core.package_identification:_identify(space_robotics_gz_envs/assets/cache/lunar_rock5/meshes) by extensions ['colcon_meta']
[0.491s] Level 1:colcon.colcon_core.package_identification:_identify(space_robotics_gz_envs/assets/cache/lunar_rock5/meshes) by extension 'colcon_meta'
[0.491s] Level 1:colcon.colcon_core.package_identification:_identify(space_robotics_gz_envs/assets/cache/lunar_rock5/meshes) by extensions ['ros']
[0.491s] Level 1:colcon.colcon_core.package_identification:_identify(space_robotics_gz_envs/assets/cache/lunar_rock5/meshes) by extension 'ros'
[0.491s] Level 1:colcon.colcon_core.package_identification:_identify(space_robotics_gz_envs/assets/cache/lunar_rock5/meshes) by extensions ['cmake', 'python']
[0.491s] Level 1:colcon.colcon_core.package_identification:_identify(space_robotics_gz_envs/assets/cache/lunar_rock5/meshes) by extension 'cmake'
[0.491s] Level 1:colcon.colcon_core.package_identification:_identify(space_robotics_gz_envs/assets/cache/lunar_rock5/meshes) by extension 'python'
[0.491s] Level 1:colcon.colcon_core.package_identification:_identify(space_robotics_gz_envs/assets/cache/lunar_rock5/meshes) by extensions ['python_setup_py']
[0.491s] Level 1:colcon.colcon_core.package_identification:_identify(space_robotics_gz_envs/assets/cache/lunar_rock5/meshes) by extension 'python_setup_py'
[0.491s] Level 1:colcon.colcon_core.package_identification:_identify(space_robotics_gz_envs/assets/cache/lunar_rock5/thumbnails) by extensions ['ignore', 'ignore_ament_install']
[0.491s] Level 1:colcon.colcon_core.package_identification:_identify(space_robotics_gz_envs/assets/cache/lunar_rock5/thumbnails) by extension 'ignore'
[0.491s] Level 1:colcon.colcon_core.package_identification:_identify(space_robotics_gz_envs/assets/cache/lunar_rock5/thumbnails) by extension 'ignore_ament_install'
[0.491s] Level 1:colcon.colcon_core.package_identification:_identify(space_robotics_gz_envs/assets/cache/lunar_rock5/thumbnails) by extensions ['colcon_pkg']
[0.491s] Level 1:colcon.colcon_core.package_identification:_identify(space_robotics_gz_envs/assets/cache/lunar_rock5/thumbnails) by extension 'colcon_pkg'
[0.491s] Level 1:colcon.colcon_core.package_identification:_identify(space_robotics_gz_envs/assets/cache/lunar_rock5/thumbnails) by extensions ['colcon_meta']
[0.491s] Level 1:colcon.colcon_core.package_identification:_identify(space_robotics_gz_envs/assets/cache/lunar_rock5/thumbnails) by extension 'colcon_meta'
[0.493s] Level 1:colcon.colcon_core.package_identification:_identify(space_robotics_gz_envs/assets/cache/lunar_rock5/thumbnails) by extensions ['ros']
[0.493s] Level 1:colcon.colcon_core.package_identification:_identify(space_robotics_gz_envs/assets/cache/lunar_rock5/thumbnails) by extension 'ros'
[0.493s] Level 1:colcon.colcon_core.package_identification:_identify(space_robotics_gz_envs/assets/cache/lunar_rock5/thumbnails) by extensions ['cmake', 'python']
[0.493s] Level 1:colcon.colcon_core.package_identification:_identify(space_robotics_gz_envs/assets/cache/lunar_rock5/thumbnails) by extension 'cmake'
[0.493s] Level 1:colcon.colcon_core.package_identification:_identify(space_robotics_gz_envs/assets/cache/lunar_rock5/thumbnails) by extension 'python'
[0.493s] Level 1:colcon.colcon_core.package_identification:_identify(space_robotics_gz_envs/assets/cache/lunar_rock5/thumbnails) by extensions ['python_setup_py']
[0.493s] Level 1:colcon.colcon_core.package_identification:_identify(space_robotics_gz_envs/assets/cache/lunar_rock5/thumbnails) by extension 'python_setup_py'
[0.494s] Level 1:colcon.colcon_core.package_identification:_identify(space_robotics_gz_envs/assets/cache/lunar_rock6) by extensions ['ignore', 'ignore_ament_install']
[0.494s] Level 1:colcon.colcon_core.package_identification:_identify(space_robotics_gz_envs/assets/cache/lunar_rock6) by extension 'ignore'
[0.494s] Level 1:colcon.colcon_core.package_identification:_identify(space_robotics_gz_envs/assets/cache/lunar_rock6) by extension 'ignore_ament_install'
[0.494s] Level 1:colcon.colcon_core.package_identification:_identify(space_robotics_gz_envs/assets/cache/lunar_rock6) by extensions ['colcon_pkg']
[0.494s] Level 1:colcon.colcon_core.package_identification:_identify(space_robotics_gz_envs/assets/cache/lunar_rock6) by extension 'colcon_pkg'
[0.494s] Level 1:colcon.colcon_core.package_identification:_identify(space_robotics_gz_envs/assets/cache/lunar_rock6) by extensions ['colcon_meta']
[0.494s] Level 1:colcon.colcon_core.package_identification:_identify(space_robotics_gz_envs/assets/cache/lunar_rock6) by extension 'colcon_meta'
[0.494s] Level 1:colcon.colcon_core.package_identification:_identify(space_robotics_gz_envs/assets/cache/lunar_rock6) by extensions ['ros']
[0.494s] Level 1:colcon.colcon_core.package_identification:_identify(space_robotics_gz_envs/assets/cache/lunar_rock6) by extension 'ros'
[0.494s] Level 1:colcon.colcon_core.package_identification:_identify(space_robotics_gz_envs/assets/cache/lunar_rock6) by extensions ['cmake', 'python']
[0.494s] Level 1:colcon.colcon_core.package_identification:_identify(space_robotics_gz_envs/assets/cache/lunar_rock6) by extension 'cmake'
[0.494s] Level 1:colcon.colcon_core.package_identification:_identify(space_robotics_gz_envs/assets/cache/lunar_rock6) by extension 'python'
[0.494s] Level 1:colcon.colcon_core.package_identification:_identify(space_robotics_gz_envs/assets/cache/lunar_rock6) by extensions ['python_setup_py']
[0.494s] Level 1:colcon.colcon_core.package_identification:_identify(space_robotics_gz_envs/assets/cache/lunar_rock6) by extension 'python_setup_py'
[0.495s] Level 1:colcon.colcon_core.package_identification:_identify(space_robotics_gz_envs/assets/cache/lunar_rock6/meshes) by extensions ['ignore', 'ignore_ament_install']
[0.495s] Level 1:colcon.colcon_core.package_identification:_identify(space_robotics_gz_envs/assets/cache/lunar_rock6/meshes) by extension 'ignore'
[0.495s] Level 1:colcon.colcon_core.package_identification:_identify(space_robotics_gz_envs/assets/cache/lunar_rock6/meshes) by extension 'ignore_ament_install'
[0.495s] Level 1:colcon.colcon_core.package_identification:_identify(space_robotics_gz_envs/assets/cache/lunar_rock6/meshes) by extensions ['colcon_pkg']
[0.495s] Level 1:colcon.colcon_core.package_identification:_identify(space_robotics_gz_envs/assets/cache/lunar_rock6/meshes) by extension 'colcon_pkg'
[0.495s] Level 1:colcon.colcon_core.package_identification:_identify(space_robotics_gz_envs/assets/cache/lunar_rock6/meshes) by extensions ['colcon_meta']
[0.495s] Level 1:colcon.colcon_core.package_identification:_identify(space_robotics_gz_envs/assets/cache/lunar_rock6/meshes) by extension 'colcon_meta'
[0.495s] Level 1:colcon.colcon_core.package_identification:_identify(space_robotics_gz_envs/assets/cache/lunar_rock6/meshes) by extensions ['ros']
[0.495s] Level 1:colcon.colcon_core.package_identification:_identify(space_robotics_gz_envs/assets/cache/lunar_rock6/meshes) by extension 'ros'
[0.497s] Level 1:colcon.colcon_core.package_identification:_identify(space_robotics_gz_envs/assets/cache/lunar_rock6/meshes) by extensions ['cmake', 'python']
[0.498s] Level 1:colcon.colcon_core.package_identification:_identify(space_robotics_gz_envs/assets/cache/lunar_rock6/meshes) by extension 'cmake'
[0.498s] Level 1:colcon.colcon_core.package_identification:_identify(space_robotics_gz_envs/assets/cache/lunar_rock6/meshes) by extension 'python'
[0.498s] Level 1:colcon.colcon_core.package_identification:_identify(space_robotics_gz_envs/assets/cache/lunar_rock6/meshes) by extensions ['python_setup_py']
[0.498s] Level 1:colcon.colcon_core.package_identification:_identify(space_robotics_gz_envs/assets/cache/lunar_rock6/meshes) by extension 'python_setup_py'
[0.498s] Level 1:colcon.colcon_core.package_identification:_identify(space_robotics_gz_envs/assets/cache/lunar_rock6/thumbnails) by extensions ['ignore', 'ignore_ament_install']
[0.498s] Level 1:colcon.colcon_core.package_identification:_identify(space_robotics_gz_envs/assets/cache/lunar_rock6/thumbnails) by extension 'ignore'
[0.498s] Level 1:colcon.colcon_core.package_identification:_identify(space_robotics_gz_envs/assets/cache/lunar_rock6/thumbnails) by extension 'ignore_ament_install'
[0.498s] Level 1:colcon.colcon_core.package_identification:_identify(space_robotics_gz_envs/assets/cache/lunar_rock6/thumbnails) by extensions ['colcon_pkg']
[0.498s] Level 1:colcon.colcon_core.package_identification:_identify(space_robotics_gz_envs/assets/cache/lunar_rock6/thumbnails) by extension 'colcon_pkg'
[0.498s] Level 1:colcon.colcon_core.package_identification:_identify(space_robotics_gz_envs/assets/cache/lunar_rock6/thumbnails) by extensions ['colcon_meta']
[0.499s] Level 1:colcon.colcon_core.package_identification:_identify(space_robotics_gz_envs/assets/cache/lunar_rock6/thumbnails) by extension 'colcon_meta'
[0.499s] Level 1:colcon.colcon_core.package_identification:_identify(space_robotics_gz_envs/assets/cache/lunar_rock6/thumbnails) by extensions ['ros']
[0.500s] Level 1:colcon.colcon_core.package_identification:_identify(space_robotics_gz_envs/assets/cache/lunar_rock6/thumbnails) by extension 'ros'
[0.500s] Level 1:colcon.colcon_core.package_identification:_identify(space_robotics_gz_envs/assets/cache/lunar_rock6/thumbnails) by extensions ['cmake', 'python']
[0.500s] Level 1:colcon.colcon_core.package_identification:_identify(space_robotics_gz_envs/assets/cache/lunar_rock6/thumbnails) by extension 'cmake'
[0.500s] Level 1:colcon.colcon_core.package_identification:_identify(space_robotics_gz_envs/assets/cache/lunar_rock6/thumbnails) by extension 'python'
[0.500s] Level 1:colcon.colcon_core.package_identification:_identify(space_robotics_gz_envs/assets/cache/lunar_rock6/thumbnails) by extensions ['python_setup_py']
[0.500s] Level 1:colcon.colcon_core.package_identification:_identify(space_robotics_gz_envs/assets/cache/lunar_rock6/thumbnails) by extension 'python_setup_py'
[0.500s] Level 1:colcon.colcon_core.package_identification:_identify(space_robotics_gz_envs/assets/cache/lunar_rock7) by extensions ['ignore', 'ignore_ament_install']
[0.500s] Level 1:colcon.colcon_core.package_identification:_identify(space_robotics_gz_envs/assets/cache/lunar_rock7) by extension 'ignore'
[0.501s] Level 1:colcon.colcon_core.package_identification:_identify(space_robotics_gz_envs/assets/cache/lunar_rock7) by extension 'ignore_ament_install'
[0.502s] Level 1:colcon.colcon_core.package_identification:_identify(space_robotics_gz_envs/assets/cache/lunar_rock7) by extensions ['colcon_pkg']
[0.502s] Level 1:colcon.colcon_core.package_identification:_identify(space_robotics_gz_envs/assets/cache/lunar_rock7) by extension 'colcon_pkg'
[0.503s] Level 1:colcon.colcon_core.package_identification:_identify(space_robotics_gz_envs/assets/cache/lunar_rock7) by extensions ['colcon_meta']
[0.503s] Level 1:colcon.colcon_core.package_identification:_identify(space_robotics_gz_envs/assets/cache/lunar_rock7) by extension 'colcon_meta'
[0.503s] Level 1:colcon.colcon_core.package_identification:_identify(space_robotics_gz_envs/assets/cache/lunar_rock7) by extensions ['ros']
[0.503s] Level 1:colcon.colcon_core.package_identification:_identify(space_robotics_gz_envs/assets/cache/lunar_rock7) by extension 'ros'
[0.503s] Level 1:colcon.colcon_core.package_identification:_identify(space_robotics_gz_envs/assets/cache/lunar_rock7) by extensions ['cmake', 'python']
[0.503s] Level 1:colcon.colcon_core.package_identification:_identify(space_robotics_gz_envs/assets/cache/lunar_rock7) by extension 'cmake'
[0.503s] Level 1:colcon.colcon_core.package_identification:_identify(space_robotics_gz_envs/assets/cache/lunar_rock7) by extension 'python'
[0.503s] Level 1:colcon.colcon_core.package_identification:_identify(space_robotics_gz_envs/assets/cache/lunar_rock7) by extensions ['python_setup_py']
[0.503s] Level 1:colcon.colcon_core.package_identification:_identify(space_robotics_gz_envs/assets/cache/lunar_rock7) by extension 'python_setup_py'
[0.503s] Level 1:colcon.colcon_core.package_identification:_identify(space_robotics_gz_envs/assets/cache/lunar_rock7/meshes) by extensions ['ignore', 'ignore_ament_install']
[0.503s] Level 1:colcon.colcon_core.package_identification:_identify(space_robotics_gz_envs/assets/cache/lunar_rock7/meshes) by extension 'ignore'
[0.503s] Level 1:colcon.colcon_core.package_identification:_identify(space_robotics_gz_envs/assets/cache/lunar_rock7/meshes) by extension 'ignore_ament_install'
[0.503s] Level 1:colcon.colcon_core.package_identification:_identify(space_robotics_gz_envs/assets/cache/lunar_rock7/meshes) by extensions ['colcon_pkg']
[0.503s] Level 1:colcon.colcon_core.package_identification:_identify(space_robotics_gz_envs/assets/cache/lunar_rock7/meshes) by extension 'colcon_pkg'
[0.503s] Level 1:colcon.colcon_core.package_identification:_identify(space_robotics_gz_envs/assets/cache/lunar_rock7/meshes) by extensions ['colcon_meta']
[0.503s] Level 1:colcon.colcon_core.package_identification:_identify(space_robotics_gz_envs/assets/cache/lunar_rock7/meshes) by extension 'colcon_meta'
[0.504s] Level 1:colcon.colcon_core.package_identification:_identify(space_robotics_gz_envs/assets/cache/lunar_rock7/meshes) by extensions ['ros']
[0.504s] Level 1:colcon.colcon_core.package_identification:_identify(space_robotics_gz_envs/assets/cache/lunar_rock7/meshes) by extension 'ros'
[0.504s] Level 1:colcon.colcon_core.package_identification:_identify(space_robotics_gz_envs/assets/cache/lunar_rock7/meshes) by extensions ['cmake', 'python']
[0.504s] Level 1:colcon.colcon_core.package_identification:_identify(space_robotics_gz_envs/assets/cache/lunar_rock7/meshes) by extension 'cmake'
[0.504s] Level 1:colcon.colcon_core.package_identification:_identify(space_robotics_gz_envs/assets/cache/lunar_rock7/meshes) by extension 'python'
[0.504s] Level 1:colcon.colcon_core.package_identification:_identify(space_robotics_gz_envs/assets/cache/lunar_rock7/meshes) by extensions ['python_setup_py']
[0.504s] Level 1:colcon.colcon_core.package_identification:_identify(space_robotics_gz_envs/assets/cache/lunar_rock7/meshes) by extension 'python_setup_py'
[0.504s] Level 1:colcon.colcon_core.package_identification:_identify(space_robotics_gz_envs/assets/cache/lunar_rock7/thumbnails) by extensions ['ignore', 'ignore_ament_install']
[0.504s] Level 1:colcon.colcon_core.package_identification:_identify(space_robotics_gz_envs/assets/cache/lunar_rock7/thumbnails) by extension 'ignore'
[0.505s] Level 1:colcon.colcon_core.package_identification:_identify(space_robotics_gz_envs/assets/cache/lunar_rock7/thumbnails) by extension 'ignore_ament_install'
[0.510s] Level 1:colcon.colcon_core.package_identification:_identify(space_robotics_gz_envs/assets/cache/lunar_rock7/thumbnails) by extensions ['colcon_pkg']
[0.510s] Level 1:colcon.colcon_core.package_identification:_identify(space_robotics_gz_envs/assets/cache/lunar_rock7/thumbnails) by extension 'colcon_pkg'
[0.511s] Level 1:colcon.colcon_core.package_identification:_identify(space_robotics_gz_envs/assets/cache/lunar_rock7/thumbnails) by extensions ['colcon_meta']
[0.512s] Level 1:colcon.colcon_core.package_identification:_identify(space_robotics_gz_envs/assets/cache/lunar_rock7/thumbnails) by extension 'colcon_meta'
[0.512s] Level 1:colcon.colcon_core.package_identification:_identify(space_robotics_gz_envs/assets/cache/lunar_rock7/thumbnails) by extensions ['ros']
[0.512s] Level 1:colcon.colcon_core.package_identification:_identify(space_robotics_gz_envs/assets/cache/lunar_rock7/thumbnails) by extension 'ros'
[0.514s] Level 1:colcon.colcon_core.package_identification:_identify(space_robotics_gz_envs/assets/cache/lunar_rock7/thumbnails) by extensions ['cmake', 'python']
[0.514s] Level 1:colcon.colcon_core.package_identification:_identify(space_robotics_gz_envs/assets/cache/lunar_rock7/thumbnails) by extension 'cmake'
[0.514s] Level 1:colcon.colcon_core.package_identification:_identify(space_robotics_gz_envs/assets/cache/lunar_rock7/thumbnails) by extension 'python'
[0.514s] Level 1:colcon.colcon_core.package_identification:_identify(space_robotics_gz_envs/assets/cache/lunar_rock7/thumbnails) by extensions ['python_setup_py']
[0.515s] Level 1:colcon.colcon_core.package_identification:_identify(space_robotics_gz_envs/assets/cache/lunar_rock7/thumbnails) by extension 'python_setup_py'
[0.515s] Level 1:colcon.colcon_core.package_identification:_identify(space_robotics_gz_envs/assets/srb_assets) by extensions ['ignore', 'ignore_ament_install']
[0.515s] Level 1:colcon.colcon_core.package_identification:_identify(space_robotics_gz_envs/assets/srb_assets) by extension 'ignore'
[0.515s] Level 1:colcon.colcon_core.package_identification:_identify(space_robotics_gz_envs/assets/srb_assets) by extension 'ignore_ament_install'
[0.515s] Level 1:colcon.colcon_core.package_identification:_identify(space_robotics_gz_envs/assets/srb_assets) by extensions ['colcon_pkg']
[0.515s] Level 1:colcon.colcon_core.package_identification:_identify(space_robotics_gz_envs/assets/srb_assets) by extension 'colcon_pkg'
[0.515s] Level 1:colcon.colcon_core.package_identification:_identify(space_robotics_gz_envs/assets/srb_assets) by extensions ['colcon_meta']
[0.515s] Level 1:colcon.colcon_core.package_identification:_identify(space_robotics_gz_envs/assets/srb_assets) by extension 'colcon_meta'
[0.515s] Level 1:colcon.colcon_core.package_identification:_identify(space_robotics_gz_envs/assets/srb_assets) by extensions ['ros']
[0.515s] Level 1:colcon.colcon_core.package_identification:_identify(space_robotics_gz_envs/assets/srb_assets) by extension 'ros'
[0.515s] Level 1:colcon.colcon_core.package_identification:_identify(space_robotics_gz_envs/assets/srb_assets) by extensions ['cmake', 'python']
[0.517s] Level 1:colcon.colcon_core.package_identification:_identify(space_robotics_gz_envs/assets/srb_assets) by extension 'cmake'
[0.517s] Level 1:colcon.colcon_core.package_identification:_identify(space_robotics_gz_envs/assets/srb_assets) by extension 'python'
[0.517s] Level 1:colcon.colcon_core.package_identification:_identify(space_robotics_gz_envs/assets/srb_assets) by extensions ['python_setup_py']
[0.517s] Level 1:colcon.colcon_core.package_identification:_identify(space_robotics_gz_envs/assets/srb_assets) by extension 'python_setup_py'
[0.517s] Level 1:colcon.colcon_core.package_identification:_identify(space_robotics_gz_envs/assets/srb_assets/hdri) by extensions ['ignore', 'ignore_ament_install']
[0.517s] Level 1:colcon.colcon_core.package_identification:_identify(space_robotics_gz_envs/assets/srb_assets/hdri) by extension 'ignore'
[0.517s] Level 1:colcon.colcon_core.package_identification:_identify(space_robotics_gz_envs/assets/srb_assets/hdri) by extension 'ignore_ament_install'
[0.517s] Level 1:colcon.colcon_core.package_identification:_identify(space_robotics_gz_envs/assets/srb_assets/hdri) by extensions ['colcon_pkg']
[0.517s] Level 1:colcon.colcon_core.package_identification:_identify(space_robotics_gz_envs/assets/srb_assets/hdri) by extension 'colcon_pkg'
[0.517s] Level 1:colcon.colcon_core.package_identification:_identify(space_robotics_gz_envs/assets/srb_assets/hdri) by extensions ['colcon_meta']
[0.517s] Level 1:colcon.colcon_core.package_identification:_identify(space_robotics_gz_envs/assets/srb_assets/hdri) by extension 'colcon_meta'
[0.518s] Level 1:colcon.colcon_core.package_identification:_identify(space_robotics_gz_envs/assets/srb_assets/hdri) by extensions ['ros']
[0.518s] Level 1:colcon.colcon_core.package_identification:_identify(space_robotics_gz_envs/assets/srb_assets/hdri) by extension 'ros'
[0.518s] Level 1:colcon.colcon_core.package_identification:_identify(space_robotics_gz_envs/assets/srb_assets/hdri) by extensions ['cmake', 'python']
[0.518s] Level 1:colcon.colcon_core.package_identification:_identify(space_robotics_gz_envs/assets/srb_assets/hdri) by extension 'cmake'
[0.518s] Level 1:colcon.colcon_core.package_identification:_identify(space_robotics_gz_envs/assets/srb_assets/hdri) by extension 'python'
[0.518s] Level 1:colcon.colcon_core.package_identification:_identify(space_robotics_gz_envs/assets/srb_assets/hdri) by extensions ['python_setup_py']
[0.518s] Level 1:colcon.colcon_core.package_identification:_identify(space_robotics_gz_envs/assets/srb_assets/hdri) by extension 'python_setup_py'
[0.518s] Level 1:colcon.colcon_core.package_identification:_identify(space_robotics_gz_envs/assets/srb_assets/model) by extensions ['ignore', 'ignore_ament_install']
[0.518s] Level 1:colcon.colcon_core.package_identification:_identify(space_robotics_gz_envs/assets/srb_assets/model) by extension 'ignore'
[0.519s] Level 1:colcon.colcon_core.package_identification:_identify(space_robotics_gz_envs/assets/srb_assets/model) by extension 'ignore_ament_install'
[0.519s] Level 1:colcon.colcon_core.package_identification:_identify(space_robotics_gz_envs/assets/srb_assets/model) by extensions ['colcon_pkg']
[0.519s] Level 1:colcon.colcon_core.package_identification:_identify(space_robotics_gz_envs/assets/srb_assets/model) by extension 'colcon_pkg'
[0.519s] Level 1:colcon.colcon_core.package_identification:_identify(space_robotics_gz_envs/assets/srb_assets/model) by extensions ['colcon_meta']
[0.519s] Level 1:colcon.colcon_core.package_identification:_identify(space_robotics_gz_envs/assets/srb_assets/model) by extension 'colcon_meta'
[0.520s] Level 1:colcon.colcon_core.package_identification:_identify(space_robotics_gz_envs/assets/srb_assets/model) by extensions ['ros']
[0.520s] Level 1:colcon.colcon_core.package_identification:_identify(space_robotics_gz_envs/assets/srb_assets/model) by extension 'ros'
[0.520s] Level 1:colcon.colcon_core.package_identification:_identify(space_robotics_gz_envs/assets/srb_assets/model) by extensions ['cmake', 'python']
[0.520s] Level 1:colcon.colcon_core.package_identification:_identify(space_robotics_gz_envs/assets/srb_assets/model) by extension 'cmake'
[0.520s] Level 1:colcon.colcon_core.package_identification:_identify(space_robotics_gz_envs/assets/srb_assets/model) by extension 'python'
[0.520s] Level 1:colcon.colcon_core.package_identification:_identify(space_robotics_gz_envs/assets/srb_assets/model) by extensions ['python_setup_py']
[0.520s] Level 1:colcon.colcon_core.package_identification:_identify(space_robotics_gz_envs/assets/srb_assets/model) by extension 'python_setup_py'
[0.520s] Level 1:colcon.colcon_core.package_identification:_identify(space_robotics_gz_envs/assets/srb_assets/model/object) by extensions ['ignore', 'ignore_ament_install']
[0.520s] Level 1:colcon.colcon_core.package_identification:_identify(space_robotics_gz_envs/assets/srb_assets/model/object) by extension 'ignore'
[0.520s] Level 1:colcon.colcon_core.package_identification:_identify(space_robotics_gz_envs/assets/srb_assets/model/object) by extension 'ignore_ament_install'
[0.520s] Level 1:colcon.colcon_core.package_identification:_identify(space_robotics_gz_envs/assets/srb_assets/model/object) by extensions ['colcon_pkg']
[0.520s] Level 1:colcon.colcon_core.package_identification:_identify(space_robotics_gz_envs/assets/srb_assets/model/object) by extension 'colcon_pkg'
[0.520s] Level 1:colcon.colcon_core.package_identification:_identify(space_robotics_gz_envs/assets/srb_assets/model/object) by extensions ['colcon_meta']
[0.521s] Level 1:colcon.colcon_core.package_identification:_identify(space_robotics_gz_envs/assets/srb_assets/model/object) by extension 'colcon_meta'
[0.521s] Level 1:colcon.colcon_core.package_identification:_identify(space_robotics_gz_envs/assets/srb_assets/model/object) by extensions ['ros']
[0.521s] Level 1:colcon.colcon_core.package_identification:_identify(space_robotics_gz_envs/assets/srb_assets/model/object) by extension 'ros'
[0.521s] Level 1:colcon.colcon_core.package_identification:_identify(space_robotics_gz_envs/assets/srb_assets/model/object) by extensions ['cmake', 'python']
[0.521s] Level 1:colcon.colcon_core.package_identification:_identify(space_robotics_gz_envs/assets/srb_assets/model/object) by extension 'cmake'
[0.521s] Level 1:colcon.colcon_core.package_identification:_identify(space_robotics_gz_envs/assets/srb_assets/model/object) by extension 'python'
[0.521s] Level 1:colcon.colcon_core.package_identification:_identify(space_robotics_gz_envs/assets/srb_assets/model/object) by extensions ['python_setup_py']
[0.521s] Level 1:colcon.colcon_core.package_identification:_identify(space_robotics_gz_envs/assets/srb_assets/model/object) by extension 'python_setup_py'
[0.521s] Level 1:colcon.colcon_core.package_identification:_identify(space_robotics_gz_envs/assets/srb_assets/model/object/lunar_rock_procgen) by extensions ['ignore', 'ignore_ament_install']
[0.521s] Level 1:colcon.colcon_core.package_identification:_identify(space_robotics_gz_envs/assets/srb_assets/model/object/lunar_rock_procgen) by extension 'ignore'
[0.521s] Level 1:colcon.colcon_core.package_identification:_identify(space_robotics_gz_envs/assets/srb_assets/model/object/lunar_rock_procgen) by extension 'ignore_ament_install'
[0.521s] Level 1:colcon.colcon_core.package_identification:_identify(space_robotics_gz_envs/assets/srb_assets/model/object/lunar_rock_procgen) by extensions ['colcon_pkg']
[0.522s] Level 1:colcon.colcon_core.package_identification:_identify(space_robotics_gz_envs/assets/srb_assets/model/object/lunar_rock_procgen) by extension 'colcon_pkg'
[0.522s] Level 1:colcon.colcon_core.package_identification:_identify(space_robotics_gz_envs/assets/srb_assets/model/object/lunar_rock_procgen) by extensions ['colcon_meta']
[0.522s] Level 1:colcon.colcon_core.package_identification:_identify(space_robotics_gz_envs/assets/srb_assets/model/object/lunar_rock_procgen) by extension 'colcon_meta'
[0.522s] Level 1:colcon.colcon_core.package_identification:_identify(space_robotics_gz_envs/assets/srb_assets/model/object/lunar_rock_procgen) by extensions ['ros']
[0.522s] Level 1:colcon.colcon_core.package_identification:_identify(space_robotics_gz_envs/assets/srb_assets/model/object/lunar_rock_procgen) by extension 'ros'
[0.522s] Level 1:colcon.colcon_core.package_identification:_identify(space_robotics_gz_envs/assets/srb_assets/model/object/lunar_rock_procgen) by extensions ['cmake', 'python']
[0.522s] Level 1:colcon.colcon_core.package_identification:_identify(space_robotics_gz_envs/assets/srb_assets/model/object/lunar_rock_procgen) by extension 'cmake'
[0.522s] Level 1:colcon.colcon_core.package_identification:_identify(space_robotics_gz_envs/assets/srb_assets/model/object/lunar_rock_procgen) by extension 'python'
[0.522s] Level 1:colcon.colcon_core.package_identification:_identify(space_robotics_gz_envs/assets/srb_assets/model/object/lunar_rock_procgen) by extensions ['python_setup_py']
[0.522s] Level 1:colcon.colcon_core.package_identification:_identify(space_robotics_gz_envs/assets/srb_assets/model/object/lunar_rock_procgen) by extension 'python_setup_py'
[0.522s] Level 1:colcon.colcon_core.package_identification:_identify(space_robotics_gz_envs/assets/srb_assets/model/object/martian_rock_procgen) by extensions ['ignore', 'ignore_ament_install']
[0.522s] Level 1:colcon.colcon_core.package_identification:_identify(space_robotics_gz_envs/assets/srb_assets/model/object/martian_rock_procgen) by extension 'ignore'
[0.522s] Level 1:colcon.colcon_core.package_identification:_identify(space_robotics_gz_envs/assets/srb_assets/model/object/martian_rock_procgen) by extension 'ignore_ament_install'
[0.523s] Level 1:colcon.colcon_core.package_identification:_identify(space_robotics_gz_envs/assets/srb_assets/model/object/martian_rock_procgen) by extensions ['colcon_pkg']
[0.523s] Level 1:colcon.colcon_core.package_identification:_identify(space_robotics_gz_envs/assets/srb_assets/model/object/martian_rock_procgen) by extension 'colcon_pkg'
[0.523s] Level 1:colcon.colcon_core.package_identification:_identify(space_robotics_gz_envs/assets/srb_assets/model/object/martian_rock_procgen) by extensions ['colcon_meta']
[0.523s] Level 1:colcon.colcon_core.package_identification:_identify(space_robotics_gz_envs/assets/srb_assets/model/object/martian_rock_procgen) by extension 'colcon_meta'
[0.523s] Level 1:colcon.colcon_core.package_identification:_identify(space_robotics_gz_envs/assets/srb_assets/model/object/martian_rock_procgen) by extensions ['ros']
[0.523s] Level 1:colcon.colcon_core.package_identification:_identify(space_robotics_gz_envs/assets/srb_assets/model/object/martian_rock_procgen) by extension 'ros'
[0.523s] Level 1:colcon.colcon_core.package_identification:_identify(space_robotics_gz_envs/assets/srb_assets/model/object/martian_rock_procgen) by extensions ['cmake', 'python']
[0.523s] Level 1:colcon.colcon_core.package_identification:_identify(space_robotics_gz_envs/assets/srb_assets/model/object/martian_rock_procgen) by extension 'cmake'
[0.523s] Level 1:colcon.colcon_core.package_identification:_identify(space_robotics_gz_envs/assets/srb_assets/model/object/martian_rock_procgen) by extension 'python'
[0.523s] Level 1:colcon.colcon_core.package_identification:_identify(space_robotics_gz_envs/assets/srb_assets/model/object/martian_rock_procgen) by extensions ['python_setup_py']
[0.523s] Level 1:colcon.colcon_core.package_identification:_identify(space_robotics_gz_envs/assets/srb_assets/model/object/martian_rock_procgen) by extension 'python_setup_py'
[0.523s] Level 1:colcon.colcon_core.package_identification:_identify(space_robotics_gz_envs/assets/srb_assets/model/object/peg_in_hole_procgen) by extensions ['ignore', 'ignore_ament_install']
[0.524s] Level 1:colcon.colcon_core.package_identification:_identify(space_robotics_gz_envs/assets/srb_assets/model/object/peg_in_hole_procgen) by extension 'ignore'
[0.524s] Level 1:colcon.colcon_core.package_identification:_identify(space_robotics_gz_envs/assets/srb_assets/model/object/peg_in_hole_procgen) by extension 'ignore_ament_install'
[0.524s] Level 1:colcon.colcon_core.package_identification:_identify(space_robotics_gz_envs/assets/srb_assets/model/object/peg_in_hole_procgen) by extensions ['colcon_pkg']
[0.524s] Level 1:colcon.colcon_core.package_identification:_identify(space_robotics_gz_envs/assets/srb_assets/model/object/peg_in_hole_procgen) by extension 'colcon_pkg'
[0.524s] Level 1:colcon.colcon_core.package_identification:_identify(space_robotics_gz_envs/assets/srb_assets/model/object/peg_in_hole_procgen) by extensions ['colcon_meta']
[0.524s] Level 1:colcon.colcon_core.package_identification:_identify(space_robotics_gz_envs/assets/srb_assets/model/object/peg_in_hole_procgen) by extension 'colcon_meta'
[0.524s] Level 1:colcon.colcon_core.package_identification:_identify(space_robotics_gz_envs/assets/srb_assets/model/object/peg_in_hole_procgen) by extensions ['ros']
[0.524s] Level 1:colcon.colcon_core.package_identification:_identify(space_robotics_gz_envs/assets/srb_assets/model/object/peg_in_hole_procgen) by extension 'ros'
[0.524s] Level 1:colcon.colcon_core.package_identification:_identify(space_robotics_gz_envs/assets/srb_assets/model/object/peg_in_hole_procgen) by extensions ['cmake', 'python']
[0.524s] Level 1:colcon.colcon_core.package_identification:_identify(space_robotics_gz_envs/assets/srb_assets/model/object/peg_in_hole_procgen) by extension 'cmake'
[0.524s] Level 1:colcon.colcon_core.package_identification:_identify(space_robotics_gz_envs/assets/srb_assets/model/object/peg_in_hole_procgen) by extension 'python'
[0.524s] Level 1:colcon.colcon_core.package_identification:_identify(space_robotics_gz_envs/assets/srb_assets/model/object/peg_in_hole_procgen) by extensions ['python_setup_py']
[0.524s] Level 1:colcon.colcon_core.package_identification:_identify(space_robotics_gz_envs/assets/srb_assets/model/object/peg_in_hole_procgen) by extension 'python_setup_py'
[0.525s] Level 1:colcon.colcon_core.package_identification:_identify(space_robotics_gz_envs/assets/srb_assets/model/object/peg_in_hole_profile) by extensions ['ignore', 'ignore_ament_install']
[0.525s] Level 1:colcon.colcon_core.package_identification:_identify(space_robotics_gz_envs/assets/srb_assets/model/object/peg_in_hole_profile) by extension 'ignore'
[0.525s] Level 1:colcon.colcon_core.package_identification:_identify(space_robotics_gz_envs/assets/srb_assets/model/object/peg_in_hole_profile) by extension 'ignore_ament_install'
[0.525s] Level 1:colcon.colcon_core.package_identification:_identify(space_robotics_gz_envs/assets/srb_assets/model/object/peg_in_hole_profile) by extensions ['colcon_pkg']
[0.525s] Level 1:colcon.colcon_core.package_identification:_identify(space_robotics_gz_envs/assets/srb_assets/model/object/peg_in_hole_profile) by extension 'colcon_pkg'
[0.525s] Level 1:colcon.colcon_core.package_identification:_identify(space_robotics_gz_envs/assets/srb_assets/model/object/peg_in_hole_profile) by extensions ['colcon_meta']
[0.525s] Level 1:colcon.colcon_core.package_identification:_identify(space_robotics_gz_envs/assets/srb_assets/model/object/peg_in_hole_profile) by extension 'colcon_meta'
[0.525s] Level 1:colcon.colcon_core.package_identification:_identify(space_robotics_gz_envs/assets/srb_assets/model/object/peg_in_hole_profile) by extensions ['ros']
[0.525s] Level 1:colcon.colcon_core.package_identification:_identify(space_robotics_gz_envs/assets/srb_assets/model/object/peg_in_hole_profile) by extension 'ros'
[0.525s] Level 1:colcon.colcon_core.package_identification:_identify(space_robotics_gz_envs/assets/srb_assets/model/object/peg_in_hole_profile) by extensions ['cmake', 'python']
[0.525s] Level 1:colcon.colcon_core.package_identification:_identify(space_robotics_gz_envs/assets/srb_assets/model/object/peg_in_hole_profile) by extension 'cmake'
[0.525s] Level 1:colcon.colcon_core.package_identification:_identify(space_robotics_gz_envs/assets/srb_assets/model/object/peg_in_hole_profile) by extension 'python'
[0.525s] Level 1:colcon.colcon_core.package_identification:_identify(space_robotics_gz_envs/assets/srb_assets/model/object/peg_in_hole_profile) by extensions ['python_setup_py']
[0.526s] Level 1:colcon.colcon_core.package_identification:_identify(space_robotics_gz_envs/assets/srb_assets/model/object/peg_in_hole_profile) by extension 'python_setup_py'
[0.526s] Level 1:colcon.colcon_core.package_identification:_identify(space_robotics_gz_envs/assets/srb_assets/model/object/sample_tube) by extensions ['ignore', 'ignore_ament_install']
[0.526s] Level 1:colcon.colcon_core.package_identification:_identify(space_robotics_gz_envs/assets/srb_assets/model/object/sample_tube) by extension 'ignore'
[0.526s] Level 1:colcon.colcon_core.package_identification:_identify(space_robotics_gz_envs/assets/srb_assets/model/object/sample_tube) by extension 'ignore_ament_install'
[0.526s] Level 1:colcon.colcon_core.package_identification:_identify(space_robotics_gz_envs/assets/srb_assets/model/object/sample_tube) by extensions ['colcon_pkg']
[0.526s] Level 1:colcon.colcon_core.package_identification:_identify(space_robotics_gz_envs/assets/srb_assets/model/object/sample_tube) by extension 'colcon_pkg'
[0.526s] Level 1:colcon.colcon_core.package_identification:_identify(space_robotics_gz_envs/assets/srb_assets/model/object/sample_tube) by extensions ['colcon_meta']
[0.526s] Level 1:colcon.colcon_core.package_identification:_identify(space_robotics_gz_envs/assets/srb_assets/model/object/sample_tube) by extension 'colcon_meta'
[0.526s] Level 1:colcon.colcon_core.package_identification:_identify(space_robotics_gz_envs/assets/srb_assets/model/object/sample_tube) by extensions ['ros']
[0.526s] Level 1:colcon.colcon_core.package_identification:_identify(space_robotics_gz_envs/assets/srb_assets/model/object/sample_tube) by extension 'ros'
[0.526s] Level 1:colcon.colcon_core.package_identification:_identify(space_robotics_gz_envs/assets/srb_assets/model/object/sample_tube) by extensions ['cmake', 'python']
[0.526s] Level 1:colcon.colcon_core.package_identification:_identify(space_robotics_gz_envs/assets/srb_assets/model/object/sample_tube) by extension 'cmake'
[0.527s] Level 1:colcon.colcon_core.package_identification:_identify(space_robotics_gz_envs/assets/srb_assets/model/object/sample_tube) by extension 'python'
[0.527s] Level 1:colcon.colcon_core.package_identification:_identify(space_robotics_gz_envs/assets/srb_assets/model/object/sample_tube) by extensions ['python_setup_py']
[0.527s] Level 1:colcon.colcon_core.package_identification:_identify(space_robotics_gz_envs/assets/srb_assets/model/object/sample_tube) by extension 'python_setup_py'
[0.527s] Level 1:colcon.colcon_core.package_identification:_identify(space_robotics_gz_envs/assets/srb_assets/model/object/solar_panel) by extensions ['ignore', 'ignore_ament_install']
[0.527s] Level 1:colcon.colcon_core.package_identification:_identify(space_robotics_gz_envs/assets/srb_assets/model/object/solar_panel) by extension 'ignore'
[0.527s] Level 1:colcon.colcon_core.package_identification:_identify(space_robotics_gz_envs/assets/srb_assets/model/object/solar_panel) by extension 'ignore_ament_install'
[0.527s] Level 1:colcon.colcon_core.package_identification:_identify(space_robotics_gz_envs/assets/srb_assets/model/object/solar_panel) by extensions ['colcon_pkg']
[0.527s] Level 1:colcon.colcon_core.package_identification:_identify(space_robotics_gz_envs/assets/srb_assets/model/object/solar_panel) by extension 'colcon_pkg'
[0.527s] Level 1:colcon.colcon_core.package_identification:_identify(space_robotics_gz_envs/assets/srb_assets/model/object/solar_panel) by extensions ['colcon_meta']
[0.527s] Level 1:colcon.colcon_core.package_identification:_identify(space_robotics_gz_envs/assets/srb_assets/model/object/solar_panel) by extension 'colcon_meta'
[0.527s] Level 1:colcon.colcon_core.package_identification:_identify(space_robotics_gz_envs/assets/srb_assets/model/object/solar_panel) by extensions ['ros']
[0.527s] Level 1:colcon.colcon_core.package_identification:_identify(space_robotics_gz_envs/assets/srb_assets/model/object/solar_panel) by extension 'ros'
[0.527s] Level 1:colcon.colcon_core.package_identification:_identify(space_robotics_gz_envs/assets/srb_assets/model/object/solar_panel) by extensions ['cmake', 'python']
[0.527s] Level 1:colcon.colcon_core.package_identification:_identify(space_robotics_gz_envs/assets/srb_assets/model/object/solar_panel) by extension 'cmake'
[0.527s] Level 1:colcon.colcon_core.package_identification:_identify(space_robotics_gz_envs/assets/srb_assets/model/object/solar_panel) by extension 'python'
[0.527s] Level 1:colcon.colcon_core.package_identification:_identify(space_robotics_gz_envs/assets/srb_assets/model/object/solar_panel) by extensions ['python_setup_py']
[0.527s] Level 1:colcon.colcon_core.package_identification:_identify(space_robotics_gz_envs/assets/srb_assets/model/object/solar_panel) by extension 'python_setup_py'
[0.528s] Level 1:colcon.colcon_core.package_identification:_identify(space_robotics_gz_envs/assets/srb_assets/model/object/solar_panel/textures) by extensions ['ignore', 'ignore_ament_install']
[0.528s] Level 1:colcon.colcon_core.package_identification:_identify(space_robotics_gz_envs/assets/srb_assets/model/object/solar_panel/textures) by extension 'ignore'
[0.528s] Level 1:colcon.colcon_core.package_identification:_identify(space_robotics_gz_envs/assets/srb_assets/model/object/solar_panel/textures) by extension 'ignore_ament_install'
[0.528s] Level 1:colcon.colcon_core.package_identification:_identify(space_robotics_gz_envs/assets/srb_assets/model/object/solar_panel/textures) by extensions ['colcon_pkg']
[0.528s] Level 1:colcon.colcon_core.package_identification:_identify(space_robotics_gz_envs/assets/srb_assets/model/object/solar_panel/textures) by extension 'colcon_pkg'
[0.528s] Level 1:colcon.colcon_core.package_identification:_identify(space_robotics_gz_envs/assets/srb_assets/model/object/solar_panel/textures) by extensions ['colcon_meta']
[0.528s] Level 1:colcon.colcon_core.package_identification:_identify(space_robotics_gz_envs/assets/srb_assets/model/object/solar_panel/textures) by extension 'colcon_meta'
[0.529s] Level 1:colcon.colcon_core.package_identification:_identify(space_robotics_gz_envs/assets/srb_assets/model/object/solar_panel/textures) by extensions ['ros']
[0.529s] Level 1:colcon.colcon_core.package_identification:_identify(space_robotics_gz_envs/assets/srb_assets/model/object/solar_panel/textures) by extension 'ros'
[0.529s] Level 1:colcon.colcon_core.package_identification:_identify(space_robotics_gz_envs/assets/srb_assets/model/object/solar_panel/textures) by extensions ['cmake', 'python']
[0.529s] Level 1:colcon.colcon_core.package_identification:_identify(space_robotics_gz_envs/assets/srb_assets/model/object/solar_panel/textures) by extension 'cmake'
[0.529s] Level 1:colcon.colcon_core.package_identification:_identify(space_robotics_gz_envs/assets/srb_assets/model/object/solar_panel/textures) by extension 'python'
[0.529s] Level 1:colcon.colcon_core.package_identification:_identify(space_robotics_gz_envs/assets/srb_assets/model/object/solar_panel/textures) by extensions ['python_setup_py']
[0.529s] Level 1:colcon.colcon_core.package_identification:_identify(space_robotics_gz_envs/assets/srb_assets/model/object/solar_panel/textures) by extension 'python_setup_py'
[0.529s] Level 1:colcon.colcon_core.package_identification:_identify(space_robotics_gz_envs/assets/srb_assets/model/object/solar_panel_procgen) by extensions ['ignore', 'ignore_ament_install']
[0.529s] Level 1:colcon.colcon_core.package_identification:_identify(space_robotics_gz_envs/assets/srb_assets/model/object/solar_panel_procgen) by extension 'ignore'
[0.529s] Level 1:colcon.colcon_core.package_identification:_identify(space_robotics_gz_envs/assets/srb_assets/model/object/solar_panel_procgen) by extension 'ignore_ament_install'
[0.529s] Level 1:colcon.colcon_core.package_identification:_identify(space_robotics_gz_envs/assets/srb_assets/model/object/solar_panel_procgen) by extensions ['colcon_pkg']
[0.529s] Level 1:colcon.colcon_core.package_identification:_identify(space_robotics_gz_envs/assets/srb_assets/model/object/solar_panel_procgen) by extension 'colcon_pkg'
[0.530s] Level 1:colcon.colcon_core.package_identification:_identify(space_robotics_gz_envs/assets/srb_assets/model/object/solar_panel_procgen) by extensions ['colcon_meta']
[0.530s] Level 1:colcon.colcon_core.package_identification:_identify(space_robotics_gz_envs/assets/srb_assets/model/object/solar_panel_procgen) by extension 'colcon_meta'
[0.530s] Level 1:colcon.colcon_core.package_identification:_identify(space_robotics_gz_envs/assets/srb_assets/model/object/solar_panel_procgen) by extensions ['ros']
[0.530s] Level 1:colcon.colcon_core.package_identification:_identify(space_robotics_gz_envs/assets/srb_assets/model/object/solar_panel_procgen) by extension 'ros'
[0.530s] Level 1:colcon.colcon_core.package_identification:_identify(space_robotics_gz_envs/assets/srb_assets/model/object/solar_panel_procgen) by extensions ['cmake', 'python']
[0.530s] Level 1:colcon.colcon_core.package_identification:_identify(space_robotics_gz_envs/assets/srb_assets/model/object/solar_panel_procgen) by extension 'cmake'
[0.530s] Level 1:colcon.colcon_core.package_identification:_identify(space_robotics_gz_envs/assets/srb_assets/model/object/solar_panel_procgen) by extension 'python'
[0.530s] Level 1:colcon.colcon_core.package_identification:_identify(space_robotics_gz_envs/assets/srb_assets/model/object/solar_panel_procgen) by extensions ['python_setup_py']
[0.530s] Level 1:colcon.colcon_core.package_identification:_identify(space_robotics_gz_envs/assets/srb_assets/model/object/solar_panel_procgen) by extension 'python_setup_py'
[0.530s] Level 1:colcon.colcon_core.package_identification:_identify(space_robotics_gz_envs/assets/srb_assets/model/robot) by extensions ['ignore', 'ignore_ament_install']
[0.531s] Level 1:colcon.colcon_core.package_identification:_identify(space_robotics_gz_envs/assets/srb_assets/model/robot) by extension 'ignore'
[0.532s] Level 1:colcon.colcon_core.package_identification:_identify(space_robotics_gz_envs/assets/srb_assets/model/robot) by extension 'ignore_ament_install'
[0.532s] Level 1:colcon.colcon_core.package_identification:_identify(space_robotics_gz_envs/assets/srb_assets/model/robot) by extensions ['colcon_pkg']
[0.532s] Level 1:colcon.colcon_core.package_identification:_identify(space_robotics_gz_envs/assets/srb_assets/model/robot) by extension 'colcon_pkg'
[0.532s] Level 1:colcon.colcon_core.package_identification:_identify(space_robotics_gz_envs/assets/srb_assets/model/robot) by extensions ['colcon_meta']
[0.532s] Level 1:colcon.colcon_core.package_identification:_identify(space_robotics_gz_envs/assets/srb_assets/model/robot) by extension 'colcon_meta'
[0.532s] Level 1:colcon.colcon_core.package_identification:_identify(space_robotics_gz_envs/assets/srb_assets/model/robot) by extensions ['ros']
[0.532s] Level 1:colcon.colcon_core.package_identification:_identify(space_robotics_gz_envs/assets/srb_assets/model/robot) by extension 'ros'
[0.532s] Level 1:colcon.colcon_core.package_identification:_identify(space_robotics_gz_envs/assets/srb_assets/model/robot) by extensions ['cmake', 'python']
[0.532s] Level 1:colcon.colcon_core.package_identification:_identify(space_robotics_gz_envs/assets/srb_assets/model/robot) by extension 'cmake'
[0.532s] Level 1:colcon.colcon_core.package_identification:_identify(space_robotics_gz_envs/assets/srb_assets/model/robot) by extension 'python'
[0.532s] Level 1:colcon.colcon_core.package_identification:_identify(space_robotics_gz_envs/assets/srb_assets/model/robot) by extensions ['python_setup_py']
[0.532s] Level 1:colcon.colcon_core.package_identification:_identify(space_robotics_gz_envs/assets/srb_assets/model/robot) by extension 'python_setup_py'
[0.532s] Level 1:colcon.colcon_core.package_identification:_identify(space_robotics_gz_envs/assets/srb_assets/model/robot/canadarm3_large) by extensions ['ignore', 'ignore_ament_install']
[0.532s] Level 1:colcon.colcon_core.package_identification:_identify(space_robotics_gz_envs/assets/srb_assets/model/robot/canadarm3_large) by extension 'ignore'
[0.532s] Level 1:colcon.colcon_core.package_identification:_identify(space_robotics_gz_envs/assets/srb_assets/model/robot/canadarm3_large) by extension 'ignore_ament_install'
[0.532s] Level 1:colcon.colcon_core.package_identification:_identify(space_robotics_gz_envs/assets/srb_assets/model/robot/canadarm3_large) by extensions ['colcon_pkg']
[0.533s] Level 1:colcon.colcon_core.package_identification:_identify(space_robotics_gz_envs/assets/srb_assets/model/robot/canadarm3_large) by extension 'colcon_pkg'
[0.533s] Level 1:colcon.colcon_core.package_identification:_identify(space_robotics_gz_envs/assets/srb_assets/model/robot/canadarm3_large) by extensions ['colcon_meta']
[0.533s] Level 1:colcon.colcon_core.package_identification:_identify(space_robotics_gz_envs/assets/srb_assets/model/robot/canadarm3_large) by extension 'colcon_meta'
[0.533s] Level 1:colcon.colcon_core.package_identification:_identify(space_robotics_gz_envs/assets/srb_assets/model/robot/canadarm3_large) by extensions ['ros']
[0.533s] Level 1:colcon.colcon_core.package_identification:_identify(space_robotics_gz_envs/assets/srb_assets/model/robot/canadarm3_large) by extension 'ros'
[0.533s] Level 1:colcon.colcon_core.package_identification:_identify(space_robotics_gz_envs/assets/srb_assets/model/robot/canadarm3_large) by extensions ['cmake', 'python']
[0.533s] Level 1:colcon.colcon_core.package_identification:_identify(space_robotics_gz_envs/assets/srb_assets/model/robot/canadarm3_large) by extension 'cmake'
[0.533s] Level 1:colcon.colcon_core.package_identification:_identify(space_robotics_gz_envs/assets/srb_assets/model/robot/canadarm3_large) by extension 'python'
[0.533s] Level 1:colcon.colcon_core.package_identification:_identify(space_robotics_gz_envs/assets/srb_assets/model/robot/canadarm3_large) by extensions ['python_setup_py']
[0.533s] Level 1:colcon.colcon_core.package_identification:_identify(space_robotics_gz_envs/assets/srb_assets/model/robot/canadarm3_large) by extension 'python_setup_py'
[0.533s] Level 1:colcon.colcon_core.package_identification:_identify(space_robotics_gz_envs/assets/srb_assets/model/robot/canadarm3_large/textures) by extensions ['ignore', 'ignore_ament_install']
[0.533s] Level 1:colcon.colcon_core.package_identification:_identify(space_robotics_gz_envs/assets/srb_assets/model/robot/canadarm3_large/textures) by extension 'ignore'
[0.533s] Level 1:colcon.colcon_core.package_identification:_identify(space_robotics_gz_envs/assets/srb_assets/model/robot/canadarm3_large/textures) by extension 'ignore_ament_install'
[0.533s] Level 1:colcon.colcon_core.package_identification:_identify(space_robotics_gz_envs/assets/srb_assets/model/robot/canadarm3_large/textures) by extensions ['colcon_pkg']
[0.533s] Level 1:colcon.colcon_core.package_identification:_identify(space_robotics_gz_envs/assets/srb_assets/model/robot/canadarm3_large/textures) by extension 'colcon_pkg'
[0.533s] Level 1:colcon.colcon_core.package_identification:_identify(space_robotics_gz_envs/assets/srb_assets/model/robot/canadarm3_large/textures) by extensions ['colcon_meta']
[0.534s] Level 1:colcon.colcon_core.package_identification:_identify(space_robotics_gz_envs/assets/srb_assets/model/robot/canadarm3_large/textures) by extension 'colcon_meta'
[0.534s] Level 1:colcon.colcon_core.package_identification:_identify(space_robotics_gz_envs/assets/srb_assets/model/robot/canadarm3_large/textures) by extensions ['ros']
[0.534s] Level 1:colcon.colcon_core.package_identification:_identify(space_robotics_gz_envs/assets/srb_assets/model/robot/canadarm3_large/textures) by extension 'ros'
[0.534s] Level 1:colcon.colcon_core.package_identification:_identify(space_robotics_gz_envs/assets/srb_assets/model/robot/canadarm3_large/textures) by extensions ['cmake', 'python']
[0.534s] Level 1:colcon.colcon_core.package_identification:_identify(space_robotics_gz_envs/assets/srb_assets/model/robot/canadarm3_large/textures) by extension 'cmake'
[0.534s] Level 1:colcon.colcon_core.package_identification:_identify(space_robotics_gz_envs/assets/srb_assets/model/robot/canadarm3_large/textures) by extension 'python'
[0.534s] Level 1:colcon.colcon_core.package_identification:_identify(space_robotics_gz_envs/assets/srb_assets/model/robot/canadarm3_large/textures) by extensions ['python_setup_py']
[0.534s] Level 1:colcon.colcon_core.package_identification:_identify(space_robotics_gz_envs/assets/srb_assets/model/robot/canadarm3_large/textures) by extension 'python_setup_py'
[0.534s] Level 1:colcon.colcon_core.package_identification:_identify(space_robotics_gz_envs/assets/srb_assets/model/robot/franka) by extensions ['ignore', 'ignore_ament_install']
[0.534s] Level 1:colcon.colcon_core.package_identification:_identify(space_robotics_gz_envs/assets/srb_assets/model/robot/franka) by extension 'ignore'
[0.534s] Level 1:colcon.colcon_core.package_identification:_identify(space_robotics_gz_envs/assets/srb_assets/model/robot/franka) by extension 'ignore_ament_install'
[0.534s] Level 1:colcon.colcon_core.package_identification:_identify(space_robotics_gz_envs/assets/srb_assets/model/robot/franka) by extensions ['colcon_pkg']
[0.535s] Level 1:colcon.colcon_core.package_identification:_identify(space_robotics_gz_envs/assets/srb_assets/model/robot/franka) by extension 'colcon_pkg'
[0.535s] Level 1:colcon.colcon_core.package_identification:_identify(space_robotics_gz_envs/assets/srb_assets/model/robot/franka) by extensions ['colcon_meta']
[0.535s] Level 1:colcon.colcon_core.package_identification:_identify(space_robotics_gz_envs/assets/srb_assets/model/robot/franka) by extension 'colcon_meta'
[0.535s] Level 1:colcon.colcon_core.package_identification:_identify(space_robotics_gz_envs/assets/srb_assets/model/robot/franka) by extensions ['ros']
[0.535s] Level 1:colcon.colcon_core.package_identification:_identify(space_robotics_gz_envs/assets/srb_assets/model/robot/franka) by extension 'ros'
[0.535s] Level 1:colcon.colcon_core.package_identification:_identify(space_robotics_gz_envs/assets/srb_assets/model/robot/franka) by extensions ['cmake', 'python']
[0.535s] Level 1:colcon.colcon_core.package_identification:_identify(space_robotics_gz_envs/assets/srb_assets/model/robot/franka) by extension 'cmake'
[0.535s] Level 1:colcon.colcon_core.package_identification:_identify(space_robotics_gz_envs/assets/srb_assets/model/robot/franka) by extension 'python'
[0.535s] Level 1:colcon.colcon_core.package_identification:_identify(space_robotics_gz_envs/assets/srb_assets/model/robot/franka) by extensions ['python_setup_py']
[0.535s] Level 1:colcon.colcon_core.package_identification:_identify(space_robotics_gz_envs/assets/srb_assets/model/robot/franka) by extension 'python_setup_py'
[0.535s] Level 1:colcon.colcon_core.package_identification:_identify(space_robotics_gz_envs/assets/srb_assets/model/robot/ingenuity) by extensions ['ignore', 'ignore_ament_install']
[0.535s] Level 1:colcon.colcon_core.package_identification:_identify(space_robotics_gz_envs/assets/srb_assets/model/robot/ingenuity) by extension 'ignore'
[0.536s] Level 1:colcon.colcon_core.package_identification:_identify(space_robotics_gz_envs/assets/srb_assets/model/robot/ingenuity) by extension 'ignore_ament_install'
[0.536s] Level 1:colcon.colcon_core.package_identification:_identify(space_robotics_gz_envs/assets/srb_assets/model/robot/ingenuity) by extensions ['colcon_pkg']
[0.536s] Level 1:colcon.colcon_core.package_identification:_identify(space_robotics_gz_envs/assets/srb_assets/model/robot/ingenuity) by extension 'colcon_pkg'
[0.536s] Level 1:colcon.colcon_core.package_identification:_identify(space_robotics_gz_envs/assets/srb_assets/model/robot/ingenuity) by extensions ['colcon_meta']
[0.536s] Level 1:colcon.colcon_core.package_identification:_identify(space_robotics_gz_envs/assets/srb_assets/model/robot/ingenuity) by extension 'colcon_meta'
[0.536s] Level 1:colcon.colcon_core.package_identification:_identify(space_robotics_gz_envs/assets/srb_assets/model/robot/ingenuity) by extensions ['ros']
[0.536s] Level 1:colcon.colcon_core.package_identification:_identify(space_robotics_gz_envs/assets/srb_assets/model/robot/ingenuity) by extension 'ros'
[0.536s] Level 1:colcon.colcon_core.package_identification:_identify(space_robotics_gz_envs/assets/srb_assets/model/robot/ingenuity) by extensions ['cmake', 'python']
[0.536s] Level 1:colcon.colcon_core.package_identification:_identify(space_robotics_gz_envs/assets/srb_assets/model/robot/ingenuity) by extension 'cmake'
[0.536s] Level 1:colcon.colcon_core.package_identification:_identify(space_robotics_gz_envs/assets/srb_assets/model/robot/ingenuity) by extension 'python'
[0.536s] Level 1:colcon.colcon_core.package_identification:_identify(space_robotics_gz_envs/assets/srb_assets/model/robot/ingenuity) by extensions ['python_setup_py']
[0.536s] Level 1:colcon.colcon_core.package_identification:_identify(space_robotics_gz_envs/assets/srb_assets/model/robot/ingenuity) by extension 'python_setup_py'
[0.537s] Level 1:colcon.colcon_core.package_identification:_identify(space_robotics_gz_envs/assets/srb_assets/model/robot/ingenuity/textures) by extensions ['ignore', 'ignore_ament_install']
[0.537s] Level 1:colcon.colcon_core.package_identification:_identify(space_robotics_gz_envs/assets/srb_assets/model/robot/ingenuity/textures) by extension 'ignore'
[0.537s] Level 1:colcon.colcon_core.package_identification:_identify(space_robotics_gz_envs/assets/srb_assets/model/robot/ingenuity/textures) by extension 'ignore_ament_install'
[0.537s] Level 1:colcon.colcon_core.package_identification:_identify(space_robotics_gz_envs/assets/srb_assets/model/robot/ingenuity/textures) by extensions ['colcon_pkg']
[0.537s] Level 1:colcon.colcon_core.package_identification:_identify(space_robotics_gz_envs/assets/srb_assets/model/robot/ingenuity/textures) by extension 'colcon_pkg'
[0.537s] Level 1:colcon.colcon_core.package_identification:_identify(space_robotics_gz_envs/assets/srb_assets/model/robot/ingenuity/textures) by extensions ['colcon_meta']
[0.537s] Level 1:colcon.colcon_core.package_identification:_identify(space_robotics_gz_envs/assets/srb_assets/model/robot/ingenuity/textures) by extension 'colcon_meta'
[0.537s] Level 1:colcon.colcon_core.package_identification:_identify(space_robotics_gz_envs/assets/srb_assets/model/robot/ingenuity/textures) by extensions ['ros']
[0.537s] Level 1:colcon.colcon_core.package_identification:_identify(space_robotics_gz_envs/assets/srb_assets/model/robot/ingenuity/textures) by extension 'ros'
[0.537s] Level 1:colcon.colcon_core.package_identification:_identify(space_robotics_gz_envs/assets/srb_assets/model/robot/ingenuity/textures) by extensions ['cmake', 'python']
[0.537s] Level 1:colcon.colcon_core.package_identification:_identify(space_robotics_gz_envs/assets/srb_assets/model/robot/ingenuity/textures) by extension 'cmake'
[0.537s] Level 1:colcon.colcon_core.package_identification:_identify(space_robotics_gz_envs/assets/srb_assets/model/robot/ingenuity/textures) by extension 'python'
[0.538s] Level 1:colcon.colcon_core.package_identification:_identify(space_robotics_gz_envs/assets/srb_assets/model/robot/ingenuity/textures) by extensions ['python_setup_py']
[0.538s] Level 1:colcon.colcon_core.package_identification:_identify(space_robotics_gz_envs/assets/srb_assets/model/robot/ingenuity/textures) by extension 'python_setup_py'
[0.538s] Level 1:colcon.colcon_core.package_identification:_identify(space_robotics_gz_envs/assets/srb_assets/model/robot/perseverance) by extensions ['ignore', 'ignore_ament_install']
[0.538s] Level 1:colcon.colcon_core.package_identification:_identify(space_robotics_gz_envs/assets/srb_assets/model/robot/perseverance) by extension 'ignore'
[0.538s] Level 1:colcon.colcon_core.package_identification:_identify(space_robotics_gz_envs/assets/srb_assets/model/robot/perseverance) by extension 'ignore_ament_install'
[0.538s] Level 1:colcon.colcon_core.package_identification:_identify(space_robotics_gz_envs/assets/srb_assets/model/robot/perseverance) by extensions ['colcon_pkg']
[0.538s] Level 1:colcon.colcon_core.package_identification:_identify(space_robotics_gz_envs/assets/srb_assets/model/robot/perseverance) by extension 'colcon_pkg'
[0.538s] Level 1:colcon.colcon_core.package_identification:_identify(space_robotics_gz_envs/assets/srb_assets/model/robot/perseverance) by extensions ['colcon_meta']
[0.538s] Level 1:colcon.colcon_core.package_identification:_identify(space_robotics_gz_envs/assets/srb_assets/model/robot/perseverance) by extension 'colcon_meta'
[0.538s] Level 1:colcon.colcon_core.package_identification:_identify(space_robotics_gz_envs/assets/srb_assets/model/robot/perseverance) by extensions ['ros']
[0.538s] Level 1:colcon.colcon_core.package_identification:_identify(space_robotics_gz_envs/assets/srb_assets/model/robot/perseverance) by extension 'ros'
[0.538s] Level 1:colcon.colcon_core.package_identification:_identify(space_robotics_gz_envs/assets/srb_assets/model/robot/perseverance) by extensions ['cmake', 'python']
[0.539s] Level 1:colcon.colcon_core.package_identification:_identify(space_robotics_gz_envs/assets/srb_assets/model/robot/perseverance) by extension 'cmake'
[0.539s] Level 1:colcon.colcon_core.package_identification:_identify(space_robotics_gz_envs/assets/srb_assets/model/robot/perseverance) by extension 'python'
[0.539s] Level 1:colcon.colcon_core.package_identification:_identify(space_robotics_gz_envs/assets/srb_assets/model/robot/perseverance) by extensions ['python_setup_py']
[0.539s] Level 1:colcon.colcon_core.package_identification:_identify(space_robotics_gz_envs/assets/srb_assets/model/robot/perseverance) by extension 'python_setup_py'
[0.539s] Level 1:colcon.colcon_core.package_identification:_identify(space_robotics_gz_envs/assets/srb_assets/model/robot/perseverance/textures) by extensions ['ignore', 'ignore_ament_install']
[0.539s] Level 1:colcon.colcon_core.package_identification:_identify(space_robotics_gz_envs/assets/srb_assets/model/robot/perseverance/textures) by extension 'ignore'
[0.539s] Level 1:colcon.colcon_core.package_identification:_identify(space_robotics_gz_envs/assets/srb_assets/model/robot/perseverance/textures) by extension 'ignore_ament_install'
[0.539s] Level 1:colcon.colcon_core.package_identification:_identify(space_robotics_gz_envs/assets/srb_assets/model/robot/perseverance/textures) by extensions ['colcon_pkg']
[0.539s] Level 1:colcon.colcon_core.package_identification:_identify(space_robotics_gz_envs/assets/srb_assets/model/robot/perseverance/textures) by extension 'colcon_pkg'
[0.539s] Level 1:colcon.colcon_core.package_identification:_identify(space_robotics_gz_envs/assets/srb_assets/model/robot/perseverance/textures) by extensions ['colcon_meta']
[0.539s] Level 1:colcon.colcon_core.package_identification:_identify(space_robotics_gz_envs/assets/srb_assets/model/robot/perseverance/textures) by extension 'colcon_meta'
[0.539s] Level 1:colcon.colcon_core.package_identification:_identify(space_robotics_gz_envs/assets/srb_assets/model/robot/perseverance/textures) by extensions ['ros']
[0.540s] Level 1:colcon.colcon_core.package_identification:_identify(space_robotics_gz_envs/assets/srb_assets/model/robot/perseverance/textures) by extension 'ros'
[0.540s] Level 1:colcon.colcon_core.package_identification:_identify(space_robotics_gz_envs/assets/srb_assets/model/robot/perseverance/textures) by extensions ['cmake', 'python']
[0.540s] Level 1:colcon.colcon_core.package_identification:_identify(space_robotics_gz_envs/assets/srb_assets/model/robot/perseverance/textures) by extension 'cmake'
[0.540s] Level 1:colcon.colcon_core.package_identification:_identify(space_robotics_gz_envs/assets/srb_assets/model/robot/perseverance/textures) by extension 'python'
[0.540s] Level 1:colcon.colcon_core.package_identification:_identify(space_robotics_gz_envs/assets/srb_assets/model/robot/perseverance/textures) by extensions ['python_setup_py']
[0.540s] Level 1:colcon.colcon_core.package_identification:_identify(space_robotics_gz_envs/assets/srb_assets/model/robot/perseverance/textures) by extension 'python_setup_py'
[0.540s] Level 1:colcon.colcon_core.package_identification:_identify(space_robotics_gz_envs/assets/srb_assets/model/terrain) by extensions ['ignore', 'ignore_ament_install']
[0.540s] Level 1:colcon.colcon_core.package_identification:_identify(space_robotics_gz_envs/assets/srb_assets/model/terrain) by extension 'ignore'
[0.540s] Level 1:colcon.colcon_core.package_identification:_identify(space_robotics_gz_envs/assets/srb_assets/model/terrain) by extension 'ignore_ament_install'
[0.540s] Level 1:colcon.colcon_core.package_identification:_identify(space_robotics_gz_envs/assets/srb_assets/model/terrain) by extensions ['colcon_pkg']
[0.540s] Level 1:colcon.colcon_core.package_identification:_identify(space_robotics_gz_envs/assets/srb_assets/model/terrain) by extension 'colcon_pkg'
[0.540s] Level 1:colcon.colcon_core.package_identification:_identify(space_robotics_gz_envs/assets/srb_assets/model/terrain) by extensions ['colcon_meta']
[0.540s] Level 1:colcon.colcon_core.package_identification:_identify(space_robotics_gz_envs/assets/srb_assets/model/terrain) by extension 'colcon_meta'
[0.540s] Level 1:colcon.colcon_core.package_identification:_identify(space_robotics_gz_envs/assets/srb_assets/model/terrain) by extensions ['ros']
[0.540s] Level 1:colcon.colcon_core.package_identification:_identify(space_robotics_gz_envs/assets/srb_assets/model/terrain) by extension 'ros'
[0.540s] Level 1:colcon.colcon_core.package_identification:_identify(space_robotics_gz_envs/assets/srb_assets/model/terrain) by extensions ['cmake', 'python']
[0.541s] Level 1:colcon.colcon_core.package_identification:_identify(space_robotics_gz_envs/assets/srb_assets/model/terrain) by extension 'cmake'
[0.541s] Level 1:colcon.colcon_core.package_identification:_identify(space_robotics_gz_envs/assets/srb_assets/model/terrain) by extension 'python'
[0.541s] Level 1:colcon.colcon_core.package_identification:_identify(space_robotics_gz_envs/assets/srb_assets/model/terrain) by extensions ['python_setup_py']
[0.541s] Level 1:colcon.colcon_core.package_identification:_identify(space_robotics_gz_envs/assets/srb_assets/model/terrain) by extension 'python_setup_py'
[0.541s] Level 1:colcon.colcon_core.package_identification:_identify(space_robotics_gz_envs/assets/srb_assets/model/terrain/lunar_surface_procgen) by extensions ['ignore', 'ignore_ament_install']
[0.541s] Level 1:colcon.colcon_core.package_identification:_identify(space_robotics_gz_envs/assets/srb_assets/model/terrain/lunar_surface_procgen) by extension 'ignore'
[0.541s] Level 1:colcon.colcon_core.package_identification:_identify(space_robotics_gz_envs/assets/srb_assets/model/terrain/lunar_surface_procgen) by extension 'ignore_ament_install'
[0.541s] Level 1:colcon.colcon_core.package_identification:_identify(space_robotics_gz_envs/assets/srb_assets/model/terrain/lunar_surface_procgen) by extensions ['colcon_pkg']
[0.541s] Level 1:colcon.colcon_core.package_identification:_identify(space_robotics_gz_envs/assets/srb_assets/model/terrain/lunar_surface_procgen) by extension 'colcon_pkg'
[0.541s] Level 1:colcon.colcon_core.package_identification:_identify(space_robotics_gz_envs/assets/srb_assets/model/terrain/lunar_surface_procgen) by extensions ['colcon_meta']
[0.541s] Level 1:colcon.colcon_core.package_identification:_identify(space_robotics_gz_envs/assets/srb_assets/model/terrain/lunar_surface_procgen) by extension 'colcon_meta'
[0.541s] Level 1:colcon.colcon_core.package_identification:_identify(space_robotics_gz_envs/assets/srb_assets/model/terrain/lunar_surface_procgen) by extensions ['ros']
[0.542s] Level 1:colcon.colcon_core.package_identification:_identify(space_robotics_gz_envs/assets/srb_assets/model/terrain/lunar_surface_procgen) by extension 'ros'
[0.542s] Level 1:colcon.colcon_core.package_identification:_identify(space_robotics_gz_envs/assets/srb_assets/model/terrain/lunar_surface_procgen) by extensions ['cmake', 'python']
[0.542s] Level 1:colcon.colcon_core.package_identification:_identify(space_robotics_gz_envs/assets/srb_assets/model/terrain/lunar_surface_procgen) by extension 'cmake'
[0.542s] Level 1:colcon.colcon_core.package_identification:_identify(space_robotics_gz_envs/assets/srb_assets/model/terrain/lunar_surface_procgen) by extension 'python'
[0.542s] Level 1:colcon.colcon_core.package_identification:_identify(space_robotics_gz_envs/assets/srb_assets/model/terrain/lunar_surface_procgen) by extensions ['python_setup_py']
[0.542s] Level 1:colcon.colcon_core.package_identification:_identify(space_robotics_gz_envs/assets/srb_assets/model/terrain/lunar_surface_procgen) by extension 'python_setup_py'
[0.542s] Level 1:colcon.colcon_core.package_identification:_identify(space_robotics_gz_envs/assets/srb_assets/model/terrain/martian_surface_procgen) by extensions ['ignore', 'ignore_ament_install']
[0.542s] Level 1:colcon.colcon_core.package_identification:_identify(space_robotics_gz_envs/assets/srb_assets/model/terrain/martian_surface_procgen) by extension 'ignore'
[0.542s] Level 1:colcon.colcon_core.package_identification:_identify(space_robotics_gz_envs/assets/srb_assets/model/terrain/martian_surface_procgen) by extension 'ignore_ament_install'
[0.542s] Level 1:colcon.colcon_core.package_identification:_identify(space_robotics_gz_envs/assets/srb_assets/model/terrain/martian_surface_procgen) by extensions ['colcon_pkg']
[0.543s] Level 1:colcon.colcon_core.package_identification:_identify(space_robotics_gz_envs/assets/srb_assets/model/terrain/martian_surface_procgen) by extension 'colcon_pkg'
[0.543s] Level 1:colcon.colcon_core.package_identification:_identify(space_robotics_gz_envs/assets/srb_assets/model/terrain/martian_surface_procgen) by extensions ['colcon_meta']
[0.543s] Level 1:colcon.colcon_core.package_identification:_identify(space_robotics_gz_envs/assets/srb_assets/model/terrain/martian_surface_procgen) by extension 'colcon_meta'
[0.543s] Level 1:colcon.colcon_core.package_identification:_identify(space_robotics_gz_envs/assets/srb_assets/model/terrain/martian_surface_procgen) by extensions ['ros']
[0.543s] Level 1:colcon.colcon_core.package_identification:_identify(space_robotics_gz_envs/assets/srb_assets/model/terrain/martian_surface_procgen) by extension 'ros'
[0.543s] Level 1:colcon.colcon_core.package_identification:_identify(space_robotics_gz_envs/assets/srb_assets/model/terrain/martian_surface_procgen) by extensions ['cmake', 'python']
[0.543s] Level 1:colcon.colcon_core.package_identification:_identify(space_robotics_gz_envs/assets/srb_assets/model/terrain/martian_surface_procgen) by extension 'cmake'
[0.543s] Level 1:colcon.colcon_core.package_identification:_identify(space_robotics_gz_envs/assets/srb_assets/model/terrain/martian_surface_procgen) by extension 'python'
[0.543s] Level 1:colcon.colcon_core.package_identification:_identify(space_robotics_gz_envs/assets/srb_assets/model/terrain/martian_surface_procgen) by extensions ['python_setup_py']
[0.543s] Level 1:colcon.colcon_core.package_identification:_identify(space_robotics_gz_envs/assets/srb_assets/model/terrain/martian_surface_procgen) by extension 'python_setup_py'
[0.543s] Level 1:colcon.colcon_core.package_identification:_identify(space_robotics_gz_envs/assets/srb_assets/model/vehicle) by extensions ['ignore', 'ignore_ament_install']
[0.543s] Level 1:colcon.colcon_core.package_identification:_identify(space_robotics_gz_envs/assets/srb_assets/model/vehicle) by extension 'ignore'
[0.543s] Level 1:colcon.colcon_core.package_identification:_identify(space_robotics_gz_envs/assets/srb_assets/model/vehicle) by extension 'ignore_ament_install'
[0.543s] Level 1:colcon.colcon_core.package_identification:_identify(space_robotics_gz_envs/assets/srb_assets/model/vehicle) by extensions ['colcon_pkg']
[0.543s] Level 1:colcon.colcon_core.package_identification:_identify(space_robotics_gz_envs/assets/srb_assets/model/vehicle) by extension 'colcon_pkg'
[0.544s] Level 1:colcon.colcon_core.package_identification:_identify(space_robotics_gz_envs/assets/srb_assets/model/vehicle) by extensions ['colcon_meta']
[0.544s] Level 1:colcon.colcon_core.package_identification:_identify(space_robotics_gz_envs/assets/srb_assets/model/vehicle) by extension 'colcon_meta'
[0.544s] Level 1:colcon.colcon_core.package_identification:_identify(space_robotics_gz_envs/assets/srb_assets/model/vehicle) by extensions ['ros']
[0.544s] Level 1:colcon.colcon_core.package_identification:_identify(space_robotics_gz_envs/assets/srb_assets/model/vehicle) by extension 'ros'
[0.544s] Level 1:colcon.colcon_core.package_identification:_identify(space_robotics_gz_envs/assets/srb_assets/model/vehicle) by extensions ['cmake', 'python']
[0.544s] Level 1:colcon.colcon_core.package_identification:_identify(space_robotics_gz_envs/assets/srb_assets/model/vehicle) by extension 'cmake'
[0.544s] Level 1:colcon.colcon_core.package_identification:_identify(space_robotics_gz_envs/assets/srb_assets/model/vehicle) by extension 'python'
[0.544s] Level 1:colcon.colcon_core.package_identification:_identify(space_robotics_gz_envs/assets/srb_assets/model/vehicle) by extensions ['python_setup_py']
[0.544s] Level 1:colcon.colcon_core.package_identification:_identify(space_robotics_gz_envs/assets/srb_assets/model/vehicle) by extension 'python_setup_py'
[0.544s] Level 1:colcon.colcon_core.package_identification:_identify(space_robotics_gz_envs/assets/srb_assets/model/vehicle/construction_rover) by extensions ['ignore', 'ignore_ament_install']
[0.545s] Level 1:colcon.colcon_core.package_identification:_identify(space_robotics_gz_envs/assets/srb_assets/model/vehicle/construction_rover) by extension 'ignore'
[0.545s] Level 1:colcon.colcon_core.package_identification:_identify(space_robotics_gz_envs/assets/srb_assets/model/vehicle/construction_rover) by extension 'ignore_ament_install'
[0.545s] Level 1:colcon.colcon_core.package_identification:_identify(space_robotics_gz_envs/assets/srb_assets/model/vehicle/construction_rover) by extensions ['colcon_pkg']
[0.545s] Level 1:colcon.colcon_core.package_identification:_identify(space_robotics_gz_envs/assets/srb_assets/model/vehicle/construction_rover) by extension 'colcon_pkg'
[0.545s] Level 1:colcon.colcon_core.package_identification:_identify(space_robotics_gz_envs/assets/srb_assets/model/vehicle/construction_rover) by extensions ['colcon_meta']
[0.545s] Level 1:colcon.colcon_core.package_identification:_identify(space_robotics_gz_envs/assets/srb_assets/model/vehicle/construction_rover) by extension 'colcon_meta'
[0.545s] Level 1:colcon.colcon_core.package_identification:_identify(space_robotics_gz_envs/assets/srb_assets/model/vehicle/construction_rover) by extensions ['ros']
[0.545s] Level 1:colcon.colcon_core.package_identification:_identify(space_robotics_gz_envs/assets/srb_assets/model/vehicle/construction_rover) by extension 'ros'
[0.545s] Level 1:colcon.colcon_core.package_identification:_identify(space_robotics_gz_envs/assets/srb_assets/model/vehicle/construction_rover) by extensions ['cmake', 'python']
[0.545s] Level 1:colcon.colcon_core.package_identification:_identify(space_robotics_gz_envs/assets/srb_assets/model/vehicle/construction_rover) by extension 'cmake'
[0.546s] Level 1:colcon.colcon_core.package_identification:_identify(space_robotics_gz_envs/assets/srb_assets/model/vehicle/construction_rover) by extension 'python'
[0.546s] Level 1:colcon.colcon_core.package_identification:_identify(space_robotics_gz_envs/assets/srb_assets/model/vehicle/construction_rover) by extensions ['python_setup_py']
[0.546s] Level 1:colcon.colcon_core.package_identification:_identify(space_robotics_gz_envs/assets/srb_assets/model/vehicle/construction_rover) by extension 'python_setup_py'
[0.546s] Level 1:colcon.colcon_core.package_identification:_identify(space_robotics_gz_envs/assets/srb_assets/model/vehicle/construction_rover/textures) by extensions ['ignore', 'ignore_ament_install']
[0.546s] Level 1:colcon.colcon_core.package_identification:_identify(space_robotics_gz_envs/assets/srb_assets/model/vehicle/construction_rover/textures) by extension 'ignore'
[0.546s] Level 1:colcon.colcon_core.package_identification:_identify(space_robotics_gz_envs/assets/srb_assets/model/vehicle/construction_rover/textures) by extension 'ignore_ament_install'
[0.546s] Level 1:colcon.colcon_core.package_identification:_identify(space_robotics_gz_envs/assets/srb_assets/model/vehicle/construction_rover/textures) by extensions ['colcon_pkg']
[0.546s] Level 1:colcon.colcon_core.package_identification:_identify(space_robotics_gz_envs/assets/srb_assets/model/vehicle/construction_rover/textures) by extension 'colcon_pkg'
[0.546s] Level 1:colcon.colcon_core.package_identification:_identify(space_robotics_gz_envs/assets/srb_assets/model/vehicle/construction_rover/textures) by extensions ['colcon_meta']
[0.546s] Level 1:colcon.colcon_core.package_identification:_identify(space_robotics_gz_envs/assets/srb_assets/model/vehicle/construction_rover/textures) by extension 'colcon_meta'
[0.546s] Level 1:colcon.colcon_core.package_identification:_identify(space_robotics_gz_envs/assets/srb_assets/model/vehicle/construction_rover/textures) by extensions ['ros']
[0.546s] Level 1:colcon.colcon_core.package_identification:_identify(space_robotics_gz_envs/assets/srb_assets/model/vehicle/construction_rover/textures) by extension 'ros'
[0.546s] Level 1:colcon.colcon_core.package_identification:_identify(space_robotics_gz_envs/assets/srb_assets/model/vehicle/construction_rover/textures) by extensions ['cmake', 'python']
[0.546s] Level 1:colcon.colcon_core.package_identification:_identify(space_robotics_gz_envs/assets/srb_assets/model/vehicle/construction_rover/textures) by extension 'cmake'
[0.546s] Level 1:colcon.colcon_core.package_identification:_identify(space_robotics_gz_envs/assets/srb_assets/model/vehicle/construction_rover/textures) by extension 'python'
[0.547s] Level 1:colcon.colcon_core.package_identification:_identify(space_robotics_gz_envs/assets/srb_assets/model/vehicle/construction_rover/textures) by extensions ['python_setup_py']
[0.547s] Level 1:colcon.colcon_core.package_identification:_identify(space_robotics_gz_envs/assets/srb_assets/model/vehicle/construction_rover/textures) by extension 'python_setup_py'
[0.547s] Level 1:colcon.colcon_core.package_identification:_identify(space_robotics_gz_envs/assets/srb_assets/model/vehicle/gateway) by extensions ['ignore', 'ignore_ament_install']
[0.547s] Level 1:colcon.colcon_core.package_identification:_identify(space_robotics_gz_envs/assets/srb_assets/model/vehicle/gateway) by extension 'ignore'
[0.547s] Level 1:colcon.colcon_core.package_identification:_identify(space_robotics_gz_envs/assets/srb_assets/model/vehicle/gateway) by extension 'ignore_ament_install'
[0.547s] Level 1:colcon.colcon_core.package_identification:_identify(space_robotics_gz_envs/assets/srb_assets/model/vehicle/gateway) by extensions ['colcon_pkg']
[0.547s] Level 1:colcon.colcon_core.package_identification:_identify(space_robotics_gz_envs/assets/srb_assets/model/vehicle/gateway) by extension 'colcon_pkg'
[0.547s] Level 1:colcon.colcon_core.package_identification:_identify(space_robotics_gz_envs/assets/srb_assets/model/vehicle/gateway) by extensions ['colcon_meta']
[0.547s] Level 1:colcon.colcon_core.package_identification:_identify(space_robotics_gz_envs/assets/srb_assets/model/vehicle/gateway) by extension 'colcon_meta'
[0.547s] Level 1:colcon.colcon_core.package_identification:_identify(space_robotics_gz_envs/assets/srb_assets/model/vehicle/gateway) by extensions ['ros']
[0.547s] Level 1:colcon.colcon_core.package_identification:_identify(space_robotics_gz_envs/assets/srb_assets/model/vehicle/gateway) by extension 'ros'
[0.548s] Level 1:colcon.colcon_core.package_identification:_identify(space_robotics_gz_envs/assets/srb_assets/model/vehicle/gateway) by extensions ['cmake', 'python']
[0.548s] Level 1:colcon.colcon_core.package_identification:_identify(space_robotics_gz_envs/assets/srb_assets/model/vehicle/gateway) by extension 'cmake'
[0.548s] Level 1:colcon.colcon_core.package_identification:_identify(space_robotics_gz_envs/assets/srb_assets/model/vehicle/gateway) by extension 'python'
[0.548s] Level 1:colcon.colcon_core.package_identification:_identify(space_robotics_gz_envs/assets/srb_assets/model/vehicle/gateway) by extensions ['python_setup_py']
[0.548s] Level 1:colcon.colcon_core.package_identification:_identify(space_robotics_gz_envs/assets/srb_assets/model/vehicle/gateway) by extension 'python_setup_py'
[0.548s] Level 1:colcon.colcon_core.package_identification:_identify(space_robotics_gz_envs/assets/srb_assets/model/vehicle/gateway/textures) by extensions ['ignore', 'ignore_ament_install']
[0.548s] Level 1:colcon.colcon_core.package_identification:_identify(space_robotics_gz_envs/assets/srb_assets/model/vehicle/gateway/textures) by extension 'ignore'
[0.548s] Level 1:colcon.colcon_core.package_identification:_identify(space_robotics_gz_envs/assets/srb_assets/model/vehicle/gateway/textures) by extension 'ignore_ament_install'
[0.548s] Level 1:colcon.colcon_core.package_identification:_identify(space_robotics_gz_envs/assets/srb_assets/model/vehicle/gateway/textures) by extensions ['colcon_pkg']
[0.548s] Level 1:colcon.colcon_core.package_identification:_identify(space_robotics_gz_envs/assets/srb_assets/model/vehicle/gateway/textures) by extension 'colcon_pkg'
[0.548s] Level 1:colcon.colcon_core.package_identification:_identify(space_robotics_gz_envs/assets/srb_assets/model/vehicle/gateway/textures) by extensions ['colcon_meta']
[0.548s] Level 1:colcon.colcon_core.package_identification:_identify(space_robotics_gz_envs/assets/srb_assets/model/vehicle/gateway/textures) by extension 'colcon_meta'
[0.549s] Level 1:colcon.colcon_core.package_identification:_identify(space_robotics_gz_envs/assets/srb_assets/model/vehicle/gateway/textures) by extensions ['ros']
[0.549s] Level 1:colcon.colcon_core.package_identification:_identify(space_robotics_gz_envs/assets/srb_assets/model/vehicle/gateway/textures) by extension 'ros'
[0.549s] Level 1:colcon.colcon_core.package_identification:_identify(space_robotics_gz_envs/assets/srb_assets/model/vehicle/gateway/textures) by extensions ['cmake', 'python']
[0.549s] Level 1:colcon.colcon_core.package_identification:_identify(space_robotics_gz_envs/assets/srb_assets/model/vehicle/gateway/textures) by extension 'cmake'
[0.549s] Level 1:colcon.colcon_core.package_identification:_identify(space_robotics_gz_envs/assets/srb_assets/model/vehicle/gateway/textures) by extension 'python'
[0.549s] Level 1:colcon.colcon_core.package_identification:_identify(space_robotics_gz_envs/assets/srb_assets/model/vehicle/gateway/textures) by extensions ['python_setup_py']
[0.549s] Level 1:colcon.colcon_core.package_identification:_identify(space_robotics_gz_envs/assets/srb_assets/model/vehicle/gateway/textures) by extension 'python_setup_py'
[0.549s] Level 1:colcon.colcon_core.package_identification:_identify(space_robotics_gz_envs/assets/srb_assets/scripts) by extensions ['ignore', 'ignore_ament_install']
[0.549s] Level 1:colcon.colcon_core.package_identification:_identify(space_robotics_gz_envs/assets/srb_assets/scripts) by extension 'ignore'
[0.549s] Level 1:colcon.colcon_core.package_identification:_identify(space_robotics_gz_envs/assets/srb_assets/scripts) by extension 'ignore_ament_install'
[0.549s] Level 1:colcon.colcon_core.package_identification:_identify(space_robotics_gz_envs/assets/srb_assets/scripts) by extensions ['colcon_pkg']
[0.549s] Level 1:colcon.colcon_core.package_identification:_identify(space_robotics_gz_envs/assets/srb_assets/scripts) by extension 'colcon_pkg'
[0.549s] Level 1:colcon.colcon_core.package_identification:_identify(space_robotics_gz_envs/assets/srb_assets/scripts) by extensions ['colcon_meta']
[0.550s] Level 1:colcon.colcon_core.package_identification:_identify(space_robotics_gz_envs/assets/srb_assets/scripts) by extension 'colcon_meta'
[0.550s] Level 1:colcon.colcon_core.package_identification:_identify(space_robotics_gz_envs/assets/srb_assets/scripts) by extensions ['ros']
[0.550s] Level 1:colcon.colcon_core.package_identification:_identify(space_robotics_gz_envs/assets/srb_assets/scripts) by extension 'ros'
[0.550s] Level 1:colcon.colcon_core.package_identification:_identify(space_robotics_gz_envs/assets/srb_assets/scripts) by extensions ['cmake', 'python']
[0.550s] Level 1:colcon.colcon_core.package_identification:_identify(space_robotics_gz_envs/assets/srb_assets/scripts) by extension 'cmake'
[0.550s] Level 1:colcon.colcon_core.package_identification:_identify(space_robotics_gz_envs/assets/srb_assets/scripts) by extension 'python'
[0.550s] Level 1:colcon.colcon_core.package_identification:_identify(space_robotics_gz_envs/assets/srb_assets/scripts) by extensions ['python_setup_py']
[0.550s] Level 1:colcon.colcon_core.package_identification:_identify(space_robotics_gz_envs/assets/srb_assets/scripts) by extension 'python_setup_py'
[0.550s] Level 1:colcon.colcon_core.package_identification:_identify(space_robotics_gz_envs/assets/srb_assets/scripts/blender) by extensions ['ignore', 'ignore_ament_install']
[0.550s] Level 1:colcon.colcon_core.package_identification:_identify(space_robotics_gz_envs/assets/srb_assets/scripts/blender) by extension 'ignore'
[0.550s] Level 1:colcon.colcon_core.package_identification:_identify(space_robotics_gz_envs/assets/srb_assets/scripts/blender) by extension 'ignore_ament_install'
[0.550s] Level 1:colcon.colcon_core.package_identification:_identify(space_robotics_gz_envs/assets/srb_assets/scripts/blender) by extensions ['colcon_pkg']
[0.551s] Level 1:colcon.colcon_core.package_identification:_identify(space_robotics_gz_envs/assets/srb_assets/scripts/blender) by extension 'colcon_pkg'
[0.551s] Level 1:colcon.colcon_core.package_identification:_identify(space_robotics_gz_envs/assets/srb_assets/scripts/blender) by extensions ['colcon_meta']
[0.551s] Level 1:colcon.colcon_core.package_identification:_identify(space_robotics_gz_envs/assets/srb_assets/scripts/blender) by extension 'colcon_meta'
[0.551s] Level 1:colcon.colcon_core.package_identification:_identify(space_robotics_gz_envs/assets/srb_assets/scripts/blender) by extensions ['ros']
[0.551s] Level 1:colcon.colcon_core.package_identification:_identify(space_robotics_gz_envs/assets/srb_assets/scripts/blender) by extension 'ros'
[0.551s] Level 1:colcon.colcon_core.package_identification:_identify(space_robotics_gz_envs/assets/srb_assets/scripts/blender) by extensions ['cmake', 'python']
[0.551s] Level 1:colcon.colcon_core.package_identification:_identify(space_robotics_gz_envs/assets/srb_assets/scripts/blender) by extension 'cmake'
[0.551s] Level 1:colcon.colcon_core.package_identification:_identify(space_robotics_gz_envs/assets/srb_assets/scripts/blender) by extension 'python'
[0.551s] Level 1:colcon.colcon_core.package_identification:_identify(space_robotics_gz_envs/assets/srb_assets/scripts/blender) by extensions ['python_setup_py']
[0.551s] Level 1:colcon.colcon_core.package_identification:_identify(space_robotics_gz_envs/assets/srb_assets/scripts/blender) by extension 'python_setup_py'
[0.551s] Level 1:colcon.colcon_core.package_identification:_identify(space_robotics_gz_envs/scripts) by extensions ['ignore', 'ignore_ament_install']
[0.551s] Level 1:colcon.colcon_core.package_identification:_identify(space_robotics_gz_envs/scripts) by extension 'ignore'
[0.551s] Level 1:colcon.colcon_core.package_identification:_identify(space_robotics_gz_envs/scripts) by extension 'ignore_ament_install'
[0.551s] Level 1:colcon.colcon_core.package_identification:_identify(space_robotics_gz_envs/scripts) by extensions ['colcon_pkg']
[0.551s] Level 1:colcon.colcon_core.package_identification:_identify(space_robotics_gz_envs/scripts) by extension 'colcon_pkg'
[0.551s] Level 1:colcon.colcon_core.package_identification:_identify(space_robotics_gz_envs/scripts) by extensions ['colcon_meta']
[0.551s] Level 1:colcon.colcon_core.package_identification:_identify(space_robotics_gz_envs/scripts) by extension 'colcon_meta'
[0.551s] Level 1:colcon.colcon_core.package_identification:_identify(space_robotics_gz_envs/scripts) by extensions ['ros']
[0.552s] Level 1:colcon.colcon_core.package_identification:_identify(space_robotics_gz_envs/scripts) by extension 'ros'
[0.552s] Level 1:colcon.colcon_core.package_identification:_identify(space_robotics_gz_envs/scripts) by extensions ['cmake', 'python']
[0.552s] Level 1:colcon.colcon_core.package_identification:_identify(space_robotics_gz_envs/scripts) by extension 'cmake'
[0.552s] Level 1:colcon.colcon_core.package_identification:_identify(space_robotics_gz_envs/scripts) by extension 'python'
[0.552s] Level 1:colcon.colcon_core.package_identification:_identify(space_robotics_gz_envs/scripts) by extensions ['python_setup_py']
[0.552s] Level 1:colcon.colcon_core.package_identification:_identify(space_robotics_gz_envs/scripts) by extension 'python_setup_py'
[0.552s] Level 1:colcon.colcon_core.package_identification:_identify(space_robotics_gz_envs/scripts/utils) by extensions ['ignore', 'ignore_ament_install']
[0.552s] Level 1:colcon.colcon_core.package_identification:_identify(space_robotics_gz_envs/scripts/utils) by extension 'ignore'
[0.552s] Level 1:colcon.colcon_core.package_identification:_identify(space_robotics_gz_envs/scripts/utils) by extension 'ignore_ament_install'
[0.552s] Level 1:colcon.colcon_core.package_identification:_identify(space_robotics_gz_envs/scripts/utils) by extensions ['colcon_pkg']
[0.552s] Level 1:colcon.colcon_core.package_identification:_identify(space_robotics_gz_envs/scripts/utils) by extension 'colcon_pkg'
[0.552s] Level 1:colcon.colcon_core.package_identification:_identify(space_robotics_gz_envs/scripts/utils) by extensions ['colcon_meta']
[0.553s] Level 1:colcon.colcon_core.package_identification:_identify(space_robotics_gz_envs/scripts/utils) by extension 'colcon_meta'
[0.553s] Level 1:colcon.colcon_core.package_identification:_identify(space_robotics_gz_envs/scripts/utils) by extensions ['ros']
[0.553s] Level 1:colcon.colcon_core.package_identification:_identify(space_robotics_gz_envs/scripts/utils) by extension 'ros'
[0.553s] Level 1:colcon.colcon_core.package_identification:_identify(space_robotics_gz_envs/scripts/utils) by extensions ['cmake', 'python']
[0.553s] Level 1:colcon.colcon_core.package_identification:_identify(space_robotics_gz_envs/scripts/utils) by extension 'cmake'
[0.553s] Level 1:colcon.colcon_core.package_identification:_identify(space_robotics_gz_envs/scripts/utils) by extension 'python'
[0.553s] Level 1:colcon.colcon_core.package_identification:_identify(space_robotics_gz_envs/scripts/utils) by extensions ['python_setup_py']
[0.553s] Level 1:colcon.colcon_core.package_identification:_identify(space_robotics_gz_envs/scripts/utils) by extension 'python_setup_py'
[0.553s] Level 1:colcon.colcon_core.package_identification:_identify(space_robotics_gz_envs/worlds) by extensions ['ignore', 'ignore_ament_install']
[0.553s] Level 1:colcon.colcon_core.package_identification:_identify(space_robotics_gz_envs/worlds) by extension 'ignore'
[0.553s] Level 1:colcon.colcon_core.package_identification:_identify(space_robotics_gz_envs/worlds) by extension 'ignore_ament_install'
[0.553s] Level 1:colcon.colcon_core.package_identification:_identify(space_robotics_gz_envs/worlds) by extensions ['colcon_pkg']
[0.554s] Level 1:colcon.colcon_core.package_identification:_identify(space_robotics_gz_envs/worlds) by extension 'colcon_pkg'
[0.554s] Level 1:colcon.colcon_core.package_identification:_identify(space_robotics_gz_envs/worlds) by extensions ['colcon_meta']
[0.554s] Level 1:colcon.colcon_core.package_identification:_identify(space_robotics_gz_envs/worlds) by extension 'colcon_meta'
[0.554s] Level 1:colcon.colcon_core.package_identification:_identify(space_robotics_gz_envs/worlds) by extensions ['ros']
[0.554s] Level 1:colcon.colcon_core.package_identification:_identify(space_robotics_gz_envs/worlds) by extension 'ros'
[0.554s] Level 1:colcon.colcon_core.package_identification:_identify(space_robotics_gz_envs/worlds) by extensions ['cmake', 'python']
[0.554s] Level 1:colcon.colcon_core.package_identification:_identify(space_robotics_gz_envs/worlds) by extension 'cmake'
[0.554s] Level 1:colcon.colcon_core.package_identification:_identify(space_robotics_gz_envs/worlds) by extension 'python'
[0.554s] Level 1:colcon.colcon_core.package_identification:_identify(space_robotics_gz_envs/worlds) by extensions ['python_setup_py']
[0.554s] Level 1:colcon.colcon_core.package_identification:_identify(space_robotics_gz_envs/worlds) by extension 'python_setup_py'
[0.554s] Level 1:colcon.colcon_core.package_identification:_identify(src) by extensions ['ignore', 'ignore_ament_install']
[0.554s] Level 1:colcon.colcon_core.package_identification:_identify(src) by extension 'ignore'
[0.554s] Level 1:colcon.colcon_core.package_identification:_identify(src) by extension 'ignore_ament_install'
[0.554s] Level 1:colcon.colcon_core.package_identification:_identify(src) by extensions ['colcon_pkg']
[0.554s] Level 1:colcon.colcon_core.package_identification:_identify(src) by extension 'colcon_pkg'
[0.555s] Level 1:colcon.colcon_core.package_identification:_identify(src) by extensions ['colcon_meta']
[0.555s] Level 1:colcon.colcon_core.package_identification:_identify(src) by extension 'colcon_meta'
[0.555s] Level 1:colcon.colcon_core.package_identification:_identify(src) by extensions ['ros']
[0.555s] Level 1:colcon.colcon_core.package_identification:_identify(src) by extension 'ros'
[0.555s] Level 1:colcon.colcon_core.package_identification:_identify(src) by extensions ['cmake', 'python']
[0.555s] Level 1:colcon.colcon_core.package_identification:_identify(src) by extension 'cmake'
[0.555s] Level 1:colcon.colcon_core.package_identification:_identify(src) by extension 'python'
[0.555s] Level 1:colcon.colcon_core.package_identification:_identify(src) by extensions ['python_setup_py']
[0.555s] Level 1:colcon.colcon_core.package_identification:_identify(src) by extension 'python_setup_py'
[0.555s] Level 1:colcon.colcon_core.package_identification:_identify(src/lunabotics_model) by extensions ['ignore', 'ignore_ament_install']
[0.555s] Level 1:colcon.colcon_core.package_identification:_identify(src/lunabotics_model) by extension 'ignore'
[0.555s] Level 1:colcon.colcon_core.package_identification:_identify(src/lunabotics_model) by extension 'ignore_ament_install'
[0.555s] Level 1:colcon.colcon_core.package_identification:_identify(src/lunabotics_model) by extensions ['colcon_pkg']
[0.556s] Level 1:colcon.colcon_core.package_identification:_identify(src/lunabotics_model) by extension 'colcon_pkg'
[0.556s] Level 1:colcon.colcon_core.package_identification:_identify(src/lunabotics_model) by extensions ['colcon_meta']
[0.556s] Level 1:colcon.colcon_core.package_identification:_identify(src/lunabotics_model) by extension 'colcon_meta'
[0.556s] Level 1:colcon.colcon_core.package_identification:_identify(src/lunabotics_model) by extensions ['ros']
[0.556s] Level 1:colcon.colcon_core.package_identification:_identify(src/lunabotics_model) by extension 'ros'
[0.561s] DEBUG:colcon.colcon_core.package_identification:Package 'src/lunabotics_model' with type 'ros.ament_cmake' and name 'lunabotics_model'
[0.562s] Level 1:colcon.colcon_core.package_discovery:discover_packages(recursive) using defaults
[0.562s] Level 1:colcon.colcon_core.package_discovery:discover_packages(ignore) discover
[0.563s] Level 1:colcon.colcon_core.package_discovery:discover_packages(ignore) using defaults
[0.563s] Level 1:colcon.colcon_core.package_discovery:discover_packages(path) discover
[0.563s] Level 1:colcon.colcon_core.package_discovery:discover_packages(path) using defaults
[0.598s] Level 1:colcon.colcon_core.package_discovery:discover_packages(prefix_path) check parameters
[0.598s] Level 1:colcon.colcon_core.package_discovery:discover_packages(prefix_path) discover
[0.603s] DEBUG:colcon.colcon_installed_package_information.package_discovery:Found 2 installed packages in /home/ros2/ws_lsr_nav2_v2/install
[0.604s] DEBUG:colcon.colcon_installed_package_information.package_discovery:Found 2 installed packages in /home/ros2/lsr_ws/install
[0.604s] DEBUG:colcon.colcon_installed_package_information.package_discovery:Found 2 installed packages in /home/ros2/point_lio_ws/install
[0.605s] DEBUG:colcon.colcon_installed_package_information.package_discovery:Found 1 installed packages in /home/ros2/unitree_ws/install
[0.605s] DEBUG:colcon.colcon_installed_package_information.package_discovery:Found 1 installed packages in /home/ros2/ws_pointlio/install
[0.606s] DEBUG:colcon.colcon_installed_package_information.package_discovery:Found 1 installed packages in /home/ros2/ws_lsr_nav2/install
[0.609s] DEBUG:colcon.colcon_installed_package_information.package_discovery:Found 421 installed packages in /opt/ros/jazzy
[0.610s] Level 1:colcon.colcon_core.package_discovery:discover_packages(prefix_path) using defaults
[0.719s] Level 5:colcon.colcon_core.verb:set package 'lunabotics_model' build argument 'cmake_args' from command line to 'None'
[0.719s] Level 5:colcon.colcon_core.verb:set package 'lunabotics_model' build argument 'cmake_target' from command line to 'None'
[0.719s] Level 5:colcon.colcon_core.verb:set package 'lunabotics_model' build argument 'cmake_target_skip_unavailable' from command line to 'False'
[0.719s] Level 5:colcon.colcon_core.verb:set package 'lunabotics_model' build argument 'cmake_clean_cache' from command line to 'False'
[0.719s] Level 5:colcon.colcon_core.verb:set package 'lunabotics_model' build argument 'cmake_clean_first' from command line to 'False'
[0.719s] Level 5:colcon.colcon_core.verb:set package 'lunabotics_model' build argument 'cmake_force_configure' from command line to 'False'
[0.719s] Level 5:colcon.colcon_core.verb:set package 'lunabotics_model' build argument 'ament_cmake_args' from command line to 'None'
[0.719s] Level 5:colcon.colcon_core.verb:set package 'lunabotics_model' build argument 'catkin_cmake_args' from command line to 'None'
[0.719s] Level 5:colcon.colcon_core.verb:set package 'lunabotics_model' build argument 'catkin_skip_building_tests' from command line to 'False'
[0.720s] DEBUG:colcon.colcon_core.verb:Building package 'lunabotics_model' with the following arguments: {'ament_cmake_args': None, 'build_base': '/home/ros2/Documents/NASA/lunabotics_sim/build/lunabotics_model', 'catkin_cmake_args': None, 'catkin_skip_building_tests': False, 'cmake_args': None, 'cmake_clean_cache': False, 'cmake_clean_first': False, 'cmake_force_configure': False, 'cmake_target': None, 'cmake_target_skip_unavailable': False, 'install_base': '/home/ros2/Documents/NASA/lunabotics_sim/install/lunabotics_model', 'merge_install': False, 'path': '/home/ros2/Documents/NASA/lunabotics_sim/src/lunabotics_model', 'symlink_install': False, 'test_result_base': None}
[0.720s] INFO:colcon.colcon_core.executor:Executing jobs using 'parallel' executor
[0.721s] DEBUG:colcon.colcon_parallel_executor.executor.parallel:run_until_complete
[0.722s] INFO:colcon.colcon_ros.task.ament_cmake.build:Building ROS package in '/home/ros2/Documents/NASA/lunabotics_sim/src/lunabotics_model' with build type 'ament_cmake'
[0.724s] INFO:colcon.colcon_cmake.task.cmake.build:Building CMake package in '/home/ros2/Documents/NASA/lunabotics_sim/src/lunabotics_model'
[0.736s] INFO:colcon.colcon_core.plugin_system:Skipping extension 'colcon_core.shell.bat': Not used on non-Windows systems
[0.737s] INFO:colcon.colcon_core.shell:Skip shell extension 'powershell' for command environment: Not usable outside of PowerShell
[0.737s] DEBUG:colcon.colcon_core.shell:Skip shell extension 'dsv' for command environment
[0.777s] DEBUG:colcon.colcon_core.event_handler.log_command:Invoking command in '/home/ros2/Documents/NASA/lunabotics_sim/build/lunabotics_model': CMAKE_PREFIX_PATH=${CMAKE_PREFIX_PATH}:/home/ros2/ws_lsr_nav2_v2/install/lsr_description:/home/ros2/lsr_ws/install/navigation:/home/ros2/lsr_ws/install/lsr_description:/opt/ros/jazzy DEBUGINFOD_URLS=https://debuginfod.ubuntu.com /usr/bin/cmake --build /home/ros2/Documents/NASA/lunabotics_sim/build/lunabotics_model -- -j8 -l8
[0.881s] DEBUG:colcon.colcon_core.event_handler.log_command:Invoked command in '/home/ros2/Documents/NASA/lunabotics_sim/build/lunabotics_model' returned '0': CMAKE_PREFIX_PATH=${CMAKE_PREFIX_PATH}:/home/ros2/ws_lsr_nav2_v2/install/lsr_description:/home/ros2/lsr_ws/install/navigation:/home/ros2/lsr_ws/install/lsr_description:/opt/ros/jazzy DEBUGINFOD_URLS=https://debuginfod.ubuntu.com /usr/bin/cmake --build /home/ros2/Documents/NASA/lunabotics_sim/build/lunabotics_model -- -j8 -l8
[0.906s] DEBUG:colcon.colcon_core.event_handler.log_command:Invoking command in '/home/ros2/Documents/NASA/lunabotics_sim/build/lunabotics_model': CMAKE_PREFIX_PATH=${CMAKE_PREFIX_PATH}:/home/ros2/ws_lsr_nav2_v2/install/lsr_description:/home/ros2/lsr_ws/install/navigation:/home/ros2/lsr_ws/install/lsr_description:/opt/ros/jazzy DEBUGINFOD_URLS=https://debuginfod.ubuntu.com /usr/bin/cmake --install /home/ros2/Documents/NASA/lunabotics_sim/build/lunabotics_model
[0.941s] Level 1:colcon.colcon_core.environment:create_environment_scripts_only(lunabotics_model)
[0.948s] DEBUG:colcon.colcon_core.event_handler.log_command:Invoked command in '/home/ros2/Documents/NASA/lunabotics_sim/build/lunabotics_model' returned '0': CMAKE_PREFIX_PATH=${CMAKE_PREFIX_PATH}:/home/ros2/ws_lsr_nav2_v2/install/lsr_description:/home/ros2/lsr_ws/install/navigation:/home/ros2/lsr_ws/install/lsr_description:/opt/ros/jazzy DEBUGINFOD_URLS=https://debuginfod.ubuntu.com /usr/bin/cmake --install /home/ros2/Documents/NASA/lunabotics_sim/build/lunabotics_model
[0.953s] Level 1:colcon.colcon_core.environment:checking '/home/ros2/Documents/NASA/lunabotics_sim/install/lunabotics_model' for CMake module files
[0.960s] Level 1:colcon.colcon_core.environment:checking '/home/ros2/Documents/NASA/lunabotics_sim/install/lunabotics_model' for CMake config files
[0.961s] Level 1:colcon.colcon_core.shell:create_environment_hook('lunabotics_model', 'cmake_prefix_path')
[0.963s] INFO:colcon.colcon_core.shell:Creating environment hook '/home/ros2/Documents/NASA/lunabotics_sim/install/lunabotics_model/share/lunabotics_model/hook/cmake_prefix_path.ps1'
[0.967s] INFO:colcon.colcon_core.shell:Creating environment descriptor '/home/ros2/Documents/NASA/lunabotics_sim/install/lunabotics_model/share/lunabotics_model/hook/cmake_prefix_path.dsv'
[0.968s] INFO:colcon.colcon_core.shell:Creating environment hook '/home/ros2/Documents/NASA/lunabotics_sim/install/lunabotics_model/share/lunabotics_model/hook/cmake_prefix_path.sh'
[0.970s] Level 1:colcon.colcon_core.environment:checking '/home/ros2/Documents/NASA/lunabotics_sim/install/lunabotics_model/bin'
[0.970s] Level 1:colcon.colcon_core.environment:checking '/home/ros2/Documents/NASA/lunabotics_sim/install/lunabotics_model/lib/pkgconfig/lunabotics_model.pc'
[0.971s] Level 1:colcon.colcon_core.environment:checking '/home/ros2/Documents/NASA/lunabotics_sim/install/lunabotics_model/lib/python3.12/site-packages'
[0.971s] Level 1:colcon.colcon_core.environment:checking '/home/ros2/Documents/NASA/lunabotics_sim/install/lunabotics_model/bin'
[0.975s] INFO:colcon.colcon_core.shell:Creating package script '/home/ros2/Documents/NASA/lunabotics_sim/install/lunabotics_model/share/lunabotics_model/package.ps1'
[0.977s] INFO:colcon.colcon_core.shell:Creating package descriptor '/home/ros2/Documents/NASA/lunabotics_sim/install/lunabotics_model/share/lunabotics_model/package.dsv'
[0.978s] INFO:colcon.colcon_core.shell:Creating package script '/home/ros2/Documents/NASA/lunabotics_sim/install/lunabotics_model/share/lunabotics_model/package.sh'
[0.979s] INFO:colcon.colcon_core.shell:Creating package script '/home/ros2/Documents/NASA/lunabotics_sim/install/lunabotics_model/share/lunabotics_model/package.bash'
[0.983s] INFO:colcon.colcon_core.shell:Creating package script '/home/ros2/Documents/NASA/lunabotics_sim/install/lunabotics_model/share/lunabotics_model/package.zsh'
[0.984s] Level 1:colcon.colcon_core.environment:create_file_with_runtime_dependencies(/home/ros2/Documents/NASA/lunabotics_sim/install/lunabotics_model/share/colcon-core/packages/lunabotics_model)
[0.984s] Level 1:colcon.colcon_core.environment:create_environment_scripts_only(lunabotics_model)
[0.984s] Level 1:colcon.colcon_core.environment:checking '/home/ros2/Documents/NASA/lunabotics_sim/install/lunabotics_model' for CMake module files
[0.985s] Level 1:colcon.colcon_core.environment:checking '/home/ros2/Documents/NASA/lunabotics_sim/install/lunabotics_model' for CMake config files
[0.985s] Level 1:colcon.colcon_core.shell:create_environment_hook('lunabotics_model', 'cmake_prefix_path')
[0.986s] INFO:colcon.colcon_core.shell:Creating environment hook '/home/ros2/Documents/NASA/lunabotics_sim/install/lunabotics_model/share/lunabotics_model/hook/cmake_prefix_path.ps1'
[0.989s] INFO:colcon.colcon_core.shell:Creating environment descriptor '/home/ros2/Documents/NASA/lunabotics_sim/install/lunabotics_model/share/lunabotics_model/hook/cmake_prefix_path.dsv'
[0.989s] INFO:colcon.colcon_core.shell:Creating environment hook '/home/ros2/Documents/NASA/lunabotics_sim/install/lunabotics_model/share/lunabotics_model/hook/cmake_prefix_path.sh'
[0.991s] Level 1:colcon.colcon_core.environment:checking '/home/ros2/Documents/NASA/lunabotics_sim/install/lunabotics_model/bin'
[0.991s] Level 1:colcon.colcon_core.environment:checking '/home/ros2/Documents/NASA/lunabotics_sim/install/lunabotics_model/lib/pkgconfig/lunabotics_model.pc'
[0.991s] Level 1:colcon.colcon_core.environment:checking '/home/ros2/Documents/NASA/lunabotics_sim/install/lunabotics_model/lib/python3.12/site-packages'
[0.992s] Level 1:colcon.colcon_core.environment:checking '/home/ros2/Documents/NASA/lunabotics_sim/install/lunabotics_model/bin'
[0.992s] INFO:colcon.colcon_core.shell:Creating package script '/home/ros2/Documents/NASA/lunabotics_sim/install/lunabotics_model/share/lunabotics_model/package.ps1'
[0.992s] INFO:colcon.colcon_core.shell:Creating package descriptor '/home/ros2/Documents/NASA/lunabotics_sim/install/lunabotics_model/share/lunabotics_model/package.dsv'
[0.996s] INFO:colcon.colcon_core.shell:Creating package script '/home/ros2/Documents/NASA/lunabotics_sim/install/lunabotics_model/share/lunabotics_model/package.sh'
[0.996s] INFO:colcon.colcon_core.shell:Creating package script '/home/ros2/Documents/NASA/lunabotics_sim/install/lunabotics_model/share/lunabotics_model/package.bash'
[0.997s] INFO:colcon.colcon_core.shell:Creating package script '/home/ros2/Documents/NASA/lunabotics_sim/install/lunabotics_model/share/lunabotics_model/package.zsh'
[0.997s] Level 1:colcon.colcon_core.environment:create_file_with_runtime_dependencies(/home/ros2/Documents/NASA/lunabotics_sim/install/lunabotics_model/share/colcon-core/packages/lunabotics_model)
[0.997s] DEBUG:colcon.colcon_parallel_executor.executor.parallel:closing loop
[0.997s] DEBUG:colcon.colcon_parallel_executor.executor.parallel:loop closed
[0.997s] DEBUG:colcon.colcon_parallel_executor.executor.parallel:run_until_complete finished with '0'
[0.997s] DEBUG:colcon.colcon_core.event_reactor:joining thread
[1.013s] INFO:colcon.colcon_core.plugin_system:Skipping extension 'colcon_notification.desktop_notification.terminal_notifier': Not used on non-Darwin systems
[1.013s] INFO:colcon.colcon_core.plugin_system:Skipping extension 'colcon_notification.desktop_notification.win32': Not used on non-Windows systems
[1.013s] INFO:colcon.colcon_notification.desktop_notification:Sending desktop notification using 'notify2'
[1.013s] DEBUG:colcon.colcon_notification.desktop_notification.notify2:Failed to initialize notify2: org.freedesktop.DBus.Error.AccessDenied: Failed to connect to socket /run/user/1000/bus: Operation not permitted
[1.014s] DEBUG:colcon.colcon_core.event_reactor:joined thread
[1.014s] INFO:colcon.colcon_core.shell:Creating prefix script '/home/ros2/Documents/NASA/lunabotics_sim/install/local_setup.ps1'
[1.015s] INFO:colcon.colcon_core.shell:Creating prefix util module '/home/ros2/Documents/NASA/lunabotics_sim/install/_local_setup_util_ps1.py'
[1.016s] INFO:colcon.colcon_core.shell:Creating prefix chain script '/home/ros2/Documents/NASA/lunabotics_sim/install/setup.ps1'
[1.018s] INFO:colcon.colcon_core.shell:Creating prefix script '/home/ros2/Documents/NASA/lunabotics_sim/install/local_setup.sh'
[1.018s] INFO:colcon.colcon_core.shell:Creating prefix util module '/home/ros2/Documents/NASA/lunabotics_sim/install/_local_setup_util_sh.py'
[1.019s] INFO:colcon.colcon_core.shell:Creating prefix chain script '/home/ros2/Documents/NASA/lunabotics_sim/install/setup.sh'
[1.022s] INFO:colcon.colcon_core.shell:Creating prefix script '/home/ros2/Documents/NASA/lunabotics_sim/install/local_setup.bash'
[1.022s] INFO:colcon.colcon_core.shell:Creating prefix chain script '/home/ros2/Documents/NASA/lunabotics_sim/install/setup.bash'
[1.026s] INFO:colcon.colcon_core.shell:Creating prefix script '/home/ros2/Documents/NASA/lunabotics_sim/install/local_setup.zsh'
[1.027s] INFO:colcon.colcon_core.shell:Creating prefix chain script '/home/ros2/Documents/NASA/lunabotics_sim/install/setup.zsh'
