[0.230s] DEBUG:colcon:Command line arguments: ['/usr/bin/colcon', 'build', '--packages-select', 'lunabotics_model']
[0.230s] DEBUG:colcon:Parsed command line arguments: Namespace(log_base=None, log_level=None, verb_name='build', build_base='build', install_base='install', merge_install=False, symlink_install=False, test_result_base=None, continue_on_error=False, executor='parallel', parallel_workers=8, event_handlers=None, ignore_user_meta=False, metas=['./colcon.meta'], base_paths=['.'], packages_ignore=None, packages_ignore_regex=None, paths=None, packages_up_to=None, packages_up_to_regex=None, packages_above=None, packages_above_and_dependencies=None, packages_above_depth=None, packages_select_by_dep=None, packages_skip_by_dep=None, packages_skip_up_to=None, packages_select_build_failed=False, packages_skip_build_finished=False, packages_select_test_failures=False, packages_skip_test_passed=False, packages_select=['lunabotics_model'], packages_skip=None, packages_select_regex=None, packages_skip_regex=None, packages_start=None, packages_end=None, allow_overriding=[], cmake_args=None, cmake_target=None, cmake_target_skip_unavailable=False, cmake_clean_cache=False, cmake_clean_first=False, cmake_force_configure=False, ament_cmake_args=None, catkin_cmake_args=None, catkin_skip_building_tests=False, mixin_files=None, mixin=None, verb_parser=<colcon_mixin.mixin.mixin_argument.MixinArgumentDecorator object at 0x70f0d8fffe90>, verb_extension=<colcon_core.verb.build.BuildVerb object at 0x70f0d99b2240>, main=<bound method BuildVerb.main of <colcon_core.verb.build.BuildVerb object at 0x70f0d99b2240>>, mixin_verb=('build',))
[0.282s] Level 1:colcon.colcon_core.package_discovery:discover_packages(colcon_meta) check parameters
[0.282s] Level 1:colcon.colcon_core.package_discovery:discover_packages(recursive) check parameters
[0.282s] Level 1:colcon.colcon_core.package_discovery:discover_packages(ignore) check parameters
[0.282s] Level 1:colcon.colcon_core.package_discovery:discover_packages(path) check parameters
[0.282s] Level 1:colcon.colcon_core.package_discovery:discover_packages(colcon_meta) discover
[0.282s] Level 1:colcon.colcon_core.package_discovery:discover_packages(recursive) discover
[0.282s] INFO:colcon.colcon_core.package_discovery:Crawling recursively for packages in '/home/ros2/Documents/NASA/lunabotics_sim'
[0.282s] Level 1:colcon.colcon_core.package_identification:_identify(.) by extensions ['ignore', 'ignore_ament_install']
[0.282s] Level 1:colcon.colcon_core.package_identification:_identify(.) by extension 'ignore'
[0.282s] Level 1:colcon.colcon_core.package_identification:_identify(.) by extension 'ignore_ament_install'
[0.282s] Level 1:colcon.colcon_core.package_identification:_identify(.) by extensions ['colcon_pkg']
[0.282s] Level 1:colcon.colcon_core.package_identification:_identify(.) by extension 'colcon_pkg'
[0.282s] Level 1:colcon.colcon_core.package_identification:_identify(.) by extensions ['colcon_meta']
[0.282s] Level 1:colcon.colcon_core.package_identification:_identify(.) by extension 'colcon_meta'
[0.282s] Level 1:colcon.colcon_core.package_identification:_identify(.) by extensions ['ros']
[0.282s] Level 1:colcon.colcon_core.package_identification:_identify(.) by extension 'ros'
[0.312s] Level 1:colcon.colcon_core.package_identification:_identify(.) by extensions ['cmake', 'python']
[0.312s] Level 1:colcon.colcon_core.package_identification:_identify(.) by extension 'cmake'
[0.312s] Level 1:colcon.colcon_core.package_identification:_identify(.) by extension 'python'
[0.312s] Level 1:colcon.colcon_core.package_identification:_identify(.) by extensions ['python_setup_py']
[0.312s] Level 1:colcon.colcon_core.package_identification:_identify(.) by extension 'python_setup_py'
[0.312s] Level 1:colcon.colcon_core.package_identification:_identify(Assembly 1) by extensions ['ignore', 'ignore_ament_install']
[0.312s] Level 1:colcon.colcon_core.package_identification:_identify(Assembly 1) by extension 'ignore'
[0.312s] Level 1:colcon.colcon_core.package_identification:_identify(Assembly 1) by extension 'ignore_ament_install'
[0.312s] Level 1:colcon.colcon_core.package_identification:_identify(Assembly 1) by extensions ['colcon_pkg']
[0.312s] Level 1:colcon.colcon_core.package_identification:_identify(Assembly 1) by extension 'colcon_pkg'
[0.312s] Level 1:colcon.colcon_core.package_identification:_identify(Assembly 1) by extensions ['colcon_meta']
[0.312s] Level 1:colcon.colcon_core.package_identification:_identify(Assembly 1) by extension 'colcon_meta'
[0.312s] Level 1:colcon.colcon_core.package_identification:_identify(Assembly 1) by extensions ['ros']
[0.312s] Level 1:colcon.colcon_core.package_identification:_identify(Assembly 1) by extension 'ros'
[0.313s] Level 1:colcon.colcon_core.package_identification:_identify(Assembly 1) by extensions ['cmake', 'python']
[0.313s] Level 1:colcon.colcon_core.package_identification:_identify(Assembly 1) by extension 'cmake'
[0.313s] Level 1:colcon.colcon_core.package_identification:_identify(Assembly 1) by extension 'python'
[0.313s] Level 1:colcon.colcon_core.package_identification:_identify(Assembly 1) by extensions ['python_setup_py']
[0.313s] Level 1:colcon.colcon_core.package_identification:_identify(Assembly 1) by extension 'python_setup_py'
[0.313s] Level 1:colcon.colcon_core.package_identification:_identify(Assembly 1/assembly_1) by extensions ['ignore', 'ignore_ament_install']
[0.313s] Level 1:colcon.colcon_core.package_identification:_identify(Assembly 1/assembly_1) by extension 'ignore'
[0.313s] Level 1:colcon.colcon_core.package_identification:_identify(Assembly 1/assembly_1) by extension 'ignore_ament_install'
[0.313s] Level 1:colcon.colcon_core.package_identification:_identify(Assembly 1/assembly_1) by extensions ['colcon_pkg']
[0.313s] Level 1:colcon.colcon_core.package_identification:_identify(Assembly 1/assembly_1) by extension 'colcon_pkg'
[0.313s] Level 1:colcon.colcon_core.package_identification:_identify(Assembly 1/assembly_1) by extensions ['colcon_meta']
[0.314s] Level 1:colcon.colcon_core.package_identification:_identify(Assembly 1/assembly_1) by extension 'colcon_meta'
[0.314s] Level 1:colcon.colcon_core.package_identification:_identify(Assembly 1/assembly_1) by extensions ['ros']
[0.314s] Level 1:colcon.colcon_core.package_identification:_identify(Assembly 1/assembly_1) by extension 'ros'
[0.314s] Level 1:colcon.colcon_core.package_identification:_identify(Assembly 1/assembly_1) by extensions ['cmake', 'python']
[0.314s] Level 1:colcon.colcon_core.package_identification:_identify(Assembly 1/assembly_1) by extension 'cmake'
[0.314s] Level 1:colcon.colcon_core.package_identification:_identify(Assembly 1/assembly_1) by extension 'python'
[0.314s] Level 1:colcon.colcon_core.package_identification:_identify(Assembly 1/assembly_1) by extensions ['python_setup_py']
[0.314s] Level 1:colcon.colcon_core.package_identification:_identify(Assembly 1/assembly_1) by extension 'python_setup_py'
[0.314s] Level 1:colcon.colcon_core.package_identification:_identify(Assembly 1/assembly_1/launch) by extensions ['ignore', 'ignore_ament_install']
[0.314s] Level 1:colcon.colcon_core.package_identification:_identify(Assembly 1/assembly_1/launch) by extension 'ignore'
[0.314s] Level 1:colcon.colcon_core.package_identification:_identify(Assembly 1/assembly_1/launch) by extension 'ignore_ament_install'
[0.314s] Level 1:colcon.colcon_core.package_identification:_identify(Assembly 1/assembly_1/launch) by extensions ['colcon_pkg']
[0.314s] Level 1:colcon.colcon_core.package_identification:_identify(Assembly 1/assembly_1/launch) by extension 'colcon_pkg'
[0.314s] Level 1:colcon.colcon_core.package_identification:_identify(Assembly 1/assembly_1/launch) by extensions ['colcon_meta']
[0.314s] Level 1:colcon.colcon_core.package_identification:_identify(Assembly 1/assembly_1/launch) by extension 'colcon_meta'
[0.314s] Level 1:colcon.colcon_core.package_identification:_identify(Assembly 1/assembly_1/launch) by extensions ['ros']
[0.314s] Level 1:colcon.colcon_core.package_identification:_identify(Assembly 1/assembly_1/launch) by extension 'ros'
[0.314s] Level 1:colcon.colcon_core.package_identification:_identify(Assembly 1/assembly_1/launch) by extensions ['cmake', 'python']
[0.314s] Level 1:colcon.colcon_core.package_identification:_identify(Assembly 1/assembly_1/launch) by extension 'cmake'
[0.314s] Level 1:colcon.colcon_core.package_identification:_identify(Assembly 1/assembly_1/launch) by extension 'python'
[0.314s] Level 1:colcon.colcon_core.package_identification:_identify(Assembly 1/assembly_1/launch) by extensions ['python_setup_py']
[0.314s] Level 1:colcon.colcon_core.package_identification:_identify(Assembly 1/assembly_1/launch) by extension 'python_setup_py'
[0.314s] Level 1:colcon.colcon_core.package_identification:_identify(Assembly 1/assembly_1/meshes) by extensions ['ignore', 'ignore_ament_install']
[0.314s] Level 1:colcon.colcon_core.package_identification:_identify(Assembly 1/assembly_1/meshes) by extension 'ignore'
[0.314s] Level 1:colcon.colcon_core.package_identification:_identify(Assembly 1/assembly_1/meshes) by extension 'ignore_ament_install'
[0.314s] Level 1:colcon.colcon_core.package_identification:_identify(Assembly 1/assembly_1/meshes) by extensions ['colcon_pkg']
[0.314s] Level 1:colcon.colcon_core.package_identification:_identify(Assembly 1/assembly_1/meshes) by extension 'colcon_pkg'
[0.314s] Level 1:colcon.colcon_core.package_identification:_identify(Assembly 1/assembly_1/meshes) by extensions ['colcon_meta']
[0.315s] Level 1:colcon.colcon_core.package_identification:_identify(Assembly 1/assembly_1/meshes) by extension 'colcon_meta'
[0.315s] Level 1:colcon.colcon_core.package_identification:_identify(Assembly 1/assembly_1/meshes) by extensions ['ros']
[0.315s] Level 1:colcon.colcon_core.package_identification:_identify(Assembly 1/assembly_1/meshes) by extension 'ros'
[0.315s] Level 1:colcon.colcon_core.package_identification:_identify(Assembly 1/assembly_1/meshes) by extensions ['cmake', 'python']
[0.315s] Level 1:colcon.colcon_core.package_identification:_identify(Assembly 1/assembly_1/meshes) by extension 'cmake'
[0.315s] Level 1:colcon.colcon_core.package_identification:_identify(Assembly 1/assembly_1/meshes) by extension 'python'
[0.315s] Level 1:colcon.colcon_core.package_identification:_identify(Assembly 1/assembly_1/meshes) by extensions ['python_setup_py']
[0.315s] Level 1:colcon.colcon_core.package_identification:_identify(Assembly 1/assembly_1/meshes) by extension 'python_setup_py'
[0.315s] Level 1:colcon.colcon_core.package_identification:_identify(Assembly 1/assembly_1/urdf) by extensions ['ignore', 'ignore_ament_install']
[0.315s] Level 1:colcon.colcon_core.package_identification:_identify(Assembly 1/assembly_1/urdf) by extension 'ignore'
[0.315s] Level 1:colcon.colcon_core.package_identification:_identify(Assembly 1/assembly_1/urdf) by extension 'ignore_ament_install'
[0.315s] Level 1:colcon.colcon_core.package_identification:_identify(Assembly 1/assembly_1/urdf) by extensions ['colcon_pkg']
[0.315s] Level 1:colcon.colcon_core.package_identification:_identify(Assembly 1/assembly_1/urdf) by extension 'colcon_pkg'
[0.315s] Level 1:colcon.colcon_core.package_identification:_identify(Assembly 1/assembly_1/urdf) by extensions ['colcon_meta']
[0.315s] Level 1:colcon.colcon_core.package_identification:_identify(Assembly 1/assembly_1/urdf) by extension 'colcon_meta'
[0.315s] Level 1:colcon.colcon_core.package_identification:_identify(Assembly 1/assembly_1/urdf) by extensions ['ros']
[0.315s] Level 1:colcon.colcon_core.package_identification:_identify(Assembly 1/assembly_1/urdf) by extension 'ros'
[0.315s] Level 1:colcon.colcon_core.package_identification:_identify(Assembly 1/assembly_1/urdf) by extensions ['cmake', 'python']
[0.315s] Level 1:colcon.colcon_core.package_identification:_identify(Assembly 1/assembly_1/urdf) by extension 'cmake'
[0.315s] Level 1:colcon.colcon_core.package_identification:_identify(Assembly 1/assembly_1/urdf) by extension 'python'
[0.315s] Level 1:colcon.colcon_core.package_identification:_identify(Assembly 1/assembly_1/urdf) by extensions ['python_setup_py']
[0.315s] Level 1:colcon.colcon_core.package_identification:_identify(Assembly 1/assembly_1/urdf) by extension 'python_setup_py'
[0.315s] Level 1:colcon.colcon_core.package_identification:_identify(Screenshots) by extensions ['ignore', 'ignore_ament_install']
[0.315s] Level 1:colcon.colcon_core.package_identification:_identify(Screenshots) by extension 'ignore'
[0.315s] Level 1:colcon.colcon_core.package_identification:_identify(Screenshots) by extension 'ignore_ament_install'
[0.315s] Level 1:colcon.colcon_core.package_identification:_identify(Screenshots) by extensions ['colcon_pkg']
[0.315s] Level 1:colcon.colcon_core.package_identification:_identify(Screenshots) by extension 'colcon_pkg'
[0.315s] Level 1:colcon.colcon_core.package_identification:_identify(Screenshots) by extensions ['colcon_meta']
[0.315s] Level 1:colcon.colcon_core.package_identification:_identify(Screenshots) by extension 'colcon_meta'
[0.315s] Level 1:colcon.colcon_core.package_identification:_identify(Screenshots) by extensions ['ros']
[0.316s] Level 1:colcon.colcon_core.package_identification:_identify(Screenshots) by extension 'ros'
[0.316s] Level 1:colcon.colcon_core.package_identification:_identify(Screenshots) by extensions ['cmake', 'python']
[0.316s] Level 1:colcon.colcon_core.package_identification:_identify(Screenshots) by extension 'cmake'
[0.316s] Level 1:colcon.colcon_core.package_identification:_identify(Screenshots) by extension 'python'
[0.316s] Level 1:colcon.colcon_core.package_identification:_identify(Screenshots) by extensions ['python_setup_py']
[0.316s] Level 1:colcon.colcon_core.package_identification:_identify(Screenshots) by extension 'python_setup_py'
[0.316s] Level 1:colcon.colcon_core.package_identification:_identify(build) by extensions ['ignore', 'ignore_ament_install']
[0.316s] Level 1:colcon.colcon_core.package_identification:_identify(build) by extension 'ignore'
[0.316s] Level 1:colcon.colcon_core.package_identification:_identify(build) ignored
[0.316s] Level 1:colcon.colcon_core.package_identification:_identify(install) by extensions ['ignore', 'ignore_ament_install']
[0.316s] Level 1:colcon.colcon_core.package_identification:_identify(install) by extension 'ignore'
[0.316s] Level 1:colcon.colcon_core.package_identification:_identify(install) ignored
[0.316s] Level 1:colcon.colcon_core.package_identification:_identify(log) by extensions ['ignore', 'ignore_ament_install']
[0.316s] Level 1:colcon.colcon_core.package_identification:_identify(log) by extension 'ignore'
[0.316s] Level 1:colcon.colcon_core.package_identification:_identify(log) ignored
[0.316s] Level 1:colcon.colcon_core.package_identification:_identify(space_robotics_gz_envs) by extensions ['ignore', 'ignore_ament_install']
[0.316s] Level 1:colcon.colcon_core.package_identification:_identify(space_robotics_gz_envs) by extension 'ignore'
[0.316s] Level 1:colcon.colcon_core.package_identification:_identify(space_robotics_gz_envs) by extension 'ignore_ament_install'
[0.316s] Level 1:colcon.colcon_core.package_identification:_identify(space_robotics_gz_envs) by extensions ['colcon_pkg']
[0.316s] Level 1:colcon.colcon_core.package_identification:_identify(space_robotics_gz_envs) by extension 'colcon_pkg'
[0.316s] Level 1:colcon.colcon_core.package_identification:_identify(space_robotics_gz_envs) by extensions ['colcon_meta']
[0.316s] Level 1:colcon.colcon_core.package_identification:_identify(space_robotics_gz_envs) by extension 'colcon_meta'
[0.316s] Level 1:colcon.colcon_core.package_identification:_identify(space_robotics_gz_envs) by extensions ['ros']
[0.316s] Level 1:colcon.colcon_core.package_identification:_identify(space_robotics_gz_envs) by extension 'ros'
[0.317s] Level 1:colcon.colcon_core.package_identification:_identify(space_robotics_gz_envs) by extensions ['cmake', 'python']
[0.317s] Level 1:colcon.colcon_core.package_identification:_identify(space_robotics_gz_envs) by extension 'cmake'
[0.317s] Level 1:colcon.colcon_core.package_identification:_identify(space_robotics_gz_envs) by extension 'python'
[0.317s] Level 1:colcon.colcon_core.package_identification:_identify(space_robotics_gz_envs) by extensions ['python_setup_py']
[0.317s] Level 1:colcon.colcon_core.package_identification:_identify(space_robotics_gz_envs) by extension 'python_setup_py'
[0.317s] Level 1:colcon.colcon_core.package_identification:_identify(space_robotics_gz_envs/assets) by extensions ['ignore', 'ignore_ament_install']
[0.317s] Level 1:colcon.colcon_core.package_identification:_identify(space_robotics_gz_envs/assets) by extension 'ignore'
[0.317s] Level 1:colcon.colcon_core.package_identification:_identify(space_robotics_gz_envs/assets) by extension 'ignore_ament_install'
[0.317s] Level 1:colcon.colcon_core.package_identification:_identify(space_robotics_gz_envs/assets) by extensions ['colcon_pkg']
[0.317s] Level 1:colcon.colcon_core.package_identification:_identify(space_robotics_gz_envs/assets) by extension 'colcon_pkg'
[0.317s] Level 1:colcon.colcon_core.package_identification:_identify(space_robotics_gz_envs/assets) by extensions ['colcon_meta']
[0.317s] Level 1:colcon.colcon_core.package_identification:_identify(space_robotics_gz_envs/assets) by extension 'colcon_meta'
[0.317s] Level 1:colcon.colcon_core.package_identification:_identify(space_robotics_gz_envs/assets) by extensions ['ros']
[0.317s] Level 1:colcon.colcon_core.package_identification:_identify(space_robotics_gz_envs/assets) by extension 'ros'
[0.317s] Level 1:colcon.colcon_core.package_identification:_identify(space_robotics_gz_envs/assets) by extensions ['cmake', 'python']
[0.317s] Level 1:colcon.colcon_core.package_identification:_identify(space_robotics_gz_envs/assets) by extension 'cmake'
[0.317s] Level 1:colcon.colcon_core.package_identification:_identify(space_robotics_gz_envs/assets) by extension 'python'
[0.317s] Level 1:colcon.colcon_core.package_identification:_identify(space_robotics_gz_envs/assets) by extensions ['python_setup_py']
[0.317s] Level 1:colcon.colcon_core.package_identification:_identify(space_robotics_gz_envs/assets) by extension 'python_setup_py'
[0.317s] Level 1:colcon.colcon_core.package_identification:_identify(space_robotics_gz_envs/assets/cache) by extensions ['ignore', 'ignore_ament_install']
[0.317s] Level 1:colcon.colcon_core.package_identification:_identify(space_robotics_gz_envs/assets/cache) by extension 'ignore'
[0.317s] Level 1:colcon.colcon_core.package_identification:_identify(space_robotics_gz_envs/assets/cache) by extension 'ignore_ament_install'
[0.317s] Level 1:colcon.colcon_core.package_identification:_identify(space_robotics_gz_envs/assets/cache) by extensions ['colcon_pkg']
[0.317s] Level 1:colcon.colcon_core.package_identification:_identify(space_robotics_gz_envs/assets/cache) by extension 'colcon_pkg'
[0.317s] Level 1:colcon.colcon_core.package_identification:_identify(space_robotics_gz_envs/assets/cache) by extensions ['colcon_meta']
[0.318s] Level 1:colcon.colcon_core.package_identification:_identify(space_robotics_gz_envs/assets/cache) by extension 'colcon_meta'
[0.318s] Level 1:colcon.colcon_core.package_identification:_identify(space_robotics_gz_envs/assets/cache) by extensions ['ros']
[0.318s] Level 1:colcon.colcon_core.package_identification:_identify(space_robotics_gz_envs/assets/cache) by extension 'ros'
[0.318s] Level 1:colcon.colcon_core.package_identification:_identify(space_robotics_gz_envs/assets/cache) by extensions ['cmake', 'python']
[0.318s] Level 1:colcon.colcon_core.package_identification:_identify(space_robotics_gz_envs/assets/cache) by extension 'cmake'
[0.318s] Level 1:colcon.colcon_core.package_identification:_identify(space_robotics_gz_envs/assets/cache) by extension 'python'
[0.318s] Level 1:colcon.colcon_core.package_identification:_identify(space_robotics_gz_envs/assets/cache) by extensions ['python_setup_py']
[0.318s] Level 1:colcon.colcon_core.package_identification:_identify(space_robotics_gz_envs/assets/cache) by extension 'python_setup_py'
[0.318s] Level 1:colcon.colcon_core.package_identification:_identify(space_robotics_gz_envs/assets/srb_assets) by extensions ['ignore', 'ignore_ament_install']
[0.318s] Level 1:colcon.colcon_core.package_identification:_identify(space_robotics_gz_envs/assets/srb_assets) by extension 'ignore'
[0.318s] Level 1:colcon.colcon_core.package_identification:_identify(space_robotics_gz_envs/assets/srb_assets) by extension 'ignore_ament_install'
[0.318s] Level 1:colcon.colcon_core.package_identification:_identify(space_robotics_gz_envs/assets/srb_assets) by extensions ['colcon_pkg']
[0.318s] Level 1:colcon.colcon_core.package_identification:_identify(space_robotics_gz_envs/assets/srb_assets) by extension 'colcon_pkg'
[0.318s] Level 1:colcon.colcon_core.package_identification:_identify(space_robotics_gz_envs/assets/srb_assets) by extensions ['colcon_meta']
[0.318s] Level 1:colcon.colcon_core.package_identification:_identify(space_robotics_gz_envs/assets/srb_assets) by extension 'colcon_meta'
[0.318s] Level 1:colcon.colcon_core.package_identification:_identify(space_robotics_gz_envs/assets/srb_assets) by extensions ['ros']
[0.318s] Level 1:colcon.colcon_core.package_identification:_identify(space_robotics_gz_envs/assets/srb_assets) by extension 'ros'
[0.318s] Level 1:colcon.colcon_core.package_identification:_identify(space_robotics_gz_envs/assets/srb_assets) by extensions ['cmake', 'python']
[0.318s] Level 1:colcon.colcon_core.package_identification:_identify(space_robotics_gz_envs/assets/srb_assets) by extension 'cmake'
[0.318s] Level 1:colcon.colcon_core.package_identification:_identify(space_robotics_gz_envs/assets/srb_assets) by extension 'python'
[0.318s] Level 1:colcon.colcon_core.package_identification:_identify(space_robotics_gz_envs/assets/srb_assets) by extensions ['python_setup_py']
[0.318s] Level 1:colcon.colcon_core.package_identification:_identify(space_robotics_gz_envs/assets/srb_assets) by extension 'python_setup_py'
[0.318s] Level 1:colcon.colcon_core.package_identification:_identify(space_robotics_gz_envs/assets/srb_assets/hdri) by extensions ['ignore', 'ignore_ament_install']
[0.318s] Level 1:colcon.colcon_core.package_identification:_identify(space_robotics_gz_envs/assets/srb_assets/hdri) by extension 'ignore'
[0.319s] Level 1:colcon.colcon_core.package_identification:_identify(space_robotics_gz_envs/assets/srb_assets/hdri) by extension 'ignore_ament_install'
[0.319s] Level 1:colcon.colcon_core.package_identification:_identify(space_robotics_gz_envs/assets/srb_assets/hdri) by extensions ['colcon_pkg']
[0.319s] Level 1:colcon.colcon_core.package_identification:_identify(space_robotics_gz_envs/assets/srb_assets/hdri) by extension 'colcon_pkg'
[0.319s] Level 1:colcon.colcon_core.package_identification:_identify(space_robotics_gz_envs/assets/srb_assets/hdri) by extensions ['colcon_meta']
[0.319s] Level 1:colcon.colcon_core.package_identification:_identify(space_robotics_gz_envs/assets/srb_assets/hdri) by extension 'colcon_meta'
[0.319s] Level 1:colcon.colcon_core.package_identification:_identify(space_robotics_gz_envs/assets/srb_assets/hdri) by extensions ['ros']
[0.319s] Level 1:colcon.colcon_core.package_identification:_identify(space_robotics_gz_envs/assets/srb_assets/hdri) by extension 'ros'
[0.319s] Level 1:colcon.colcon_core.package_identification:_identify(space_robotics_gz_envs/assets/srb_assets/hdri) by extensions ['cmake', 'python']
[0.319s] Level 1:colcon.colcon_core.package_identification:_identify(space_robotics_gz_envs/assets/srb_assets/hdri) by extension 'cmake'
[0.319s] Level 1:colcon.colcon_core.package_identification:_identify(space_robotics_gz_envs/assets/srb_assets/hdri) by extension 'python'
[0.319s] Level 1:colcon.colcon_core.package_identification:_identify(space_robotics_gz_envs/assets/srb_assets/hdri) by extensions ['python_setup_py']
[0.319s] Level 1:colcon.colcon_core.package_identification:_identify(space_robotics_gz_envs/assets/srb_assets/hdri) by extension 'python_setup_py'
[0.319s] Level 1:colcon.colcon_core.package_identification:_identify(space_robotics_gz_envs/assets/srb_assets/model) by extensions ['ignore', 'ignore_ament_install']
[0.319s] Level 1:colcon.colcon_core.package_identification:_identify(space_robotics_gz_envs/assets/srb_assets/model) by extension 'ignore'
[0.319s] Level 1:colcon.colcon_core.package_identification:_identify(space_robotics_gz_envs/assets/srb_assets/model) by extension 'ignore_ament_install'
[0.319s] Level 1:colcon.colcon_core.package_identification:_identify(space_robotics_gz_envs/assets/srb_assets/model) by extensions ['colcon_pkg']
[0.319s] Level 1:colcon.colcon_core.package_identification:_identify(space_robotics_gz_envs/assets/srb_assets/model) by extension 'colcon_pkg'
[0.319s] Level 1:colcon.colcon_core.package_identification:_identify(space_robotics_gz_envs/assets/srb_assets/model) by extensions ['colcon_meta']
[0.319s] Level 1:colcon.colcon_core.package_identification:_identify(space_robotics_gz_envs/assets/srb_assets/model) by extension 'colcon_meta'
[0.319s] Level 1:colcon.colcon_core.package_identification:_identify(space_robotics_gz_envs/assets/srb_assets/model) by extensions ['ros']
[0.319s] Level 1:colcon.colcon_core.package_identification:_identify(space_robotics_gz_envs/assets/srb_assets/model) by extension 'ros'
[0.319s] Level 1:colcon.colcon_core.package_identification:_identify(space_robotics_gz_envs/assets/srb_assets/model) by extensions ['cmake', 'python']
[0.320s] Level 1:colcon.colcon_core.package_identification:_identify(space_robotics_gz_envs/assets/srb_assets/model) by extension 'cmake'
[0.320s] Level 1:colcon.colcon_core.package_identification:_identify(space_robotics_gz_envs/assets/srb_assets/model) by extension 'python'
[0.320s] Level 1:colcon.colcon_core.package_identification:_identify(space_robotics_gz_envs/assets/srb_assets/model) by extensions ['python_setup_py']
[0.320s] Level 1:colcon.colcon_core.package_identification:_identify(space_robotics_gz_envs/assets/srb_assets/model) by extension 'python_setup_py'
[0.320s] Level 1:colcon.colcon_core.package_identification:_identify(space_robotics_gz_envs/assets/srb_assets/model/object) by extensions ['ignore', 'ignore_ament_install']
[0.320s] Level 1:colcon.colcon_core.package_identification:_identify(space_robotics_gz_envs/assets/srb_assets/model/object) by extension 'ignore'
[0.320s] Level 1:colcon.colcon_core.package_identification:_identify(space_robotics_gz_envs/assets/srb_assets/model/object) by extension 'ignore_ament_install'
[0.320s] Level 1:colcon.colcon_core.package_identification:_identify(space_robotics_gz_envs/assets/srb_assets/model/object) by extensions ['colcon_pkg']
[0.320s] Level 1:colcon.colcon_core.package_identification:_identify(space_robotics_gz_envs/assets/srb_assets/model/object) by extension 'colcon_pkg'
[0.320s] Level 1:colcon.colcon_core.package_identification:_identify(space_robotics_gz_envs/assets/srb_assets/model/object) by extensions ['colcon_meta']
[0.320s] Level 1:colcon.colcon_core.package_identification:_identify(space_robotics_gz_envs/assets/srb_assets/model/object) by extension 'colcon_meta'
[0.320s] Level 1:colcon.colcon_core.package_identification:_identify(space_robotics_gz_envs/assets/srb_assets/model/object) by extensions ['ros']
[0.320s] Level 1:colcon.colcon_core.package_identification:_identify(space_robotics_gz_envs/assets/srb_assets/model/object) by extension 'ros'
[0.320s] Level 1:colcon.colcon_core.package_identification:_identify(space_robotics_gz_envs/assets/srb_assets/model/object) by extensions ['cmake', 'python']
[0.320s] Level 1:colcon.colcon_core.package_identification:_identify(space_robotics_gz_envs/assets/srb_assets/model/object) by extension 'cmake'
[0.320s] Level 1:colcon.colcon_core.package_identification:_identify(space_robotics_gz_envs/assets/srb_assets/model/object) by extension 'python'
[0.320s] Level 1:colcon.colcon_core.package_identification:_identify(space_robotics_gz_envs/assets/srb_assets/model/object) by extensions ['python_setup_py']
[0.320s] Level 1:colcon.colcon_core.package_identification:_identify(space_robotics_gz_envs/assets/srb_assets/model/object) by extension 'python_setup_py'
[0.320s] Level 1:colcon.colcon_core.package_identification:_identify(space_robotics_gz_envs/assets/srb_assets/model/object/lunar_rock_procgen) by extensions ['ignore', 'ignore_ament_install']
[0.320s] Level 1:colcon.colcon_core.package_identification:_identify(space_robotics_gz_envs/assets/srb_assets/model/object/lunar_rock_procgen) by extension 'ignore'
[0.321s] Level 1:colcon.colcon_core.package_identification:_identify(space_robotics_gz_envs/assets/srb_assets/model/object/lunar_rock_procgen) by extension 'ignore_ament_install'
[0.321s] Level 1:colcon.colcon_core.package_identification:_identify(space_robotics_gz_envs/assets/srb_assets/model/object/lunar_rock_procgen) by extensions ['colcon_pkg']
[0.321s] Level 1:colcon.colcon_core.package_identification:_identify(space_robotics_gz_envs/assets/srb_assets/model/object/lunar_rock_procgen) by extension 'colcon_pkg'
[0.321s] Level 1:colcon.colcon_core.package_identification:_identify(space_robotics_gz_envs/assets/srb_assets/model/object/lunar_rock_procgen) by extensions ['colcon_meta']
[0.321s] Level 1:colcon.colcon_core.package_identification:_identify(space_robotics_gz_envs/assets/srb_assets/model/object/lunar_rock_procgen) by extension 'colcon_meta'
[0.321s] Level 1:colcon.colcon_core.package_identification:_identify(space_robotics_gz_envs/assets/srb_assets/model/object/lunar_rock_procgen) by extensions ['ros']
[0.321s] Level 1:colcon.colcon_core.package_identification:_identify(space_robotics_gz_envs/assets/srb_assets/model/object/lunar_rock_procgen) by extension 'ros'
[0.321s] Level 1:colcon.colcon_core.package_identification:_identify(space_robotics_gz_envs/assets/srb_assets/model/object/lunar_rock_procgen) by extensions ['cmake', 'python']
[0.321s] Level 1:colcon.colcon_core.package_identification:_identify(space_robotics_gz_envs/assets/srb_assets/model/object/lunar_rock_procgen) by extension 'cmake'
[0.321s] Level 1:colcon.colcon_core.package_identification:_identify(space_robotics_gz_envs/assets/srb_assets/model/object/lunar_rock_procgen) by extension 'python'
[0.321s] Level 1:colcon.colcon_core.package_identification:_identify(space_robotics_gz_envs/assets/srb_assets/model/object/lunar_rock_procgen) by extensions ['python_setup_py']
[0.321s] Level 1:colcon.colcon_core.package_identification:_identify(space_robotics_gz_envs/assets/srb_assets/model/object/lunar_rock_procgen) by extension 'python_setup_py'
[0.321s] Level 1:colcon.colcon_core.package_identification:_identify(space_robotics_gz_envs/assets/srb_assets/model/object/martian_rock_procgen) by extensions ['ignore', 'ignore_ament_install']
[0.321s] Level 1:colcon.colcon_core.package_identification:_identify(space_robotics_gz_envs/assets/srb_assets/model/object/martian_rock_procgen) by extension 'ignore'
[0.321s] Level 1:colcon.colcon_core.package_identification:_identify(space_robotics_gz_envs/assets/srb_assets/model/object/martian_rock_procgen) by extension 'ignore_ament_install'
[0.321s] Level 1:colcon.colcon_core.package_identification:_identify(space_robotics_gz_envs/assets/srb_assets/model/object/martian_rock_procgen) by extensions ['colcon_pkg']
[0.321s] Level 1:colcon.colcon_core.package_identification:_identify(space_robotics_gz_envs/assets/srb_assets/model/object/martian_rock_procgen) by extension 'colcon_pkg'
[0.321s] Level 1:colcon.colcon_core.package_identification:_identify(space_robotics_gz_envs/assets/srb_assets/model/object/martian_rock_procgen) by extensions ['colcon_meta']
[0.321s] Level 1:colcon.colcon_core.package_identification:_identify(space_robotics_gz_envs/assets/srb_assets/model/object/martian_rock_procgen) by extension 'colcon_meta'
[0.321s] Level 1:colcon.colcon_core.package_identification:_identify(space_robotics_gz_envs/assets/srb_assets/model/object/martian_rock_procgen) by extensions ['ros']
[0.321s] Level 1:colcon.colcon_core.package_identification:_identify(space_robotics_gz_envs/assets/srb_assets/model/object/martian_rock_procgen) by extension 'ros'
[0.322s] Level 1:colcon.colcon_core.package_identification:_identify(space_robotics_gz_envs/assets/srb_assets/model/object/martian_rock_procgen) by extensions ['cmake', 'python']
[0.322s] Level 1:colcon.colcon_core.package_identification:_identify(space_robotics_gz_envs/assets/srb_assets/model/object/martian_rock_procgen) by extension 'cmake'
[0.322s] Level 1:colcon.colcon_core.package_identification:_identify(space_robotics_gz_envs/assets/srb_assets/model/object/martian_rock_procgen) by extension 'python'
[0.322s] Level 1:colcon.colcon_core.package_identification:_identify(space_robotics_gz_envs/assets/srb_assets/model/object/martian_rock_procgen) by extensions ['python_setup_py']
[0.322s] Level 1:colcon.colcon_core.package_identification:_identify(space_robotics_gz_envs/assets/srb_assets/model/object/martian_rock_procgen) by extension 'python_setup_py'
[0.322s] Level 1:colcon.colcon_core.package_identification:_identify(space_robotics_gz_envs/assets/srb_assets/model/object/peg_in_hole_procgen) by extensions ['ignore', 'ignore_ament_install']
[0.322s] Level 1:colcon.colcon_core.package_identification:_identify(space_robotics_gz_envs/assets/srb_assets/model/object/peg_in_hole_procgen) by extension 'ignore'
[0.322s] Level 1:colcon.colcon_core.package_identification:_identify(space_robotics_gz_envs/assets/srb_assets/model/object/peg_in_hole_procgen) by extension 'ignore_ament_install'
[0.322s] Level 1:colcon.colcon_core.package_identification:_identify(space_robotics_gz_envs/assets/srb_assets/model/object/peg_in_hole_procgen) by extensions ['colcon_pkg']
[0.322s] Level 1:colcon.colcon_core.package_identification:_identify(space_robotics_gz_envs/assets/srb_assets/model/object/peg_in_hole_procgen) by extension 'colcon_pkg'
[0.322s] Level 1:colcon.colcon_core.package_identification:_identify(space_robotics_gz_envs/assets/srb_assets/model/object/peg_in_hole_procgen) by extensions ['colcon_meta']
[0.322s] Level 1:colcon.colcon_core.package_identification:_identify(space_robotics_gz_envs/assets/srb_assets/model/object/peg_in_hole_procgen) by extension 'colcon_meta'
[0.322s] Level 1:colcon.colcon_core.package_identification:_identify(space_robotics_gz_envs/assets/srb_assets/model/object/peg_in_hole_procgen) by extensions ['ros']
[0.322s] Level 1:colcon.colcon_core.package_identification:_identify(space_robotics_gz_envs/assets/srb_assets/model/object/peg_in_hole_procgen) by extension 'ros'
[0.322s] Level 1:colcon.colcon_core.package_identification:_identify(space_robotics_gz_envs/assets/srb_assets/model/object/peg_in_hole_procgen) by extensions ['cmake', 'python']
[0.322s] Level 1:colcon.colcon_core.package_identification:_identify(space_robotics_gz_envs/assets/srb_assets/model/object/peg_in_hole_procgen) by extension 'cmake'
[0.322s] Level 1:colcon.colcon_core.package_identification:_identify(space_robotics_gz_envs/assets/srb_assets/model/object/peg_in_hole_procgen) by extension 'python'
[0.322s] Level 1:colcon.colcon_core.package_identification:_identify(space_robotics_gz_envs/assets/srb_assets/model/object/peg_in_hole_procgen) by extensions ['python_setup_py']
[0.322s] Level 1:colcon.colcon_core.package_identification:_identify(space_robotics_gz_envs/assets/srb_assets/model/object/peg_in_hole_procgen) by extension 'python_setup_py'
[0.323s] Level 1:colcon.colcon_core.package_identification:_identify(space_robotics_gz_envs/assets/srb_assets/model/object/peg_in_hole_profile) by extensions ['ignore', 'ignore_ament_install']
[0.323s] Level 1:colcon.colcon_core.package_identification:_identify(space_robotics_gz_envs/assets/srb_assets/model/object/peg_in_hole_profile) by extension 'ignore'
[0.323s] Level 1:colcon.colcon_core.package_identification:_identify(space_robotics_gz_envs/assets/srb_assets/model/object/peg_in_hole_profile) by extension 'ignore_ament_install'
[0.323s] Level 1:colcon.colcon_core.package_identification:_identify(space_robotics_gz_envs/assets/srb_assets/model/object/peg_in_hole_profile) by extensions ['colcon_pkg']
[0.323s] Level 1:colcon.colcon_core.package_identification:_identify(space_robotics_gz_envs/assets/srb_assets/model/object/peg_in_hole_profile) by extension 'colcon_pkg'
[0.323s] Level 1:colcon.colcon_core.package_identification:_identify(space_robotics_gz_envs/assets/srb_assets/model/object/peg_in_hole_profile) by extensions ['colcon_meta']
[0.323s] Level 1:colcon.colcon_core.package_identification:_identify(space_robotics_gz_envs/assets/srb_assets/model/object/peg_in_hole_profile) by extension 'colcon_meta'
[0.323s] Level 1:colcon.colcon_core.package_identification:_identify(space_robotics_gz_envs/assets/srb_assets/model/object/peg_in_hole_profile) by extensions ['ros']
[0.323s] Level 1:colcon.colcon_core.package_identification:_identify(space_robotics_gz_envs/assets/srb_assets/model/object/peg_in_hole_profile) by extension 'ros'
[0.323s] Level 1:colcon.colcon_core.package_identification:_identify(space_robotics_gz_envs/assets/srb_assets/model/object/peg_in_hole_profile) by extensions ['cmake', 'python']
[0.323s] Level 1:colcon.colcon_core.package_identification:_identify(space_robotics_gz_envs/assets/srb_assets/model/object/peg_in_hole_profile) by extension 'cmake'
[0.323s] Level 1:colcon.colcon_core.package_identification:_identify(space_robotics_gz_envs/assets/srb_assets/model/object/peg_in_hole_profile) by extension 'python'
[0.323s] Level 1:colcon.colcon_core.package_identification:_identify(space_robotics_gz_envs/assets/srb_assets/model/object/peg_in_hole_profile) by extensions ['python_setup_py']
[0.323s] Level 1:colcon.colcon_core.package_identification:_identify(space_robotics_gz_envs/assets/srb_assets/model/object/peg_in_hole_profile) by extension 'python_setup_py'
[0.323s] Level 1:colcon.colcon_core.package_identification:_identify(space_robotics_gz_envs/assets/srb_assets/model/object/sample_tube) by extensions ['ignore', 'ignore_ament_install']
[0.323s] Level 1:colcon.colcon_core.package_identification:_identify(space_robotics_gz_envs/assets/srb_assets/model/object/sample_tube) by extension 'ignore'
[0.324s] Level 1:colcon.colcon_core.package_identification:_identify(space_robotics_gz_envs/assets/srb_assets/model/object/sample_tube) by extension 'ignore_ament_install'
[0.324s] Level 1:colcon.colcon_core.package_identification:_identify(space_robotics_gz_envs/assets/srb_assets/model/object/sample_tube) by extensions ['colcon_pkg']
[0.324s] Level 1:colcon.colcon_core.package_identification:_identify(space_robotics_gz_envs/assets/srb_assets/model/object/sample_tube) by extension 'colcon_pkg'
[0.324s] Level 1:colcon.colcon_core.package_identification:_identify(space_robotics_gz_envs/assets/srb_assets/model/object/sample_tube) by extensions ['colcon_meta']
[0.324s] Level 1:colcon.colcon_core.package_identification:_identify(space_robotics_gz_envs/assets/srb_assets/model/object/sample_tube) by extension 'colcon_meta'
[0.324s] Level 1:colcon.colcon_core.package_identification:_identify(space_robotics_gz_envs/assets/srb_assets/model/object/sample_tube) by extensions ['ros']
[0.324s] Level 1:colcon.colcon_core.package_identification:_identify(space_robotics_gz_envs/assets/srb_assets/model/object/sample_tube) by extension 'ros'
[0.324s] Level 1:colcon.colcon_core.package_identification:_identify(space_robotics_gz_envs/assets/srb_assets/model/object/sample_tube) by extensions ['cmake', 'python']
[0.324s] Level 1:colcon.colcon_core.package_identification:_identify(space_robotics_gz_envs/assets/srb_assets/model/object/sample_tube) by extension 'cmake'
[0.324s] Level 1:colcon.colcon_core.package_identification:_identify(space_robotics_gz_envs/assets/srb_assets/model/object/sample_tube) by extension 'python'
[0.324s] Level 1:colcon.colcon_core.package_identification:_identify(space_robotics_gz_envs/assets/srb_assets/model/object/sample_tube) by extensions ['python_setup_py']
[0.324s] Level 1:colcon.colcon_core.package_identification:_identify(space_robotics_gz_envs/assets/srb_assets/model/object/sample_tube) by extension 'python_setup_py'
[0.324s] Level 1:colcon.colcon_core.package_identification:_identify(space_robotics_gz_envs/assets/srb_assets/model/object/solar_panel) by extensions ['ignore', 'ignore_ament_install']
[0.324s] Level 1:colcon.colcon_core.package_identification:_identify(space_robotics_gz_envs/assets/srb_assets/model/object/solar_panel) by extension 'ignore'
[0.324s] Level 1:colcon.colcon_core.package_identification:_identify(space_robotics_gz_envs/assets/srb_assets/model/object/solar_panel) by extension 'ignore_ament_install'
[0.324s] Level 1:colcon.colcon_core.package_identification:_identify(space_robotics_gz_envs/assets/srb_assets/model/object/solar_panel) by extensions ['colcon_pkg']
[0.324s] Level 1:colcon.colcon_core.package_identification:_identify(space_robotics_gz_envs/assets/srb_assets/model/object/solar_panel) by extension 'colcon_pkg'
[0.324s] Level 1:colcon.colcon_core.package_identification:_identify(space_robotics_gz_envs/assets/srb_assets/model/object/solar_panel) by extensions ['colcon_meta']
[0.324s] Level 1:colcon.colcon_core.package_identification:_identify(space_robotics_gz_envs/assets/srb_assets/model/object/solar_panel) by extension 'colcon_meta'
[0.324s] Level 1:colcon.colcon_core.package_identification:_identify(space_robotics_gz_envs/assets/srb_assets/model/object/solar_panel) by extensions ['ros']
[0.324s] Level 1:colcon.colcon_core.package_identification:_identify(space_robotics_gz_envs/assets/srb_assets/model/object/solar_panel) by extension 'ros'
[0.325s] Level 1:colcon.colcon_core.package_identification:_identify(space_robotics_gz_envs/assets/srb_assets/model/object/solar_panel) by extensions ['cmake', 'python']
[0.325s] Level 1:colcon.colcon_core.package_identification:_identify(space_robotics_gz_envs/assets/srb_assets/model/object/solar_panel) by extension 'cmake'
[0.325s] Level 1:colcon.colcon_core.package_identification:_identify(space_robotics_gz_envs/assets/srb_assets/model/object/solar_panel) by extension 'python'
[0.325s] Level 1:colcon.colcon_core.package_identification:_identify(space_robotics_gz_envs/assets/srb_assets/model/object/solar_panel) by extensions ['python_setup_py']
[0.325s] Level 1:colcon.colcon_core.package_identification:_identify(space_robotics_gz_envs/assets/srb_assets/model/object/solar_panel) by extension 'python_setup_py'
[0.325s] Level 1:colcon.colcon_core.package_identification:_identify(space_robotics_gz_envs/assets/srb_assets/model/object/solar_panel/textures) by extensions ['ignore', 'ignore_ament_install']
[0.325s] Level 1:colcon.colcon_core.package_identification:_identify(space_robotics_gz_envs/assets/srb_assets/model/object/solar_panel/textures) by extension 'ignore'
[0.325s] Level 1:colcon.colcon_core.package_identification:_identify(space_robotics_gz_envs/assets/srb_assets/model/object/solar_panel/textures) by extension 'ignore_ament_install'
[0.325s] Level 1:colcon.colcon_core.package_identification:_identify(space_robotics_gz_envs/assets/srb_assets/model/object/solar_panel/textures) by extensions ['colcon_pkg']
[0.325s] Level 1:colcon.colcon_core.package_identification:_identify(space_robotics_gz_envs/assets/srb_assets/model/object/solar_panel/textures) by extension 'colcon_pkg'
[0.325s] Level 1:colcon.colcon_core.package_identification:_identify(space_robotics_gz_envs/assets/srb_assets/model/object/solar_panel/textures) by extensions ['colcon_meta']
[0.325s] Level 1:colcon.colcon_core.package_identification:_identify(space_robotics_gz_envs/assets/srb_assets/model/object/solar_panel/textures) by extension 'colcon_meta'
[0.325s] Level 1:colcon.colcon_core.package_identification:_identify(space_robotics_gz_envs/assets/srb_assets/model/object/solar_panel/textures) by extensions ['ros']
[0.325s] Level 1:colcon.colcon_core.package_identification:_identify(space_robotics_gz_envs/assets/srb_assets/model/object/solar_panel/textures) by extension 'ros'
[0.325s] Level 1:colcon.colcon_core.package_identification:_identify(space_robotics_gz_envs/assets/srb_assets/model/object/solar_panel/textures) by extensions ['cmake', 'python']
[0.325s] Level 1:colcon.colcon_core.package_identification:_identify(space_robotics_gz_envs/assets/srb_assets/model/object/solar_panel/textures) by extension 'cmake'
[0.325s] Level 1:colcon.colcon_core.package_identification:_identify(space_robotics_gz_envs/assets/srb_assets/model/object/solar_panel/textures) by extension 'python'
[0.325s] Level 1:colcon.colcon_core.package_identification:_identify(space_robotics_gz_envs/assets/srb_assets/model/object/solar_panel/textures) by extensions ['python_setup_py']
[0.325s] Level 1:colcon.colcon_core.package_identification:_identify(space_robotics_gz_envs/assets/srb_assets/model/object/solar_panel/textures) by extension 'python_setup_py'
[0.325s] Level 1:colcon.colcon_core.package_identification:_identify(space_robotics_gz_envs/assets/srb_assets/model/object/solar_panel_procgen) by extensions ['ignore', 'ignore_ament_install']
[0.326s] Level 1:colcon.colcon_core.package_identification:_identify(space_robotics_gz_envs/assets/srb_assets/model/object/solar_panel_procgen) by extension 'ignore'
[0.326s] Level 1:colcon.colcon_core.package_identification:_identify(space_robotics_gz_envs/assets/srb_assets/model/object/solar_panel_procgen) by extension 'ignore_ament_install'
[0.326s] Level 1:colcon.colcon_core.package_identification:_identify(space_robotics_gz_envs/assets/srb_assets/model/object/solar_panel_procgen) by extensions ['colcon_pkg']
[0.326s] Level 1:colcon.colcon_core.package_identification:_identify(space_robotics_gz_envs/assets/srb_assets/model/object/solar_panel_procgen) by extension 'colcon_pkg'
[0.326s] Level 1:colcon.colcon_core.package_identification:_identify(space_robotics_gz_envs/assets/srb_assets/model/object/solar_panel_procgen) by extensions ['colcon_meta']
[0.326s] Level 1:colcon.colcon_core.package_identification:_identify(space_robotics_gz_envs/assets/srb_assets/model/object/solar_panel_procgen) by extension 'colcon_meta'
[0.326s] Level 1:colcon.colcon_core.package_identification:_identify(space_robotics_gz_envs/assets/srb_assets/model/object/solar_panel_procgen) by extensions ['ros']
[0.326s] Level 1:colcon.colcon_core.package_identification:_identify(space_robotics_gz_envs/assets/srb_assets/model/object/solar_panel_procgen) by extension 'ros'
[0.326s] Level 1:colcon.colcon_core.package_identification:_identify(space_robotics_gz_envs/assets/srb_assets/model/object/solar_panel_procgen) by extensions ['cmake', 'python']
[0.326s] Level 1:colcon.colcon_core.package_identification:_identify(space_robotics_gz_envs/assets/srb_assets/model/object/solar_panel_procgen) by extension 'cmake'
[0.326s] Level 1:colcon.colcon_core.package_identification:_identify(space_robotics_gz_envs/assets/srb_assets/model/object/solar_panel_procgen) by extension 'python'
[0.326s] Level 1:colcon.colcon_core.package_identification:_identify(space_robotics_gz_envs/assets/srb_assets/model/object/solar_panel_procgen) by extensions ['python_setup_py']
[0.326s] Level 1:colcon.colcon_core.package_identification:_identify(space_robotics_gz_envs/assets/srb_assets/model/object/solar_panel_procgen) by extension 'python_setup_py'
[0.326s] Level 1:colcon.colcon_core.package_identification:_identify(space_robotics_gz_envs/assets/srb_assets/model/robot) by extensions ['ignore', 'ignore_ament_install']
[0.326s] Level 1:colcon.colcon_core.package_identification:_identify(space_robotics_gz_envs/assets/srb_assets/model/robot) by extension 'ignore'
[0.326s] Level 1:colcon.colcon_core.package_identification:_identify(space_robotics_gz_envs/assets/srb_assets/model/robot) by extension 'ignore_ament_install'
[0.326s] Level 1:colcon.colcon_core.package_identification:_identify(space_robotics_gz_envs/assets/srb_assets/model/robot) by extensions ['colcon_pkg']
[0.326s] Level 1:colcon.colcon_core.package_identification:_identify(space_robotics_gz_envs/assets/srb_assets/model/robot) by extension 'colcon_pkg'
[0.326s] Level 1:colcon.colcon_core.package_identification:_identify(space_robotics_gz_envs/assets/srb_assets/model/robot) by extensions ['colcon_meta']
[0.326s] Level 1:colcon.colcon_core.package_identification:_identify(space_robotics_gz_envs/assets/srb_assets/model/robot) by extension 'colcon_meta'
[0.326s] Level 1:colcon.colcon_core.package_identification:_identify(space_robotics_gz_envs/assets/srb_assets/model/robot) by extensions ['ros']
[0.326s] Level 1:colcon.colcon_core.package_identification:_identify(space_robotics_gz_envs/assets/srb_assets/model/robot) by extension 'ros'
[0.327s] Level 1:colcon.colcon_core.package_identification:_identify(space_robotics_gz_envs/assets/srb_assets/model/robot) by extensions ['cmake', 'python']
[0.327s] Level 1:colcon.colcon_core.package_identification:_identify(space_robotics_gz_envs/assets/srb_assets/model/robot) by extension 'cmake'
[0.327s] Level 1:colcon.colcon_core.package_identification:_identify(space_robotics_gz_envs/assets/srb_assets/model/robot) by extension 'python'
[0.327s] Level 1:colcon.colcon_core.package_identification:_identify(space_robotics_gz_envs/assets/srb_assets/model/robot) by extensions ['python_setup_py']
[0.327s] Level 1:colcon.colcon_core.package_identification:_identify(space_robotics_gz_envs/assets/srb_assets/model/robot) by extension 'python_setup_py'
[0.327s] Level 1:colcon.colcon_core.package_identification:_identify(space_robotics_gz_envs/assets/srb_assets/model/robot/canadarm3_large) by extensions ['ignore', 'ignore_ament_install']
[0.327s] Level 1:colcon.colcon_core.package_identification:_identify(space_robotics_gz_envs/assets/srb_assets/model/robot/canadarm3_large) by extension 'ignore'
[0.327s] Level 1:colcon.colcon_core.package_identification:_identify(space_robotics_gz_envs/assets/srb_assets/model/robot/canadarm3_large) by extension 'ignore_ament_install'
[0.327s] Level 1:colcon.colcon_core.package_identification:_identify(space_robotics_gz_envs/assets/srb_assets/model/robot/canadarm3_large) by extensions ['colcon_pkg']
[0.327s] Level 1:colcon.colcon_core.package_identification:_identify(space_robotics_gz_envs/assets/srb_assets/model/robot/canadarm3_large) by extension 'colcon_pkg'
[0.327s] Level 1:colcon.colcon_core.package_identification:_identify(space_robotics_gz_envs/assets/srb_assets/model/robot/canadarm3_large) by extensions ['colcon_meta']
[0.327s] Level 1:colcon.colcon_core.package_identification:_identify(space_robotics_gz_envs/assets/srb_assets/model/robot/canadarm3_large) by extension 'colcon_meta'
[0.327s] Level 1:colcon.colcon_core.package_identification:_identify(space_robotics_gz_envs/assets/srb_assets/model/robot/canadarm3_large) by extensions ['ros']
[0.327s] Level 1:colcon.colcon_core.package_identification:_identify(space_robotics_gz_envs/assets/srb_assets/model/robot/canadarm3_large) by extension 'ros'
[0.327s] Level 1:colcon.colcon_core.package_identification:_identify(space_robotics_gz_envs/assets/srb_assets/model/robot/canadarm3_large) by extensions ['cmake', 'python']
[0.327s] Level 1:colcon.colcon_core.package_identification:_identify(space_robotics_gz_envs/assets/srb_assets/model/robot/canadarm3_large) by extension 'cmake'
[0.327s] Level 1:colcon.colcon_core.package_identification:_identify(space_robotics_gz_envs/assets/srb_assets/model/robot/canadarm3_large) by extension 'python'
[0.327s] Level 1:colcon.colcon_core.package_identification:_identify(space_robotics_gz_envs/assets/srb_assets/model/robot/canadarm3_large) by extensions ['python_setup_py']
[0.327s] Level 1:colcon.colcon_core.package_identification:_identify(space_robotics_gz_envs/assets/srb_assets/model/robot/canadarm3_large) by extension 'python_setup_py'
[0.327s] Level 1:colcon.colcon_core.package_identification:_identify(space_robotics_gz_envs/assets/srb_assets/model/robot/canadarm3_large/textures) by extensions ['ignore', 'ignore_ament_install']
[0.327s] Level 1:colcon.colcon_core.package_identification:_identify(space_robotics_gz_envs/assets/srb_assets/model/robot/canadarm3_large/textures) by extension 'ignore'
[0.327s] Level 1:colcon.colcon_core.package_identification:_identify(space_robotics_gz_envs/assets/srb_assets/model/robot/canadarm3_large/textures) by extension 'ignore_ament_install'
[0.327s] Level 1:colcon.colcon_core.package_identification:_identify(space_robotics_gz_envs/assets/srb_assets/model/robot/canadarm3_large/textures) by extensions ['colcon_pkg']
[0.327s] Level 1:colcon.colcon_core.package_identification:_identify(space_robotics_gz_envs/assets/srb_assets/model/robot/canadarm3_large/textures) by extension 'colcon_pkg'
[0.327s] Level 1:colcon.colcon_core.package_identification:_identify(space_robotics_gz_envs/assets/srb_assets/model/robot/canadarm3_large/textures) by extensions ['colcon_meta']
[0.327s] Level 1:colcon.colcon_core.package_identification:_identify(space_robotics_gz_envs/assets/srb_assets/model/robot/canadarm3_large/textures) by extension 'colcon_meta'
[0.328s] Level 1:colcon.colcon_core.package_identification:_identify(space_robotics_gz_envs/assets/srb_assets/model/robot/canadarm3_large/textures) by extensions ['ros']
[0.328s] Level 1:colcon.colcon_core.package_identification:_identify(space_robotics_gz_envs/assets/srb_assets/model/robot/canadarm3_large/textures) by extension 'ros'
[0.328s] Level 1:colcon.colcon_core.package_identification:_identify(space_robotics_gz_envs/assets/srb_assets/model/robot/canadarm3_large/textures) by extensions ['cmake', 'python']
[0.328s] Level 1:colcon.colcon_core.package_identification:_identify(space_robotics_gz_envs/assets/srb_assets/model/robot/canadarm3_large/textures) by extension 'cmake'
[0.328s] Level 1:colcon.colcon_core.package_identification:_identify(space_robotics_gz_envs/assets/srb_assets/model/robot/canadarm3_large/textures) by extension 'python'
[0.328s] Level 1:colcon.colcon_core.package_identification:_identify(space_robotics_gz_envs/assets/srb_assets/model/robot/canadarm3_large/textures) by extensions ['python_setup_py']
[0.328s] Level 1:colcon.colcon_core.package_identification:_identify(space_robotics_gz_envs/assets/srb_assets/model/robot/canadarm3_large/textures) by extension 'python_setup_py'
[0.328s] Level 1:colcon.colcon_core.package_identification:_identify(space_robotics_gz_envs/assets/srb_assets/model/robot/franka) by extensions ['ignore', 'ignore_ament_install']
[0.328s] Level 1:colcon.colcon_core.package_identification:_identify(space_robotics_gz_envs/assets/srb_assets/model/robot/franka) by extension 'ignore'
[0.328s] Level 1:colcon.colcon_core.package_identification:_identify(space_robotics_gz_envs/assets/srb_assets/model/robot/franka) by extension 'ignore_ament_install'
[0.328s] Level 1:colcon.colcon_core.package_identification:_identify(space_robotics_gz_envs/assets/srb_assets/model/robot/franka) by extensions ['colcon_pkg']
[0.328s] Level 1:colcon.colcon_core.package_identification:_identify(space_robotics_gz_envs/assets/srb_assets/model/robot/franka) by extension 'colcon_pkg'
[0.328s] Level 1:colcon.colcon_core.package_identification:_identify(space_robotics_gz_envs/assets/srb_assets/model/robot/franka) by extensions ['colcon_meta']
[0.328s] Level 1:colcon.colcon_core.package_identification:_identify(space_robotics_gz_envs/assets/srb_assets/model/robot/franka) by extension 'colcon_meta'
[0.328s] Level 1:colcon.colcon_core.package_identification:_identify(space_robotics_gz_envs/assets/srb_assets/model/robot/franka) by extensions ['ros']
[0.328s] Level 1:colcon.colcon_core.package_identification:_identify(space_robotics_gz_envs/assets/srb_assets/model/robot/franka) by extension 'ros'
[0.328s] Level 1:colcon.colcon_core.package_identification:_identify(space_robotics_gz_envs/assets/srb_assets/model/robot/franka) by extensions ['cmake', 'python']
[0.328s] Level 1:colcon.colcon_core.package_identification:_identify(space_robotics_gz_envs/assets/srb_assets/model/robot/franka) by extension 'cmake'
[0.328s] Level 1:colcon.colcon_core.package_identification:_identify(space_robotics_gz_envs/assets/srb_assets/model/robot/franka) by extension 'python'
[0.328s] Level 1:colcon.colcon_core.package_identification:_identify(space_robotics_gz_envs/assets/srb_assets/model/robot/franka) by extensions ['python_setup_py']
[0.328s] Level 1:colcon.colcon_core.package_identification:_identify(space_robotics_gz_envs/assets/srb_assets/model/robot/franka) by extension 'python_setup_py'
[0.328s] Level 1:colcon.colcon_core.package_identification:_identify(space_robotics_gz_envs/assets/srb_assets/model/robot/ingenuity) by extensions ['ignore', 'ignore_ament_install']
[0.328s] Level 1:colcon.colcon_core.package_identification:_identify(space_robotics_gz_envs/assets/srb_assets/model/robot/ingenuity) by extension 'ignore'
[0.328s] Level 1:colcon.colcon_core.package_identification:_identify(space_robotics_gz_envs/assets/srb_assets/model/robot/ingenuity) by extension 'ignore_ament_install'
[0.328s] Level 1:colcon.colcon_core.package_identification:_identify(space_robotics_gz_envs/assets/srb_assets/model/robot/ingenuity) by extensions ['colcon_pkg']
[0.328s] Level 1:colcon.colcon_core.package_identification:_identify(space_robotics_gz_envs/assets/srb_assets/model/robot/ingenuity) by extension 'colcon_pkg'
[0.328s] Level 1:colcon.colcon_core.package_identification:_identify(space_robotics_gz_envs/assets/srb_assets/model/robot/ingenuity) by extensions ['colcon_meta']
[0.329s] Level 1:colcon.colcon_core.package_identification:_identify(space_robotics_gz_envs/assets/srb_assets/model/robot/ingenuity) by extension 'colcon_meta'
[0.329s] Level 1:colcon.colcon_core.package_identification:_identify(space_robotics_gz_envs/assets/srb_assets/model/robot/ingenuity) by extensions ['ros']
[0.329s] Level 1:colcon.colcon_core.package_identification:_identify(space_robotics_gz_envs/assets/srb_assets/model/robot/ingenuity) by extension 'ros'
[0.329s] Level 1:colcon.colcon_core.package_identification:_identify(space_robotics_gz_envs/assets/srb_assets/model/robot/ingenuity) by extensions ['cmake', 'python']
[0.329s] Level 1:colcon.colcon_core.package_identification:_identify(space_robotics_gz_envs/assets/srb_assets/model/robot/ingenuity) by extension 'cmake'
[0.329s] Level 1:colcon.colcon_core.package_identification:_identify(space_robotics_gz_envs/assets/srb_assets/model/robot/ingenuity) by extension 'python'
[0.329s] Level 1:colcon.colcon_core.package_identification:_identify(space_robotics_gz_envs/assets/srb_assets/model/robot/ingenuity) by extensions ['python_setup_py']
[0.329s] Level 1:colcon.colcon_core.package_identification:_identify(space_robotics_gz_envs/assets/srb_assets/model/robot/ingenuity) by extension 'python_setup_py'
[0.329s] Level 1:colcon.colcon_core.package_identification:_identify(space_robotics_gz_envs/assets/srb_assets/model/robot/ingenuity/textures) by extensions ['ignore', 'ignore_ament_install']
[0.329s] Level 1:colcon.colcon_core.package_identification:_identify(space_robotics_gz_envs/assets/srb_assets/model/robot/ingenuity/textures) by extension 'ignore'
[0.329s] Level 1:colcon.colcon_core.package_identification:_identify(space_robotics_gz_envs/assets/srb_assets/model/robot/ingenuity/textures) by extension 'ignore_ament_install'
[0.329s] Level 1:colcon.colcon_core.package_identification:_identify(space_robotics_gz_envs/assets/srb_assets/model/robot/ingenuity/textures) by extensions ['colcon_pkg']
[0.329s] Level 1:colcon.colcon_core.package_identification:_identify(space_robotics_gz_envs/assets/srb_assets/model/robot/ingenuity/textures) by extension 'colcon_pkg'
[0.329s] Level 1:colcon.colcon_core.package_identification:_identify(space_robotics_gz_envs/assets/srb_assets/model/robot/ingenuity/textures) by extensions ['colcon_meta']
[0.329s] Level 1:colcon.colcon_core.package_identification:_identify(space_robotics_gz_envs/assets/srb_assets/model/robot/ingenuity/textures) by extension 'colcon_meta'
[0.329s] Level 1:colcon.colcon_core.package_identification:_identify(space_robotics_gz_envs/assets/srb_assets/model/robot/ingenuity/textures) by extensions ['ros']
[0.329s] Level 1:colcon.colcon_core.package_identification:_identify(space_robotics_gz_envs/assets/srb_assets/model/robot/ingenuity/textures) by extension 'ros'
[0.329s] Level 1:colcon.colcon_core.package_identification:_identify(space_robotics_gz_envs/assets/srb_assets/model/robot/ingenuity/textures) by extensions ['cmake', 'python']
[0.329s] Level 1:colcon.colcon_core.package_identification:_identify(space_robotics_gz_envs/assets/srb_assets/model/robot/ingenuity/textures) by extension 'cmake'
[0.329s] Level 1:colcon.colcon_core.package_identification:_identify(space_robotics_gz_envs/assets/srb_assets/model/robot/ingenuity/textures) by extension 'python'
[0.329s] Level 1:colcon.colcon_core.package_identification:_identify(space_robotics_gz_envs/assets/srb_assets/model/robot/ingenuity/textures) by extensions ['python_setup_py']
[0.329s] Level 1:colcon.colcon_core.package_identification:_identify(space_robotics_gz_envs/assets/srb_assets/model/robot/ingenuity/textures) by extension 'python_setup_py'
[0.329s] Level 1:colcon.colcon_core.package_identification:_identify(space_robotics_gz_envs/assets/srb_assets/model/robot/perseverance) by extensions ['ignore', 'ignore_ament_install']
[0.329s] Level 1:colcon.colcon_core.package_identification:_identify(space_robotics_gz_envs/assets/srb_assets/model/robot/perseverance) by extension 'ignore'
[0.329s] Level 1:colcon.colcon_core.package_identification:_identify(space_robotics_gz_envs/assets/srb_assets/model/robot/perseverance) by extension 'ignore_ament_install'
[0.329s] Level 1:colcon.colcon_core.package_identification:_identify(space_robotics_gz_envs/assets/srb_assets/model/robot/perseverance) by extensions ['colcon_pkg']
[0.329s] Level 1:colcon.colcon_core.package_identification:_identify(space_robotics_gz_envs/assets/srb_assets/model/robot/perseverance) by extension 'colcon_pkg'
[0.329s] Level 1:colcon.colcon_core.package_identification:_identify(space_robotics_gz_envs/assets/srb_assets/model/robot/perseverance) by extensions ['colcon_meta']
[0.330s] Level 1:colcon.colcon_core.package_identification:_identify(space_robotics_gz_envs/assets/srb_assets/model/robot/perseverance) by extension 'colcon_meta'
[0.330s] Level 1:colcon.colcon_core.package_identification:_identify(space_robotics_gz_envs/assets/srb_assets/model/robot/perseverance) by extensions ['ros']
[0.330s] Level 1:colcon.colcon_core.package_identification:_identify(space_robotics_gz_envs/assets/srb_assets/model/robot/perseverance) by extension 'ros'
[0.330s] Level 1:colcon.colcon_core.package_identification:_identify(space_robotics_gz_envs/assets/srb_assets/model/robot/perseverance) by extensions ['cmake', 'python']
[0.330s] Level 1:colcon.colcon_core.package_identification:_identify(space_robotics_gz_envs/assets/srb_assets/model/robot/perseverance) by extension 'cmake'
[0.330s] Level 1:colcon.colcon_core.package_identification:_identify(space_robotics_gz_envs/assets/srb_assets/model/robot/perseverance) by extension 'python'
[0.330s] Level 1:colcon.colcon_core.package_identification:_identify(space_robotics_gz_envs/assets/srb_assets/model/robot/perseverance) by extensions ['python_setup_py']
[0.330s] Level 1:colcon.colcon_core.package_identification:_identify(space_robotics_gz_envs/assets/srb_assets/model/robot/perseverance) by extension 'python_setup_py'
[0.330s] Level 1:colcon.colcon_core.package_identification:_identify(space_robotics_gz_envs/assets/srb_assets/model/robot/perseverance/textures) by extensions ['ignore', 'ignore_ament_install']
[0.330s] Level 1:colcon.colcon_core.package_identification:_identify(space_robotics_gz_envs/assets/srb_assets/model/robot/perseverance/textures) by extension 'ignore'
[0.330s] Level 1:colcon.colcon_core.package_identification:_identify(space_robotics_gz_envs/assets/srb_assets/model/robot/perseverance/textures) by extension 'ignore_ament_install'
[0.330s] Level 1:colcon.colcon_core.package_identification:_identify(space_robotics_gz_envs/assets/srb_assets/model/robot/perseverance/textures) by extensions ['colcon_pkg']
[0.330s] Level 1:colcon.colcon_core.package_identification:_identify(space_robotics_gz_envs/assets/srb_assets/model/robot/perseverance/textures) by extension 'colcon_pkg'
[0.330s] Level 1:colcon.colcon_core.package_identification:_identify(space_robotics_gz_envs/assets/srb_assets/model/robot/perseverance/textures) by extensions ['colcon_meta']
[0.330s] Level 1:colcon.colcon_core.package_identification:_identify(space_robotics_gz_envs/assets/srb_assets/model/robot/perseverance/textures) by extension 'colcon_meta'
[0.330s] Level 1:colcon.colcon_core.package_identification:_identify(space_robotics_gz_envs/assets/srb_assets/model/robot/perseverance/textures) by extensions ['ros']
[0.330s] Level 1:colcon.colcon_core.package_identification:_identify(space_robotics_gz_envs/assets/srb_assets/model/robot/perseverance/textures) by extension 'ros'
[0.330s] Level 1:colcon.colcon_core.package_identification:_identify(space_robotics_gz_envs/assets/srb_assets/model/robot/perseverance/textures) by extensions ['cmake', 'python']
[0.330s] Level 1:colcon.colcon_core.package_identification:_identify(space_robotics_gz_envs/assets/srb_assets/model/robot/perseverance/textures) by extension 'cmake'
[0.330s] Level 1:colcon.colcon_core.package_identification:_identify(space_robotics_gz_envs/assets/srb_assets/model/robot/perseverance/textures) by extension 'python'
[0.330s] Level 1:colcon.colcon_core.package_identification:_identify(space_robotics_gz_envs/assets/srb_assets/model/robot/perseverance/textures) by extensions ['python_setup_py']
[0.330s] Level 1:colcon.colcon_core.package_identification:_identify(space_robotics_gz_envs/assets/srb_assets/model/robot/perseverance/textures) by extension 'python_setup_py'
[0.330s] Level 1:colcon.colcon_core.package_identification:_identify(space_robotics_gz_envs/assets/srb_assets/model/terrain) by extensions ['ignore', 'ignore_ament_install']
[0.330s] Level 1:colcon.colcon_core.package_identification:_identify(space_robotics_gz_envs/assets/srb_assets/model/terrain) by extension 'ignore'
[0.330s] Level 1:colcon.colcon_core.package_identification:_identify(space_robotics_gz_envs/assets/srb_assets/model/terrain) by extension 'ignore_ament_install'
[0.330s] Level 1:colcon.colcon_core.package_identification:_identify(space_robotics_gz_envs/assets/srb_assets/model/terrain) by extensions ['colcon_pkg']
[0.330s] Level 1:colcon.colcon_core.package_identification:_identify(space_robotics_gz_envs/assets/srb_assets/model/terrain) by extension 'colcon_pkg'
[0.331s] Level 1:colcon.colcon_core.package_identification:_identify(space_robotics_gz_envs/assets/srb_assets/model/terrain) by extensions ['colcon_meta']
[0.331s] Level 1:colcon.colcon_core.package_identification:_identify(space_robotics_gz_envs/assets/srb_assets/model/terrain) by extension 'colcon_meta'
[0.331s] Level 1:colcon.colcon_core.package_identification:_identify(space_robotics_gz_envs/assets/srb_assets/model/terrain) by extensions ['ros']
[0.331s] Level 1:colcon.colcon_core.package_identification:_identify(space_robotics_gz_envs/assets/srb_assets/model/terrain) by extension 'ros'
[0.331s] Level 1:colcon.colcon_core.package_identification:_identify(space_robotics_gz_envs/assets/srb_assets/model/terrain) by extensions ['cmake', 'python']
[0.331s] Level 1:colcon.colcon_core.package_identification:_identify(space_robotics_gz_envs/assets/srb_assets/model/terrain) by extension 'cmake'
[0.331s] Level 1:colcon.colcon_core.package_identification:_identify(space_robotics_gz_envs/assets/srb_assets/model/terrain) by extension 'python'
[0.331s] Level 1:colcon.colcon_core.package_identification:_identify(space_robotics_gz_envs/assets/srb_assets/model/terrain) by extensions ['python_setup_py']
[0.331s] Level 1:colcon.colcon_core.package_identification:_identify(space_robotics_gz_envs/assets/srb_assets/model/terrain) by extension 'python_setup_py'
[0.331s] Level 1:colcon.colcon_core.package_identification:_identify(space_robotics_gz_envs/assets/srb_assets/model/terrain/lunar_surface_procgen) by extensions ['ignore', 'ignore_ament_install']
[0.331s] Level 1:colcon.colcon_core.package_identification:_identify(space_robotics_gz_envs/assets/srb_assets/model/terrain/lunar_surface_procgen) by extension 'ignore'
[0.331s] Level 1:colcon.colcon_core.package_identification:_identify(space_robotics_gz_envs/assets/srb_assets/model/terrain/lunar_surface_procgen) by extension 'ignore_ament_install'
[0.331s] Level 1:colcon.colcon_core.package_identification:_identify(space_robotics_gz_envs/assets/srb_assets/model/terrain/lunar_surface_procgen) by extensions ['colcon_pkg']
[0.331s] Level 1:colcon.colcon_core.package_identification:_identify(space_robotics_gz_envs/assets/srb_assets/model/terrain/lunar_surface_procgen) by extension 'colcon_pkg'
[0.331s] Level 1:colcon.colcon_core.package_identification:_identify(space_robotics_gz_envs/assets/srb_assets/model/terrain/lunar_surface_procgen) by extensions ['colcon_meta']
[0.331s] Level 1:colcon.colcon_core.package_identification:_identify(space_robotics_gz_envs/assets/srb_assets/model/terrain/lunar_surface_procgen) by extension 'colcon_meta'
[0.331s] Level 1:colcon.colcon_core.package_identification:_identify(space_robotics_gz_envs/assets/srb_assets/model/terrain/lunar_surface_procgen) by extensions ['ros']
[0.331s] Level 1:colcon.colcon_core.package_identification:_identify(space_robotics_gz_envs/assets/srb_assets/model/terrain/lunar_surface_procgen) by extension 'ros'
[0.331s] Level 1:colcon.colcon_core.package_identification:_identify(space_robotics_gz_envs/assets/srb_assets/model/terrain/lunar_surface_procgen) by extensions ['cmake', 'python']
[0.331s] Level 1:colcon.colcon_core.package_identification:_identify(space_robotics_gz_envs/assets/srb_assets/model/terrain/lunar_surface_procgen) by extension 'cmake'
[0.331s] Level 1:colcon.colcon_core.package_identification:_identify(space_robotics_gz_envs/assets/srb_assets/model/terrain/lunar_surface_procgen) by extension 'python'
[0.331s] Level 1:colcon.colcon_core.package_identification:_identify(space_robotics_gz_envs/assets/srb_assets/model/terrain/lunar_surface_procgen) by extensions ['python_setup_py']
[0.331s] Level 1:colcon.colcon_core.package_identification:_identify(space_robotics_gz_envs/assets/srb_assets/model/terrain/lunar_surface_procgen) by extension 'python_setup_py'
[0.331s] Level 1:colcon.colcon_core.package_identification:_identify(space_robotics_gz_envs/assets/srb_assets/model/terrain/martian_surface_procgen) by extensions ['ignore', 'ignore_ament_install']
[0.331s] Level 1:colcon.colcon_core.package_identification:_identify(space_robotics_gz_envs/assets/srb_assets/model/terrain/martian_surface_procgen) by extension 'ignore'
[0.331s] Level 1:colcon.colcon_core.package_identification:_identify(space_robotics_gz_envs/assets/srb_assets/model/terrain/martian_surface_procgen) by extension 'ignore_ament_install'
[0.331s] Level 1:colcon.colcon_core.package_identification:_identify(space_robotics_gz_envs/assets/srb_assets/model/terrain/martian_surface_procgen) by extensions ['colcon_pkg']
[0.331s] Level 1:colcon.colcon_core.package_identification:_identify(space_robotics_gz_envs/assets/srb_assets/model/terrain/martian_surface_procgen) by extension 'colcon_pkg'
[0.332s] Level 1:colcon.colcon_core.package_identification:_identify(space_robotics_gz_envs/assets/srb_assets/model/terrain/martian_surface_procgen) by extensions ['colcon_meta']
[0.332s] Level 1:colcon.colcon_core.package_identification:_identify(space_robotics_gz_envs/assets/srb_assets/model/terrain/martian_surface_procgen) by extension 'colcon_meta'
[0.332s] Level 1:colcon.colcon_core.package_identification:_identify(space_robotics_gz_envs/assets/srb_assets/model/terrain/martian_surface_procgen) by extensions ['ros']
[0.332s] Level 1:colcon.colcon_core.package_identification:_identify(space_robotics_gz_envs/assets/srb_assets/model/terrain/martian_surface_procgen) by extension 'ros'
[0.332s] Level 1:colcon.colcon_core.package_identification:_identify(space_robotics_gz_envs/assets/srb_assets/model/terrain/martian_surface_procgen) by extensions ['cmake', 'python']
[0.332s] Level 1:colcon.colcon_core.package_identification:_identify(space_robotics_gz_envs/assets/srb_assets/model/terrain/martian_surface_procgen) by extension 'cmake'
[0.332s] Level 1:colcon.colcon_core.package_identification:_identify(space_robotics_gz_envs/assets/srb_assets/model/terrain/martian_surface_procgen) by extension 'python'
[0.332s] Level 1:colcon.colcon_core.package_identification:_identify(space_robotics_gz_envs/assets/srb_assets/model/terrain/martian_surface_procgen) by extensions ['python_setup_py']
[0.332s] Level 1:colcon.colcon_core.package_identification:_identify(space_robotics_gz_envs/assets/srb_assets/model/terrain/martian_surface_procgen) by extension 'python_setup_py'
[0.332s] Level 1:colcon.colcon_core.package_identification:_identify(space_robotics_gz_envs/assets/srb_assets/model/vehicle) by extensions ['ignore', 'ignore_ament_install']
[0.332s] Level 1:colcon.colcon_core.package_identification:_identify(space_robotics_gz_envs/assets/srb_assets/model/vehicle) by extension 'ignore'
[0.332s] Level 1:colcon.colcon_core.package_identification:_identify(space_robotics_gz_envs/assets/srb_assets/model/vehicle) by extension 'ignore_ament_install'
[0.332s] Level 1:colcon.colcon_core.package_identification:_identify(space_robotics_gz_envs/assets/srb_assets/model/vehicle) by extensions ['colcon_pkg']
[0.332s] Level 1:colcon.colcon_core.package_identification:_identify(space_robotics_gz_envs/assets/srb_assets/model/vehicle) by extension 'colcon_pkg'
[0.332s] Level 1:colcon.colcon_core.package_identification:_identify(space_robotics_gz_envs/assets/srb_assets/model/vehicle) by extensions ['colcon_meta']
[0.332s] Level 1:colcon.colcon_core.package_identification:_identify(space_robotics_gz_envs/assets/srb_assets/model/vehicle) by extension 'colcon_meta'
[0.332s] Level 1:colcon.colcon_core.package_identification:_identify(space_robotics_gz_envs/assets/srb_assets/model/vehicle) by extensions ['ros']
[0.332s] Level 1:colcon.colcon_core.package_identification:_identify(space_robotics_gz_envs/assets/srb_assets/model/vehicle) by extension 'ros'
[0.332s] Level 1:colcon.colcon_core.package_identification:_identify(space_robotics_gz_envs/assets/srb_assets/model/vehicle) by extensions ['cmake', 'python']
[0.332s] Level 1:colcon.colcon_core.package_identification:_identify(space_robotics_gz_envs/assets/srb_assets/model/vehicle) by extension 'cmake'
[0.332s] Level 1:colcon.colcon_core.package_identification:_identify(space_robotics_gz_envs/assets/srb_assets/model/vehicle) by extension 'python'
[0.332s] Level 1:colcon.colcon_core.package_identification:_identify(space_robotics_gz_envs/assets/srb_assets/model/vehicle) by extensions ['python_setup_py']
[0.332s] Level 1:colcon.colcon_core.package_identification:_identify(space_robotics_gz_envs/assets/srb_assets/model/vehicle) by extension 'python_setup_py'
[0.332s] Level 1:colcon.colcon_core.package_identification:_identify(space_robotics_gz_envs/assets/srb_assets/model/vehicle/construction_rover) by extensions ['ignore', 'ignore_ament_install']
[0.332s] Level 1:colcon.colcon_core.package_identification:_identify(space_robotics_gz_envs/assets/srb_assets/model/vehicle/construction_rover) by extension 'ignore'
[0.332s] Level 1:colcon.colcon_core.package_identification:_identify(space_robotics_gz_envs/assets/srb_assets/model/vehicle/construction_rover) by extension 'ignore_ament_install'
[0.332s] Level 1:colcon.colcon_core.package_identification:_identify(space_robotics_gz_envs/assets/srb_assets/model/vehicle/construction_rover) by extensions ['colcon_pkg']
[0.333s] Level 1:colcon.colcon_core.package_identification:_identify(space_robotics_gz_envs/assets/srb_assets/model/vehicle/construction_rover) by extension 'colcon_pkg'
[0.333s] Level 1:colcon.colcon_core.package_identification:_identify(space_robotics_gz_envs/assets/srb_assets/model/vehicle/construction_rover) by extensions ['colcon_meta']
[0.333s] Level 1:colcon.colcon_core.package_identification:_identify(space_robotics_gz_envs/assets/srb_assets/model/vehicle/construction_rover) by extension 'colcon_meta'
[0.333s] Level 1:colcon.colcon_core.package_identification:_identify(space_robotics_gz_envs/assets/srb_assets/model/vehicle/construction_rover) by extensions ['ros']
[0.333s] Level 1:colcon.colcon_core.package_identification:_identify(space_robotics_gz_envs/assets/srb_assets/model/vehicle/construction_rover) by extension 'ros'
[0.333s] Level 1:colcon.colcon_core.package_identification:_identify(space_robotics_gz_envs/assets/srb_assets/model/vehicle/construction_rover) by extensions ['cmake', 'python']
[0.333s] Level 1:colcon.colcon_core.package_identification:_identify(space_robotics_gz_envs/assets/srb_assets/model/vehicle/construction_rover) by extension 'cmake'
[0.333s] Level 1:colcon.colcon_core.package_identification:_identify(space_robotics_gz_envs/assets/srb_assets/model/vehicle/construction_rover) by extension 'python'
[0.333s] Level 1:colcon.colcon_core.package_identification:_identify(space_robotics_gz_envs/assets/srb_assets/model/vehicle/construction_rover) by extensions ['python_setup_py']
[0.333s] Level 1:colcon.colcon_core.package_identification:_identify(space_robotics_gz_envs/assets/srb_assets/model/vehicle/construction_rover) by extension 'python_setup_py'
[0.333s] Level 1:colcon.colcon_core.package_identification:_identify(space_robotics_gz_envs/assets/srb_assets/model/vehicle/construction_rover/textures) by extensions ['ignore', 'ignore_ament_install']
[0.333s] Level 1:colcon.colcon_core.package_identification:_identify(space_robotics_gz_envs/assets/srb_assets/model/vehicle/construction_rover/textures) by extension 'ignore'
[0.333s] Level 1:colcon.colcon_core.package_identification:_identify(space_robotics_gz_envs/assets/srb_assets/model/vehicle/construction_rover/textures) by extension 'ignore_ament_install'
[0.333s] Level 1:colcon.colcon_core.package_identification:_identify(space_robotics_gz_envs/assets/srb_assets/model/vehicle/construction_rover/textures) by extensions ['colcon_pkg']
[0.333s] Level 1:colcon.colcon_core.package_identification:_identify(space_robotics_gz_envs/assets/srb_assets/model/vehicle/construction_rover/textures) by extension 'colcon_pkg'
[0.333s] Level 1:colcon.colcon_core.package_identification:_identify(space_robotics_gz_envs/assets/srb_assets/model/vehicle/construction_rover/textures) by extensions ['colcon_meta']
[0.333s] Level 1:colcon.colcon_core.package_identification:_identify(space_robotics_gz_envs/assets/srb_assets/model/vehicle/construction_rover/textures) by extension 'colcon_meta'
[0.333s] Level 1:colcon.colcon_core.package_identification:_identify(space_robotics_gz_envs/assets/srb_assets/model/vehicle/construction_rover/textures) by extensions ['ros']
[0.333s] Level 1:colcon.colcon_core.package_identification:_identify(space_robotics_gz_envs/assets/srb_assets/model/vehicle/construction_rover/textures) by extension 'ros'
[0.333s] Level 1:colcon.colcon_core.package_identification:_identify(space_robotics_gz_envs/assets/srb_assets/model/vehicle/construction_rover/textures) by extensions ['cmake', 'python']
[0.333s] Level 1:colcon.colcon_core.package_identification:_identify(space_robotics_gz_envs/assets/srb_assets/model/vehicle/construction_rover/textures) by extension 'cmake'
[0.333s] Level 1:colcon.colcon_core.package_identification:_identify(space_robotics_gz_envs/assets/srb_assets/model/vehicle/construction_rover/textures) by extension 'python'
[0.333s] Level 1:colcon.colcon_core.package_identification:_identify(space_robotics_gz_envs/assets/srb_assets/model/vehicle/construction_rover/textures) by extensions ['python_setup_py']
[0.333s] Level 1:colcon.colcon_core.package_identification:_identify(space_robotics_gz_envs/assets/srb_assets/model/vehicle/construction_rover/textures) by extension 'python_setup_py'
[0.333s] Level 1:colcon.colcon_core.package_identification:_identify(space_robotics_gz_envs/assets/srb_assets/model/vehicle/gateway) by extensions ['ignore', 'ignore_ament_install']
[0.334s] Level 1:colcon.colcon_core.package_identification:_identify(space_robotics_gz_envs/assets/srb_assets/model/vehicle/gateway) by extension 'ignore'
[0.334s] Level 1:colcon.colcon_core.package_identification:_identify(space_robotics_gz_envs/assets/srb_assets/model/vehicle/gateway) by extension 'ignore_ament_install'
[0.334s] Level 1:colcon.colcon_core.package_identification:_identify(space_robotics_gz_envs/assets/srb_assets/model/vehicle/gateway) by extensions ['colcon_pkg']
[0.334s] Level 1:colcon.colcon_core.package_identification:_identify(space_robotics_gz_envs/assets/srb_assets/model/vehicle/gateway) by extension 'colcon_pkg'
[0.334s] Level 1:colcon.colcon_core.package_identification:_identify(space_robotics_gz_envs/assets/srb_assets/model/vehicle/gateway) by extensions ['colcon_meta']
[0.334s] Level 1:colcon.colcon_core.package_identification:_identify(space_robotics_gz_envs/assets/srb_assets/model/vehicle/gateway) by extension 'colcon_meta'
[0.334s] Level 1:colcon.colcon_core.package_identification:_identify(space_robotics_gz_envs/assets/srb_assets/model/vehicle/gateway) by extensions ['ros']
[0.334s] Level 1:colcon.colcon_core.package_identification:_identify(space_robotics_gz_envs/assets/srb_assets/model/vehicle/gateway) by extension 'ros'
[0.334s] Level 1:colcon.colcon_core.package_identification:_identify(space_robotics_gz_envs/assets/srb_assets/model/vehicle/gateway) by extensions ['cmake', 'python']
[0.334s] Level 1:colcon.colcon_core.package_identification:_identify(space_robotics_gz_envs/assets/srb_assets/model/vehicle/gateway) by extension 'cmake'
[0.334s] Level 1:colcon.colcon_core.package_identification:_identify(space_robotics_gz_envs/assets/srb_assets/model/vehicle/gateway) by extension 'python'
[0.334s] Level 1:colcon.colcon_core.package_identification:_identify(space_robotics_gz_envs/assets/srb_assets/model/vehicle/gateway) by extensions ['python_setup_py']
[0.334s] Level 1:colcon.colcon_core.package_identification:_identify(space_robotics_gz_envs/assets/srb_assets/model/vehicle/gateway) by extension 'python_setup_py'
[0.334s] Level 1:colcon.colcon_core.package_identification:_identify(space_robotics_gz_envs/assets/srb_assets/model/vehicle/gateway/textures) by extensions ['ignore', 'ignore_ament_install']
[0.334s] Level 1:colcon.colcon_core.package_identification:_identify(space_robotics_gz_envs/assets/srb_assets/model/vehicle/gateway/textures) by extension 'ignore'
[0.334s] Level 1:colcon.colcon_core.package_identification:_identify(space_robotics_gz_envs/assets/srb_assets/model/vehicle/gateway/textures) by extension 'ignore_ament_install'
[0.334s] Level 1:colcon.colcon_core.package_identification:_identify(space_robotics_gz_envs/assets/srb_assets/model/vehicle/gateway/textures) by extensions ['colcon_pkg']
[0.334s] Level 1:colcon.colcon_core.package_identification:_identify(space_robotics_gz_envs/assets/srb_assets/model/vehicle/gateway/textures) by extension 'colcon_pkg'
[0.334s] Level 1:colcon.colcon_core.package_identification:_identify(space_robotics_gz_envs/assets/srb_assets/model/vehicle/gateway/textures) by extensions ['colcon_meta']
[0.334s] Level 1:colcon.colcon_core.package_identification:_identify(space_robotics_gz_envs/assets/srb_assets/model/vehicle/gateway/textures) by extension 'colcon_meta'
[0.335s] Level 1:colcon.colcon_core.package_identification:_identify(space_robotics_gz_envs/assets/srb_assets/model/vehicle/gateway/textures) by extensions ['ros']
[0.335s] Level 1:colcon.colcon_core.package_identification:_identify(space_robotics_gz_envs/assets/srb_assets/model/vehicle/gateway/textures) by extension 'ros'
[0.335s] Level 1:colcon.colcon_core.package_identification:_identify(space_robotics_gz_envs/assets/srb_assets/model/vehicle/gateway/textures) by extensions ['cmake', 'python']
[0.335s] Level 1:colcon.colcon_core.package_identification:_identify(space_robotics_gz_envs/assets/srb_assets/model/vehicle/gateway/textures) by extension 'cmake'
[0.335s] Level 1:colcon.colcon_core.package_identification:_identify(space_robotics_gz_envs/assets/srb_assets/model/vehicle/gateway/textures) by extension 'python'
[0.335s] Level 1:colcon.colcon_core.package_identification:_identify(space_robotics_gz_envs/assets/srb_assets/model/vehicle/gateway/textures) by extensions ['python_setup_py']
[0.335s] Level 1:colcon.colcon_core.package_identification:_identify(space_robotics_gz_envs/assets/srb_assets/model/vehicle/gateway/textures) by extension 'python_setup_py'
[0.335s] Level 1:colcon.colcon_core.package_identification:_identify(space_robotics_gz_envs/assets/srb_assets/scripts) by extensions ['ignore', 'ignore_ament_install']
[0.335s] Level 1:colcon.colcon_core.package_identification:_identify(space_robotics_gz_envs/assets/srb_assets/scripts) by extension 'ignore'
[0.335s] Level 1:colcon.colcon_core.package_identification:_identify(space_robotics_gz_envs/assets/srb_assets/scripts) by extension 'ignore_ament_install'
[0.335s] Level 1:colcon.colcon_core.package_identification:_identify(space_robotics_gz_envs/assets/srb_assets/scripts) by extensions ['colcon_pkg']
[0.335s] Level 1:colcon.colcon_core.package_identification:_identify(space_robotics_gz_envs/assets/srb_assets/scripts) by extension 'colcon_pkg'
[0.335s] Level 1:colcon.colcon_core.package_identification:_identify(space_robotics_gz_envs/assets/srb_assets/scripts) by extensions ['colcon_meta']
[0.335s] Level 1:colcon.colcon_core.package_identification:_identify(space_robotics_gz_envs/assets/srb_assets/scripts) by extension 'colcon_meta'
[0.335s] Level 1:colcon.colcon_core.package_identification:_identify(space_robotics_gz_envs/assets/srb_assets/scripts) by extensions ['ros']
[0.335s] Level 1:colcon.colcon_core.package_identification:_identify(space_robotics_gz_envs/assets/srb_assets/scripts) by extension 'ros'
[0.335s] Level 1:colcon.colcon_core.package_identification:_identify(space_robotics_gz_envs/assets/srb_assets/scripts) by extensions ['cmake', 'python']
[0.335s] Level 1:colcon.colcon_core.package_identification:_identify(space_robotics_gz_envs/assets/srb_assets/scripts) by extension 'cmake'
[0.335s] Level 1:colcon.colcon_core.package_identification:_identify(space_robotics_gz_envs/assets/srb_assets/scripts) by extension 'python'
[0.335s] Level 1:colcon.colcon_core.package_identification:_identify(space_robotics_gz_envs/assets/srb_assets/scripts) by extensions ['python_setup_py']
[0.335s] Level 1:colcon.colcon_core.package_identification:_identify(space_robotics_gz_envs/assets/srb_assets/scripts) by extension 'python_setup_py'
[0.335s] Level 1:colcon.colcon_core.package_identification:_identify(space_robotics_gz_envs/assets/srb_assets/scripts/blender) by extensions ['ignore', 'ignore_ament_install']
[0.335s] Level 1:colcon.colcon_core.package_identification:_identify(space_robotics_gz_envs/assets/srb_assets/scripts/blender) by extension 'ignore'
[0.336s] Level 1:colcon.colcon_core.package_identification:_identify(space_robotics_gz_envs/assets/srb_assets/scripts/blender) by extension 'ignore_ament_install'
[0.336s] Level 1:colcon.colcon_core.package_identification:_identify(space_robotics_gz_envs/assets/srb_assets/scripts/blender) by extensions ['colcon_pkg']
[0.336s] Level 1:colcon.colcon_core.package_identification:_identify(space_robotics_gz_envs/assets/srb_assets/scripts/blender) by extension 'colcon_pkg'
[0.336s] Level 1:colcon.colcon_core.package_identification:_identify(space_robotics_gz_envs/assets/srb_assets/scripts/blender) by extensions ['colcon_meta']
[0.336s] Level 1:colcon.colcon_core.package_identification:_identify(space_robotics_gz_envs/assets/srb_assets/scripts/blender) by extension 'colcon_meta'
[0.336s] Level 1:colcon.colcon_core.package_identification:_identify(space_robotics_gz_envs/assets/srb_assets/scripts/blender) by extensions ['ros']
[0.336s] Level 1:colcon.colcon_core.package_identification:_identify(space_robotics_gz_envs/assets/srb_assets/scripts/blender) by extension 'ros'
[0.336s] Level 1:colcon.colcon_core.package_identification:_identify(space_robotics_gz_envs/assets/srb_assets/scripts/blender) by extensions ['cmake', 'python']
[0.336s] Level 1:colcon.colcon_core.package_identification:_identify(space_robotics_gz_envs/assets/srb_assets/scripts/blender) by extension 'cmake'
[0.336s] Level 1:colcon.colcon_core.package_identification:_identify(space_robotics_gz_envs/assets/srb_assets/scripts/blender) by extension 'python'
[0.336s] Level 1:colcon.colcon_core.package_identification:_identify(space_robotics_gz_envs/assets/srb_assets/scripts/blender) by extensions ['python_setup_py']
[0.336s] Level 1:colcon.colcon_core.package_identification:_identify(space_robotics_gz_envs/assets/srb_assets/scripts/blender) by extension 'python_setup_py'
[0.336s] Level 1:colcon.colcon_core.package_identification:_identify(space_robotics_gz_envs/scripts) by extensions ['ignore', 'ignore_ament_install']
[0.336s] Level 1:colcon.colcon_core.package_identification:_identify(space_robotics_gz_envs/scripts) by extension 'ignore'
[0.336s] Level 1:colcon.colcon_core.package_identification:_identify(space_robotics_gz_envs/scripts) by extension 'ignore_ament_install'
[0.336s] Level 1:colcon.colcon_core.package_identification:_identify(space_robotics_gz_envs/scripts) by extensions ['colcon_pkg']
[0.336s] Level 1:colcon.colcon_core.package_identification:_identify(space_robotics_gz_envs/scripts) by extension 'colcon_pkg'
[0.336s] Level 1:colcon.colcon_core.package_identification:_identify(space_robotics_gz_envs/scripts) by extensions ['colcon_meta']
[0.336s] Level 1:colcon.colcon_core.package_identification:_identify(space_robotics_gz_envs/scripts) by extension 'colcon_meta'
[0.336s] Level 1:colcon.colcon_core.package_identification:_identify(space_robotics_gz_envs/scripts) by extensions ['ros']
[0.336s] Level 1:colcon.colcon_core.package_identification:_identify(space_robotics_gz_envs/scripts) by extension 'ros'
[0.336s] Level 1:colcon.colcon_core.package_identification:_identify(space_robotics_gz_envs/scripts) by extensions ['cmake', 'python']
[0.336s] Level 1:colcon.colcon_core.package_identification:_identify(space_robotics_gz_envs/scripts) by extension 'cmake'
[0.336s] Level 1:colcon.colcon_core.package_identification:_identify(space_robotics_gz_envs/scripts) by extension 'python'
[0.336s] Level 1:colcon.colcon_core.package_identification:_identify(space_robotics_gz_envs/scripts) by extensions ['python_setup_py']
[0.336s] Level 1:colcon.colcon_core.package_identification:_identify(space_robotics_gz_envs/scripts) by extension 'python_setup_py'
[0.336s] Level 1:colcon.colcon_core.package_identification:_identify(space_robotics_gz_envs/scripts/utils) by extensions ['ignore', 'ignore_ament_install']
[0.336s] Level 1:colcon.colcon_core.package_identification:_identify(space_robotics_gz_envs/scripts/utils) by extension 'ignore'
[0.337s] Level 1:colcon.colcon_core.package_identification:_identify(space_robotics_gz_envs/scripts/utils) by extension 'ignore_ament_install'
[0.337s] Level 1:colcon.colcon_core.package_identification:_identify(space_robotics_gz_envs/scripts/utils) by extensions ['colcon_pkg']
[0.337s] Level 1:colcon.colcon_core.package_identification:_identify(space_robotics_gz_envs/scripts/utils) by extension 'colcon_pkg'
[0.337s] Level 1:colcon.colcon_core.package_identification:_identify(space_robotics_gz_envs/scripts/utils) by extensions ['colcon_meta']
[0.337s] Level 1:colcon.colcon_core.package_identification:_identify(space_robotics_gz_envs/scripts/utils) by extension 'colcon_meta'
[0.337s] Level 1:colcon.colcon_core.package_identification:_identify(space_robotics_gz_envs/scripts/utils) by extensions ['ros']
[0.337s] Level 1:colcon.colcon_core.package_identification:_identify(space_robotics_gz_envs/scripts/utils) by extension 'ros'
[0.337s] Level 1:colcon.colcon_core.package_identification:_identify(space_robotics_gz_envs/scripts/utils) by extensions ['cmake', 'python']
[0.337s] Level 1:colcon.colcon_core.package_identification:_identify(space_robotics_gz_envs/scripts/utils) by extension 'cmake'
[0.337s] Level 1:colcon.colcon_core.package_identification:_identify(space_robotics_gz_envs/scripts/utils) by extension 'python'
[0.337s] Level 1:colcon.colcon_core.package_identification:_identify(space_robotics_gz_envs/scripts/utils) by extensions ['python_setup_py']
[0.337s] Level 1:colcon.colcon_core.package_identification:_identify(space_robotics_gz_envs/scripts/utils) by extension 'python_setup_py'
[0.337s] Level 1:colcon.colcon_core.package_identification:_identify(space_robotics_gz_envs/worlds) by extensions ['ignore', 'ignore_ament_install']
[0.337s] Level 1:colcon.colcon_core.package_identification:_identify(space_robotics_gz_envs/worlds) by extension 'ignore'
[0.337s] Level 1:colcon.colcon_core.package_identification:_identify(space_robotics_gz_envs/worlds) by extension 'ignore_ament_install'
[0.337s] Level 1:colcon.colcon_core.package_identification:_identify(space_robotics_gz_envs/worlds) by extensions ['colcon_pkg']
[0.337s] Level 1:colcon.colcon_core.package_identification:_identify(space_robotics_gz_envs/worlds) by extension 'colcon_pkg'
[0.337s] Level 1:colcon.colcon_core.package_identification:_identify(space_robotics_gz_envs/worlds) by extensions ['colcon_meta']
[0.337s] Level 1:colcon.colcon_core.package_identification:_identify(space_robotics_gz_envs/worlds) by extension 'colcon_meta'
[0.337s] Level 1:colcon.colcon_core.package_identification:_identify(space_robotics_gz_envs/worlds) by extensions ['ros']
[0.337s] Level 1:colcon.colcon_core.package_identification:_identify(space_robotics_gz_envs/worlds) by extension 'ros'
[0.337s] Level 1:colcon.colcon_core.package_identification:_identify(space_robotics_gz_envs/worlds) by extensions ['cmake', 'python']
[0.337s] Level 1:colcon.colcon_core.package_identification:_identify(space_robotics_gz_envs/worlds) by extension 'cmake'
[0.337s] Level 1:colcon.colcon_core.package_identification:_identify(space_robotics_gz_envs/worlds) by extension 'python'
[0.337s] Level 1:colcon.colcon_core.package_identification:_identify(space_robotics_gz_envs/worlds) by extensions ['python_setup_py']
[0.337s] Level 1:colcon.colcon_core.package_identification:_identify(space_robotics_gz_envs/worlds) by extension 'python_setup_py'
[0.337s] Level 1:colcon.colcon_core.package_identification:_identify(src) by extensions ['ignore', 'ignore_ament_install']
[0.337s] Level 1:colcon.colcon_core.package_identification:_identify(src) by extension 'ignore'
[0.338s] Level 1:colcon.colcon_core.package_identification:_identify(src) by extension 'ignore_ament_install'
[0.338s] Level 1:colcon.colcon_core.package_identification:_identify(src) by extensions ['colcon_pkg']
[0.338s] Level 1:colcon.colcon_core.package_identification:_identify(src) by extension 'colcon_pkg'
[0.338s] Level 1:colcon.colcon_core.package_identification:_identify(src) by extensions ['colcon_meta']
[0.338s] Level 1:colcon.colcon_core.package_identification:_identify(src) by extension 'colcon_meta'
[0.338s] Level 1:colcon.colcon_core.package_identification:_identify(src) by extensions ['ros']
[0.338s] Level 1:colcon.colcon_core.package_identification:_identify(src) by extension 'ros'
[0.338s] Level 1:colcon.colcon_core.package_identification:_identify(src) by extensions ['cmake', 'python']
[0.338s] Level 1:colcon.colcon_core.package_identification:_identify(src) by extension 'cmake'
[0.338s] Level 1:colcon.colcon_core.package_identification:_identify(src) by extension 'python'
[0.338s] Level 1:colcon.colcon_core.package_identification:_identify(src) by extensions ['python_setup_py']
[0.338s] Level 1:colcon.colcon_core.package_identification:_identify(src) by extension 'python_setup_py'
[0.338s] Level 1:colcon.colcon_core.package_identification:_identify(src/lunabotics_model) by extensions ['ignore', 'ignore_ament_install']
[0.338s] Level 1:colcon.colcon_core.package_identification:_identify(src/lunabotics_model) by extension 'ignore'
[0.338s] Level 1:colcon.colcon_core.package_identification:_identify(src/lunabotics_model) by extension 'ignore_ament_install'
[0.338s] Level 1:colcon.colcon_core.package_identification:_identify(src/lunabotics_model) by extensions ['colcon_pkg']
[0.338s] Level 1:colcon.colcon_core.package_identification:_identify(src/lunabotics_model) by extension 'colcon_pkg'
[0.338s] Level 1:colcon.colcon_core.package_identification:_identify(src/lunabotics_model) by extensions ['colcon_meta']
[0.338s] Level 1:colcon.colcon_core.package_identification:_identify(src/lunabotics_model) by extension 'colcon_meta'
[0.338s] Level 1:colcon.colcon_core.package_identification:_identify(src/lunabotics_model) by extensions ['ros']
[0.338s] Level 1:colcon.colcon_core.package_identification:_identify(src/lunabotics_model) by extension 'ros'
[0.342s] DEBUG:colcon.colcon_core.package_identification:Package 'src/lunabotics_model' with type 'ros.ament_cmake' and name 'lunabotics_model'
[0.342s] Level 1:colcon.colcon_core.package_discovery:discover_packages(recursive) using defaults
[0.342s] Level 1:colcon.colcon_core.package_discovery:discover_packages(ignore) discover
[0.342s] Level 1:colcon.colcon_core.package_discovery:discover_packages(ignore) using defaults
[0.342s] Level 1:colcon.colcon_core.package_discovery:discover_packages(path) discover
[0.342s] Level 1:colcon.colcon_core.package_discovery:discover_packages(path) using defaults
[0.361s] Level 1:colcon.colcon_core.package_discovery:discover_packages(prefix_path) check parameters
[0.361s] Level 1:colcon.colcon_core.package_discovery:discover_packages(prefix_path) discover
[0.364s] DEBUG:colcon.colcon_installed_package_information.package_discovery:Found 2 installed packages in /home/ros2/ws_lsr_nav2_v2/install
[0.364s] DEBUG:colcon.colcon_installed_package_information.package_discovery:Found 2 installed packages in /home/ros2/lsr_ws/install
[0.365s] DEBUG:colcon.colcon_installed_package_information.package_discovery:Found 2 installed packages in /home/ros2/point_lio_ws/install
[0.365s] DEBUG:colcon.colcon_installed_package_information.package_discovery:Found 1 installed packages in /home/ros2/unitree_ws/install
[0.365s] DEBUG:colcon.colcon_installed_package_information.package_discovery:Found 1 installed packages in /home/ros2/ws_pointlio/install
[0.365s] DEBUG:colcon.colcon_installed_package_information.package_discovery:Found 1 installed packages in /home/ros2/ws_lsr_nav2/install
[0.367s] DEBUG:colcon.colcon_installed_package_information.package_discovery:Found 421 installed packages in /opt/ros/jazzy
[0.368s] Level 1:colcon.colcon_core.package_discovery:discover_packages(prefix_path) using defaults
[0.418s] Level 5:colcon.colcon_core.verb:set package 'lunabotics_model' build argument 'cmake_args' from command line to 'None'
[0.418s] Level 5:colcon.colcon_core.verb:set package 'lunabotics_model' build argument 'cmake_target' from command line to 'None'
[0.418s] Level 5:colcon.colcon_core.verb:set package 'lunabotics_model' build argument 'cmake_target_skip_unavailable' from command line to 'False'
[0.418s] Level 5:colcon.colcon_core.verb:set package 'lunabotics_model' build argument 'cmake_clean_cache' from command line to 'False'
[0.418s] Level 5:colcon.colcon_core.verb:set package 'lunabotics_model' build argument 'cmake_clean_first' from command line to 'False'
[0.418s] Level 5:colcon.colcon_core.verb:set package 'lunabotics_model' build argument 'cmake_force_configure' from command line to 'False'
[0.419s] Level 5:colcon.colcon_core.verb:set package 'lunabotics_model' build argument 'ament_cmake_args' from command line to 'None'
[0.419s] Level 5:colcon.colcon_core.verb:set package 'lunabotics_model' build argument 'catkin_cmake_args' from command line to 'None'
[0.419s] Level 5:colcon.colcon_core.verb:set package 'lunabotics_model' build argument 'catkin_skip_building_tests' from command line to 'False'
[0.419s] DEBUG:colcon.colcon_core.verb:Building package 'lunabotics_model' with the following arguments: {'ament_cmake_args': None, 'build_base': '/home/ros2/Documents/NASA/lunabotics_sim/build/lunabotics_model', 'catkin_cmake_args': None, 'catkin_skip_building_tests': False, 'cmake_args': None, 'cmake_clean_cache': False, 'cmake_clean_first': False, 'cmake_force_configure': False, 'cmake_target': None, 'cmake_target_skip_unavailable': False, 'install_base': '/home/ros2/Documents/NASA/lunabotics_sim/install/lunabotics_model', 'merge_install': False, 'path': '/home/ros2/Documents/NASA/lunabotics_sim/src/lunabotics_model', 'symlink_install': False, 'test_result_base': None}
[0.419s] INFO:colcon.colcon_core.executor:Executing jobs using 'parallel' executor
[0.420s] DEBUG:colcon.colcon_parallel_executor.executor.parallel:run_until_complete
[0.420s] INFO:colcon.colcon_ros.task.ament_cmake.build:Building ROS package in '/home/ros2/Documents/NASA/lunabotics_sim/src/lunabotics_model' with build type 'ament_cmake'
[0.421s] INFO:colcon.colcon_cmake.task.cmake.build:Building CMake package in '/home/ros2/Documents/NASA/lunabotics_sim/src/lunabotics_model'
[0.426s] INFO:colcon.colcon_core.plugin_system:Skipping extension 'colcon_core.shell.bat': Not used on non-Windows systems
[0.426s] INFO:colcon.colcon_core.shell:Skip shell extension 'powershell' for command environment: Not usable outside of PowerShell
[0.427s] DEBUG:colcon.colcon_core.shell:Skip shell extension 'dsv' for command environment
[0.435s] DEBUG:colcon.colcon_core.event_handler.log_command:Invoking command in '/home/ros2/Documents/NASA/lunabotics_sim/build/lunabotics_model': CMAKE_PREFIX_PATH=${CMAKE_PREFIX_PATH}:/home/ros2/ws_lsr_nav2_v2/install/lsr_description:/home/ros2/lsr_ws/install/navigation:/home/ros2/lsr_ws/install/lsr_description:/opt/ros/jazzy DEBUGINFOD_URLS=https://debuginfod.ubuntu.com /usr/bin/cmake --build /home/ros2/Documents/NASA/lunabotics_sim/build/lunabotics_model -- -j8 -l8
[0.482s] DEBUG:colcon.colcon_core.event_handler.log_command:Invoked command in '/home/ros2/Documents/NASA/lunabotics_sim/build/lunabotics_model' returned '0': CMAKE_PREFIX_PATH=${CMAKE_PREFIX_PATH}:/home/ros2/ws_lsr_nav2_v2/install/lsr_description:/home/ros2/lsr_ws/install/navigation:/home/ros2/lsr_ws/install/lsr_description:/opt/ros/jazzy DEBUGINFOD_URLS=https://debuginfod.ubuntu.com /usr/bin/cmake --build /home/ros2/Documents/NASA/lunabotics_sim/build/lunabotics_model -- -j8 -l8
[0.492s] DEBUG:colcon.colcon_core.event_handler.log_command:Invoking command in '/home/ros2/Documents/NASA/lunabotics_sim/build/lunabotics_model': CMAKE_PREFIX_PATH=${CMAKE_PREFIX_PATH}:/home/ros2/ws_lsr_nav2_v2/install/lsr_description:/home/ros2/lsr_ws/install/navigation:/home/ros2/lsr_ws/install/lsr_description:/opt/ros/jazzy DEBUGINFOD_URLS=https://debuginfod.ubuntu.com /usr/bin/cmake --install /home/ros2/Documents/NASA/lunabotics_sim/build/lunabotics_model
[0.506s] Level 1:colcon.colcon_core.environment:create_environment_scripts_only(lunabotics_model)
[0.512s] DEBUG:colcon.colcon_core.event_handler.log_command:Invoked command in '/home/ros2/Documents/NASA/lunabotics_sim/build/lunabotics_model' returned '0': CMAKE_PREFIX_PATH=${CMAKE_PREFIX_PATH}:/home/ros2/ws_lsr_nav2_v2/install/lsr_description:/home/ros2/lsr_ws/install/navigation:/home/ros2/lsr_ws/install/lsr_description:/opt/ros/jazzy DEBUGINFOD_URLS=https://debuginfod.ubuntu.com /usr/bin/cmake --install /home/ros2/Documents/NASA/lunabotics_sim/build/lunabotics_model
[0.514s] Level 1:colcon.colcon_core.environment:checking '/home/ros2/Documents/NASA/lunabotics_sim/install/lunabotics_model' for CMake module files
[0.514s] Level 1:colcon.colcon_core.environment:checking '/home/ros2/Documents/NASA/lunabotics_sim/install/lunabotics_model' for CMake config files
[0.515s] Level 1:colcon.colcon_core.shell:create_environment_hook('lunabotics_model', 'cmake_prefix_path')
[0.515s] INFO:colcon.colcon_core.shell:Creating environment hook '/home/ros2/Documents/NASA/lunabotics_sim/install/lunabotics_model/share/lunabotics_model/hook/cmake_prefix_path.ps1'
[0.515s] INFO:colcon.colcon_core.shell:Creating environment descriptor '/home/ros2/Documents/NASA/lunabotics_sim/install/lunabotics_model/share/lunabotics_model/hook/cmake_prefix_path.dsv'
[0.516s] INFO:colcon.colcon_core.shell:Creating environment hook '/home/ros2/Documents/NASA/lunabotics_sim/install/lunabotics_model/share/lunabotics_model/hook/cmake_prefix_path.sh'
[0.516s] Level 1:colcon.colcon_core.environment:checking '/home/ros2/Documents/NASA/lunabotics_sim/install/lunabotics_model/bin'
[0.516s] Level 1:colcon.colcon_core.environment:checking '/home/ros2/Documents/NASA/lunabotics_sim/install/lunabotics_model/lib/pkgconfig/lunabotics_model.pc'
[0.516s] Level 1:colcon.colcon_core.environment:checking '/home/ros2/Documents/NASA/lunabotics_sim/install/lunabotics_model/lib/python3.12/site-packages'
[0.517s] Level 1:colcon.colcon_core.environment:checking '/home/ros2/Documents/NASA/lunabotics_sim/install/lunabotics_model/bin'
[0.517s] INFO:colcon.colcon_core.shell:Creating package script '/home/ros2/Documents/NASA/lunabotics_sim/install/lunabotics_model/share/lunabotics_model/package.ps1'
[0.518s] INFO:colcon.colcon_core.shell:Creating package descriptor '/home/ros2/Documents/NASA/lunabotics_sim/install/lunabotics_model/share/lunabotics_model/package.dsv'
[0.518s] INFO:colcon.colcon_core.shell:Creating package script '/home/ros2/Documents/NASA/lunabotics_sim/install/lunabotics_model/share/lunabotics_model/package.sh'
[0.519s] INFO:colcon.colcon_core.shell:Creating package script '/home/ros2/Documents/NASA/lunabotics_sim/install/lunabotics_model/share/lunabotics_model/package.bash'
[0.519s] INFO:colcon.colcon_core.shell:Creating package script '/home/ros2/Documents/NASA/lunabotics_sim/install/lunabotics_model/share/lunabotics_model/package.zsh'
[0.520s] Level 1:colcon.colcon_core.environment:create_file_with_runtime_dependencies(/home/ros2/Documents/NASA/lunabotics_sim/install/lunabotics_model/share/colcon-core/packages/lunabotics_model)
[0.521s] Level 1:colcon.colcon_core.environment:create_environment_scripts_only(lunabotics_model)
[0.521s] Level 1:colcon.colcon_core.environment:checking '/home/ros2/Documents/NASA/lunabotics_sim/install/lunabotics_model' for CMake module files
[0.523s] Level 1:colcon.colcon_core.environment:checking '/home/ros2/Documents/NASA/lunabotics_sim/install/lunabotics_model' for CMake config files
[0.525s] Level 1:colcon.colcon_core.shell:create_environment_hook('lunabotics_model', 'cmake_prefix_path')
[0.526s] INFO:colcon.colcon_core.shell:Creating environment hook '/home/ros2/Documents/NASA/lunabotics_sim/install/lunabotics_model/share/lunabotics_model/hook/cmake_prefix_path.ps1'
[0.526s] INFO:colcon.colcon_core.shell:Creating environment descriptor '/home/ros2/Documents/NASA/lunabotics_sim/install/lunabotics_model/share/lunabotics_model/hook/cmake_prefix_path.dsv'
[0.527s] INFO:colcon.colcon_core.shell:Creating environment hook '/home/ros2/Documents/NASA/lunabotics_sim/install/lunabotics_model/share/lunabotics_model/hook/cmake_prefix_path.sh'
[0.527s] Level 1:colcon.colcon_core.environment:checking '/home/ros2/Documents/NASA/lunabotics_sim/install/lunabotics_model/bin'
[0.527s] Level 1:colcon.colcon_core.environment:checking '/home/ros2/Documents/NASA/lunabotics_sim/install/lunabotics_model/lib/pkgconfig/lunabotics_model.pc'
[0.527s] Level 1:colcon.colcon_core.environment:checking '/home/ros2/Documents/NASA/lunabotics_sim/install/lunabotics_model/lib/python3.12/site-packages'
[0.528s] Level 1:colcon.colcon_core.environment:checking '/home/ros2/Documents/NASA/lunabotics_sim/install/lunabotics_model/bin'
[0.528s] INFO:colcon.colcon_core.shell:Creating package script '/home/ros2/Documents/NASA/lunabotics_sim/install/lunabotics_model/share/lunabotics_model/package.ps1'
[0.528s] INFO:colcon.colcon_core.shell:Creating package descriptor '/home/ros2/Documents/NASA/lunabotics_sim/install/lunabotics_model/share/lunabotics_model/package.dsv'
[0.529s] INFO:colcon.colcon_core.shell:Creating package script '/home/ros2/Documents/NASA/lunabotics_sim/install/lunabotics_model/share/lunabotics_model/package.sh'
[0.529s] INFO:colcon.colcon_core.shell:Creating package script '/home/ros2/Documents/NASA/lunabotics_sim/install/lunabotics_model/share/lunabotics_model/package.bash'
[0.529s] INFO:colcon.colcon_core.shell:Creating package script '/home/ros2/Documents/NASA/lunabotics_sim/install/lunabotics_model/share/lunabotics_model/package.zsh'
[0.529s] Level 1:colcon.colcon_core.environment:create_file_with_runtime_dependencies(/home/ros2/Documents/NASA/lunabotics_sim/install/lunabotics_model/share/colcon-core/packages/lunabotics_model)
[0.530s] DEBUG:colcon.colcon_parallel_executor.executor.parallel:closing loop
[0.530s] DEBUG:colcon.colcon_parallel_executor.executor.parallel:loop closed
[0.530s] DEBUG:colcon.colcon_parallel_executor.executor.parallel:run_until_complete finished with '0'
[0.530s] DEBUG:colcon.colcon_core.event_reactor:joining thread
[0.537s] INFO:colcon.colcon_core.plugin_system:Skipping extension 'colcon_notification.desktop_notification.terminal_notifier': Not used on non-Darwin systems
[0.537s] INFO:colcon.colcon_core.plugin_system:Skipping extension 'colcon_notification.desktop_notification.win32': Not used on non-Windows systems
[0.537s] INFO:colcon.colcon_notification.desktop_notification:Sending desktop notification using 'notify2'
[0.563s] DEBUG:colcon.colcon_core.event_reactor:joined thread
[0.563s] INFO:colcon.colcon_core.shell:Creating prefix script '/home/ros2/Documents/NASA/lunabotics_sim/install/local_setup.ps1'
[0.564s] INFO:colcon.colcon_core.shell:Creating prefix util module '/home/ros2/Documents/NASA/lunabotics_sim/install/_local_setup_util_ps1.py'
[0.564s] INFO:colcon.colcon_core.shell:Creating prefix chain script '/home/ros2/Documents/NASA/lunabotics_sim/install/setup.ps1'
[0.565s] INFO:colcon.colcon_core.shell:Creating prefix script '/home/ros2/Documents/NASA/lunabotics_sim/install/local_setup.sh'
[0.566s] INFO:colcon.colcon_core.shell:Creating prefix util module '/home/ros2/Documents/NASA/lunabotics_sim/install/_local_setup_util_sh.py'
[0.566s] INFO:colcon.colcon_core.shell:Creating prefix chain script '/home/ros2/Documents/NASA/lunabotics_sim/install/setup.sh'
[0.567s] INFO:colcon.colcon_core.shell:Creating prefix script '/home/ros2/Documents/NASA/lunabotics_sim/install/local_setup.bash'
[0.567s] INFO:colcon.colcon_core.shell:Creating prefix chain script '/home/ros2/Documents/NASA/lunabotics_sim/install/setup.bash'
[0.568s] INFO:colcon.colcon_core.shell:Creating prefix script '/home/ros2/Documents/NASA/lunabotics_sim/install/local_setup.zsh'
[0.569s] INFO:colcon.colcon_core.shell:Creating prefix chain script '/home/ros2/Documents/NASA/lunabotics_sim/install/setup.zsh'
