[0.368s] DEBUG:colcon:Command line arguments: ['/usr/bin/colcon', 'build', '--packages-select', 'lunabotics_model', '--symlink-install']
[0.368s] DEBUG:colcon:Parsed command line arguments: Namespace(log_base=None, log_level=None, verb_name='build', build_base='build', install_base='install', merge_install=False, symlink_install=True, test_result_base=None, continue_on_error=False, executor='parallel', parallel_workers=8, event_handlers=None, ignore_user_meta=False, metas=['./colcon.meta'], base_paths=['.'], packages_ignore=None, packages_ignore_regex=None, paths=None, packages_up_to=None, packages_up_to_regex=None, packages_above=None, packages_above_and_dependencies=None, packages_above_depth=None, packages_select_by_dep=None, packages_skip_by_dep=None, packages_skip_up_to=None, packages_select_build_failed=False, packages_skip_build_finished=False, packages_select_test_failures=False, packages_skip_test_passed=False, packages_select=['lunabotics_model'], packages_skip=None, packages_select_regex=None, packages_skip_regex=None, packages_start=None, packages_end=None, allow_overriding=[], cmake_args=None, cmake_target=None, cmake_target_skip_unavailable=False, cmake_clean_cache=False, cmake_clean_first=False, cmake_force_configure=False, ament_cmake_args=None, catkin_cmake_args=None, catkin_skip_building_tests=False, mixin_files=None, mixin=None, verb_parser=<colcon_mixin.mixin.mixin_argument.MixinArgumentDecorator object at 0x74490cbccda0>, verb_extension=<colcon_core.verb.build.BuildVerb object at 0x74490cd62270>, main=<bound method BuildVerb.main of <colcon_core.verb.build.BuildVerb object at 0x74490cd62270>>, mixin_verb=('build',))
[0.453s] Level 1:colcon.colcon_core.package_discovery:discover_packages(colcon_meta) check parameters
[0.454s] Level 1:colcon.colcon_core.package_discovery:discover_packages(recursive) check parameters
[0.454s] Level 1:colcon.colcon_core.package_discovery:discover_packages(ignore) check parameters
[0.454s] Level 1:colcon.colcon_core.package_discovery:discover_packages(path) check parameters
[0.454s] Level 1:colcon.colcon_core.package_discovery:discover_packages(colcon_meta) discover
[0.454s] Level 1:colcon.colcon_core.package_discovery:discover_packages(recursive) discover
[0.454s] INFO:colcon.colcon_core.package_discovery:Crawling recursively for packages in '/home/ros2/Documents/NASA/lunabotics_sim'
[0.455s] Level 1:colcon.colcon_core.package_identification:_identify(.) by extensions ['ignore', 'ignore_ament_install']
[0.455s] Level 1:colcon.colcon_core.package_identification:_identify(.) by extension 'ignore'
[0.455s] Level 1:colcon.colcon_core.package_identification:_identify(.) by extension 'ignore_ament_install'
[0.455s] Level 1:colcon.colcon_core.package_identification:_identify(.) by extensions ['colcon_pkg']
[0.455s] Level 1:colcon.colcon_core.package_identification:_identify(.) by extension 'colcon_pkg'
[0.455s] Level 1:colcon.colcon_core.package_identification:_identify(.) by extensions ['colcon_meta']
[0.455s] Level 1:colcon.colcon_core.package_identification:_identify(.) by extension 'colcon_meta'
[0.455s] Level 1:colcon.colcon_core.package_identification:_identify(.) by extensions ['ros']
[0.455s] Level 1:colcon.colcon_core.package_identification:_identify(.) by extension 'ros'
[0.500s] Level 1:colcon.colcon_core.package_identification:_identify(.) by extensions ['cmake', 'python']
[0.500s] Level 1:colcon.colcon_core.package_identification:_identify(.) by extension 'cmake'
[0.500s] Level 1:colcon.colcon_core.package_identification:_identify(.) by extension 'python'
[0.500s] Level 1:colcon.colcon_core.package_identification:_identify(.) by extensions ['python_setup_py']
[0.500s] Level 1:colcon.colcon_core.package_identification:_identify(.) by extension 'python_setup_py'
[0.501s] Level 1:colcon.colcon_core.package_identification:_identify(Assembly 1) by extensions ['ignore', 'ignore_ament_install']
[0.501s] Level 1:colcon.colcon_core.package_identification:_identify(Assembly 1) by extension 'ignore'
[0.501s] Level 1:colcon.colcon_core.package_identification:_identify(Assembly 1) by extension 'ignore_ament_install'
[0.501s] Level 1:colcon.colcon_core.package_identification:_identify(Assembly 1) by extensions ['colcon_pkg']
[0.501s] Level 1:colcon.colcon_core.package_identification:_identify(Assembly 1) by extension 'colcon_pkg'
[0.501s] Level 1:colcon.colcon_core.package_identification:_identify(Assembly 1) by extensions ['colcon_meta']
[0.501s] Level 1:colcon.colcon_core.package_identification:_identify(Assembly 1) by extension 'colcon_meta'
[0.501s] Level 1:colcon.colcon_core.package_identification:_identify(Assembly 1) by extensions ['ros']
[0.501s] Level 1:colcon.colcon_core.package_identification:_identify(Assembly 1) by extension 'ros'
[0.501s] Level 1:colcon.colcon_core.package_identification:_identify(Assembly 1) by extensions ['cmake', 'python']
[0.501s] Level 1:colcon.colcon_core.package_identification:_identify(Assembly 1) by extension 'cmake'
[0.501s] Level 1:colcon.colcon_core.package_identification:_identify(Assembly 1) by extension 'python'
[0.501s] Level 1:colcon.colcon_core.package_identification:_identify(Assembly 1) by extensions ['python_setup_py']
[0.501s] Level 1:colcon.colcon_core.package_identification:_identify(Assembly 1) by extension 'python_setup_py'
[0.501s] Level 1:colcon.colcon_core.package_identification:_identify(Assembly 1/assembly_1) by extensions ['ignore', 'ignore_ament_install']
[0.501s] Level 1:colcon.colcon_core.package_identification:_identify(Assembly 1/assembly_1) by extension 'ignore'
[0.502s] Level 1:colcon.colcon_core.package_identification:_identify(Assembly 1/assembly_1) by extension 'ignore_ament_install'
[0.502s] Level 1:colcon.colcon_core.package_identification:_identify(Assembly 1/assembly_1) by extensions ['colcon_pkg']
[0.502s] Level 1:colcon.colcon_core.package_identification:_identify(Assembly 1/assembly_1) by extension 'colcon_pkg'
[0.502s] Level 1:colcon.colcon_core.package_identification:_identify(Assembly 1/assembly_1) by extensions ['colcon_meta']
[0.502s] Level 1:colcon.colcon_core.package_identification:_identify(Assembly 1/assembly_1) by extension 'colcon_meta'
[0.502s] Level 1:colcon.colcon_core.package_identification:_identify(Assembly 1/assembly_1) by extensions ['ros']
[0.502s] Level 1:colcon.colcon_core.package_identification:_identify(Assembly 1/assembly_1) by extension 'ros'
[0.502s] Level 1:colcon.colcon_core.package_identification:_identify(Assembly 1/assembly_1) by extensions ['cmake', 'python']
[0.502s] Level 1:colcon.colcon_core.package_identification:_identify(Assembly 1/assembly_1) by extension 'cmake'
[0.502s] Level 1:colcon.colcon_core.package_identification:_identify(Assembly 1/assembly_1) by extension 'python'
[0.502s] Level 1:colcon.colcon_core.package_identification:_identify(Assembly 1/assembly_1) by extensions ['python_setup_py']
[0.502s] Level 1:colcon.colcon_core.package_identification:_identify(Assembly 1/assembly_1) by extension 'python_setup_py'
[0.502s] Level 1:colcon.colcon_core.package_identification:_identify(Assembly 1/assembly_1/launch) by extensions ['ignore', 'ignore_ament_install']
[0.502s] Level 1:colcon.colcon_core.package_identification:_identify(Assembly 1/assembly_1/launch) by extension 'ignore'
[0.502s] Level 1:colcon.colcon_core.package_identification:_identify(Assembly 1/assembly_1/launch) by extension 'ignore_ament_install'
[0.502s] Level 1:colcon.colcon_core.package_identification:_identify(Assembly 1/assembly_1/launch) by extensions ['colcon_pkg']
[0.502s] Level 1:colcon.colcon_core.package_identification:_identify(Assembly 1/assembly_1/launch) by extension 'colcon_pkg'
[0.503s] Level 1:colcon.colcon_core.package_identification:_identify(Assembly 1/assembly_1/launch) by extensions ['colcon_meta']
[0.503s] Level 1:colcon.colcon_core.package_identification:_identify(Assembly 1/assembly_1/launch) by extension 'colcon_meta'
[0.503s] Level 1:colcon.colcon_core.package_identification:_identify(Assembly 1/assembly_1/launch) by extensions ['ros']
[0.503s] Level 1:colcon.colcon_core.package_identification:_identify(Assembly 1/assembly_1/launch) by extension 'ros'
[0.503s] Level 1:colcon.colcon_core.package_identification:_identify(Assembly 1/assembly_1/launch) by extensions ['cmake', 'python']
[0.503s] Level 1:colcon.colcon_core.package_identification:_identify(Assembly 1/assembly_1/launch) by extension 'cmake'
[0.503s] Level 1:colcon.colcon_core.package_identification:_identify(Assembly 1/assembly_1/launch) by extension 'python'
[0.503s] Level 1:colcon.colcon_core.package_identification:_identify(Assembly 1/assembly_1/launch) by extensions ['python_setup_py']
[0.503s] Level 1:colcon.colcon_core.package_identification:_identify(Assembly 1/assembly_1/launch) by extension 'python_setup_py'
[0.503s] Level 1:colcon.colcon_core.package_identification:_identify(Assembly 1/assembly_1/meshes) by extensions ['ignore', 'ignore_ament_install']
[0.503s] Level 1:colcon.colcon_core.package_identification:_identify(Assembly 1/assembly_1/meshes) by extension 'ignore'
[0.503s] Level 1:colcon.colcon_core.package_identification:_identify(Assembly 1/assembly_1/meshes) by extension 'ignore_ament_install'
[0.503s] Level 1:colcon.colcon_core.package_identification:_identify(Assembly 1/assembly_1/meshes) by extensions ['colcon_pkg']
[0.503s] Level 1:colcon.colcon_core.package_identification:_identify(Assembly 1/assembly_1/meshes) by extension 'colcon_pkg'
[0.504s] Level 1:colcon.colcon_core.package_identification:_identify(Assembly 1/assembly_1/meshes) by extensions ['colcon_meta']
[0.504s] Level 1:colcon.colcon_core.package_identification:_identify(Assembly 1/assembly_1/meshes) by extension 'colcon_meta'
[0.504s] Level 1:colcon.colcon_core.package_identification:_identify(Assembly 1/assembly_1/meshes) by extensions ['ros']
[0.504s] Level 1:colcon.colcon_core.package_identification:_identify(Assembly 1/assembly_1/meshes) by extension 'ros'
[0.504s] Level 1:colcon.colcon_core.package_identification:_identify(Assembly 1/assembly_1/meshes) by extensions ['cmake', 'python']
[0.504s] Level 1:colcon.colcon_core.package_identification:_identify(Assembly 1/assembly_1/meshes) by extension 'cmake'
[0.504s] Level 1:colcon.colcon_core.package_identification:_identify(Assembly 1/assembly_1/meshes) by extension 'python'
[0.504s] Level 1:colcon.colcon_core.package_identification:_identify(Assembly 1/assembly_1/meshes) by extensions ['python_setup_py']
[0.504s] Level 1:colcon.colcon_core.package_identification:_identify(Assembly 1/assembly_1/meshes) by extension 'python_setup_py'
[0.504s] Level 1:colcon.colcon_core.package_identification:_identify(Assembly 1/assembly_1/urdf) by extensions ['ignore', 'ignore_ament_install']
[0.504s] Level 1:colcon.colcon_core.package_identification:_identify(Assembly 1/assembly_1/urdf) by extension 'ignore'
[0.504s] Level 1:colcon.colcon_core.package_identification:_identify(Assembly 1/assembly_1/urdf) by extension 'ignore_ament_install'
[0.504s] Level 1:colcon.colcon_core.package_identification:_identify(Assembly 1/assembly_1/urdf) by extensions ['colcon_pkg']
[0.504s] Level 1:colcon.colcon_core.package_identification:_identify(Assembly 1/assembly_1/urdf) by extension 'colcon_pkg'
[0.504s] Level 1:colcon.colcon_core.package_identification:_identify(Assembly 1/assembly_1/urdf) by extensions ['colcon_meta']
[0.504s] Level 1:colcon.colcon_core.package_identification:_identify(Assembly 1/assembly_1/urdf) by extension 'colcon_meta'
[0.504s] Level 1:colcon.colcon_core.package_identification:_identify(Assembly 1/assembly_1/urdf) by extensions ['ros']
[0.504s] Level 1:colcon.colcon_core.package_identification:_identify(Assembly 1/assembly_1/urdf) by extension 'ros'
[0.505s] Level 1:colcon.colcon_core.package_identification:_identify(Assembly 1/assembly_1/urdf) by extensions ['cmake', 'python']
[0.505s] Level 1:colcon.colcon_core.package_identification:_identify(Assembly 1/assembly_1/urdf) by extension 'cmake'
[0.505s] Level 1:colcon.colcon_core.package_identification:_identify(Assembly 1/assembly_1/urdf) by extension 'python'
[0.505s] Level 1:colcon.colcon_core.package_identification:_identify(Assembly 1/assembly_1/urdf) by extensions ['python_setup_py']
[0.505s] Level 1:colcon.colcon_core.package_identification:_identify(Assembly 1/assembly_1/urdf) by extension 'python_setup_py'
[0.505s] Level 1:colcon.colcon_core.package_identification:_identify(Screenshots) by extensions ['ignore', 'ignore_ament_install']
[0.505s] Level 1:colcon.colcon_core.package_identification:_identify(Screenshots) by extension 'ignore'
[0.506s] Level 1:colcon.colcon_core.package_identification:_identify(Screenshots) by extension 'ignore_ament_install'
[0.506s] Level 1:colcon.colcon_core.package_identification:_identify(Screenshots) by extensions ['colcon_pkg']
[0.506s] Level 1:colcon.colcon_core.package_identification:_identify(Screenshots) by extension 'colcon_pkg'
[0.506s] Level 1:colcon.colcon_core.package_identification:_identify(Screenshots) by extensions ['colcon_meta']
[0.506s] Level 1:colcon.colcon_core.package_identification:_identify(Screenshots) by extension 'colcon_meta'
[0.506s] Level 1:colcon.colcon_core.package_identification:_identify(Screenshots) by extensions ['ros']
[0.506s] Level 1:colcon.colcon_core.package_identification:_identify(Screenshots) by extension 'ros'
[0.506s] Level 1:colcon.colcon_core.package_identification:_identify(Screenshots) by extensions ['cmake', 'python']
[0.506s] Level 1:colcon.colcon_core.package_identification:_identify(Screenshots) by extension 'cmake'
[0.506s] Level 1:colcon.colcon_core.package_identification:_identify(Screenshots) by extension 'python'
[0.506s] Level 1:colcon.colcon_core.package_identification:_identify(Screenshots) by extensions ['python_setup_py']
[0.506s] Level 1:colcon.colcon_core.package_identification:_identify(Screenshots) by extension 'python_setup_py'
[0.506s] Level 1:colcon.colcon_core.package_identification:_identify(build) by extensions ['ignore', 'ignore_ament_install']
[0.506s] Level 1:colcon.colcon_core.package_identification:_identify(build) by extension 'ignore'
[0.507s] Level 1:colcon.colcon_core.package_identification:_identify(build) ignored
[0.507s] Level 1:colcon.colcon_core.package_identification:_identify(install) by extensions ['ignore', 'ignore_ament_install']
[0.507s] Level 1:colcon.colcon_core.package_identification:_identify(install) by extension 'ignore'
[0.507s] Level 1:colcon.colcon_core.package_identification:_identify(install) ignored
[0.507s] Level 1:colcon.colcon_core.package_identification:_identify(log) by extensions ['ignore', 'ignore_ament_install']
[0.507s] Level 1:colcon.colcon_core.package_identification:_identify(log) by extension 'ignore'
[0.507s] Level 1:colcon.colcon_core.package_identification:_identify(log) ignored
[0.507s] Level 1:colcon.colcon_core.package_identification:_identify(moon_base_map) by extensions ['ignore', 'ignore_ament_install']
[0.507s] Level 1:colcon.colcon_core.package_identification:_identify(moon_base_map) by extension 'ignore'
[0.508s] Level 1:colcon.colcon_core.package_identification:_identify(moon_base_map) by extension 'ignore_ament_install'
[0.508s] Level 1:colcon.colcon_core.package_identification:_identify(moon_base_map) by extensions ['colcon_pkg']
[0.508s] Level 1:colcon.colcon_core.package_identification:_identify(moon_base_map) by extension 'colcon_pkg'
[0.508s] Level 1:colcon.colcon_core.package_identification:_identify(moon_base_map) by extensions ['colcon_meta']
[0.508s] Level 1:colcon.colcon_core.package_identification:_identify(moon_base_map) by extension 'colcon_meta'
[0.508s] Level 1:colcon.colcon_core.package_identification:_identify(moon_base_map) by extensions ['ros']
[0.508s] Level 1:colcon.colcon_core.package_identification:_identify(moon_base_map) by extension 'ros'
[0.508s] Level 1:colcon.colcon_core.package_identification:_identify(moon_base_map) by extensions ['cmake', 'python']
[0.508s] Level 1:colcon.colcon_core.package_identification:_identify(moon_base_map) by extension 'cmake'
[0.508s] Level 1:colcon.colcon_core.package_identification:_identify(moon_base_map) by extension 'python'
[0.508s] Level 1:colcon.colcon_core.package_identification:_identify(moon_base_map) by extensions ['python_setup_py']
[0.508s] Level 1:colcon.colcon_core.package_identification:_identify(moon_base_map) by extension 'python_setup_py'
[0.509s] Level 1:colcon.colcon_core.package_identification:_identify(moon_base_map/ezrassor_sim_gazebo) by extensions ['ignore', 'ignore_ament_install']
[0.509s] Level 1:colcon.colcon_core.package_identification:_identify(moon_base_map/ezrassor_sim_gazebo) by extension 'ignore'
[0.509s] Level 1:colcon.colcon_core.package_identification:_identify(moon_base_map/ezrassor_sim_gazebo) by extension 'ignore_ament_install'
[0.509s] Level 1:colcon.colcon_core.package_identification:_identify(moon_base_map/ezrassor_sim_gazebo) by extensions ['colcon_pkg']
[0.509s] Level 1:colcon.colcon_core.package_identification:_identify(moon_base_map/ezrassor_sim_gazebo) by extension 'colcon_pkg'
[0.511s] INFO:colcon.colcon_metadata.metadata.colcon_pkg:Setting name 'ezrassor_sim_gazebo' of package 'moon_base_map/ezrassor_sim_gazebo' from colcon.pkg
[0.511s] DEBUG:colcon.colcon_core.package_identification:Package 'moon_base_map/ezrassor_sim_gazebo' with type 'None' and name 'ezrassor_sim_gazebo'
[0.511s] Level 1:colcon.colcon_core.package_identification:_identify(moon_base_map/ezrassor_sim_gazebo) by extensions ['colcon_meta']
[0.512s] Level 1:colcon.colcon_core.package_identification:_identify(moon_base_map/ezrassor_sim_gazebo) by extension 'colcon_meta'
[0.512s] Level 1:colcon.colcon_core.package_identification:_identify(moon_base_map/ezrassor_sim_gazebo) by extensions ['ros']
[0.512s] Level 1:colcon.colcon_core.package_identification:_identify(moon_base_map/ezrassor_sim_gazebo) by extension 'ros'
[0.522s] DEBUG:colcon.colcon_core.package_identification:Package 'moon_base_map/ezrassor_sim_gazebo' with type 'ros.ament_python' and name 'ezrassor_sim_gazebo'
[0.522s] Level 1:colcon.colcon_core.package_identification:_identify(space_robotics_gz_envs) by extensions ['ignore', 'ignore_ament_install']
[0.522s] Level 1:colcon.colcon_core.package_identification:_identify(space_robotics_gz_envs) by extension 'ignore'
[0.522s] Level 1:colcon.colcon_core.package_identification:_identify(space_robotics_gz_envs) by extension 'ignore_ament_install'
[0.522s] Level 1:colcon.colcon_core.package_identification:_identify(space_robotics_gz_envs) by extensions ['colcon_pkg']
[0.522s] Level 1:colcon.colcon_core.package_identification:_identify(space_robotics_gz_envs) by extension 'colcon_pkg'
[0.522s] Level 1:colcon.colcon_core.package_identification:_identify(space_robotics_gz_envs) by extensions ['colcon_meta']
[0.522s] Level 1:colcon.colcon_core.package_identification:_identify(space_robotics_gz_envs) by extension 'colcon_meta'
[0.522s] Level 1:colcon.colcon_core.package_identification:_identify(space_robotics_gz_envs) by extensions ['ros']
[0.522s] Level 1:colcon.colcon_core.package_identification:_identify(space_robotics_gz_envs) by extension 'ros'
[0.522s] Level 1:colcon.colcon_core.package_identification:_identify(space_robotics_gz_envs) by extensions ['cmake', 'python']
[0.522s] Level 1:colcon.colcon_core.package_identification:_identify(space_robotics_gz_envs) by extension 'cmake'
[0.522s] Level 1:colcon.colcon_core.package_identification:_identify(space_robotics_gz_envs) by extension 'python'
[0.522s] Level 1:colcon.colcon_core.package_identification:_identify(space_robotics_gz_envs) by extensions ['python_setup_py']
[0.522s] Level 1:colcon.colcon_core.package_identification:_identify(space_robotics_gz_envs) by extension 'python_setup_py'
[0.523s] Level 1:colcon.colcon_core.package_identification:_identify(space_robotics_gz_envs/assets) by extensions ['ignore', 'ignore_ament_install']
[0.523s] Level 1:colcon.colcon_core.package_identification:_identify(space_robotics_gz_envs/assets) by extension 'ignore'
[0.523s] Level 1:colcon.colcon_core.package_identification:_identify(space_robotics_gz_envs/assets) by extension 'ignore_ament_install'
[0.523s] Level 1:colcon.colcon_core.package_identification:_identify(space_robotics_gz_envs/assets) by extensions ['colcon_pkg']
[0.523s] Level 1:colcon.colcon_core.package_identification:_identify(space_robotics_gz_envs/assets) by extension 'colcon_pkg'
[0.523s] Level 1:colcon.colcon_core.package_identification:_identify(space_robotics_gz_envs/assets) by extensions ['colcon_meta']
[0.523s] Level 1:colcon.colcon_core.package_identification:_identify(space_robotics_gz_envs/assets) by extension 'colcon_meta'
[0.523s] Level 1:colcon.colcon_core.package_identification:_identify(space_robotics_gz_envs/assets) by extensions ['ros']
[0.523s] Level 1:colcon.colcon_core.package_identification:_identify(space_robotics_gz_envs/assets) by extension 'ros'
[0.523s] Level 1:colcon.colcon_core.package_identification:_identify(space_robotics_gz_envs/assets) by extensions ['cmake', 'python']
[0.523s] Level 1:colcon.colcon_core.package_identification:_identify(space_robotics_gz_envs/assets) by extension 'cmake'
[0.523s] Level 1:colcon.colcon_core.package_identification:_identify(space_robotics_gz_envs/assets) by extension 'python'
[0.523s] Level 1:colcon.colcon_core.package_identification:_identify(space_robotics_gz_envs/assets) by extensions ['python_setup_py']
[0.523s] Level 1:colcon.colcon_core.package_identification:_identify(space_robotics_gz_envs/assets) by extension 'python_setup_py'
[0.523s] Level 1:colcon.colcon_core.package_identification:_identify(space_robotics_gz_envs/assets/cache) by extensions ['ignore', 'ignore_ament_install']
[0.523s] Level 1:colcon.colcon_core.package_identification:_identify(space_robotics_gz_envs/assets/cache) by extension 'ignore'
[0.523s] Level 1:colcon.colcon_core.package_identification:_identify(space_robotics_gz_envs/assets/cache) by extension 'ignore_ament_install'
[0.524s] Level 1:colcon.colcon_core.package_identification:_identify(space_robotics_gz_envs/assets/cache) by extensions ['colcon_pkg']
[0.524s] Level 1:colcon.colcon_core.package_identification:_identify(space_robotics_gz_envs/assets/cache) by extension 'colcon_pkg'
[0.524s] Level 1:colcon.colcon_core.package_identification:_identify(space_robotics_gz_envs/assets/cache) by extensions ['colcon_meta']
[0.524s] Level 1:colcon.colcon_core.package_identification:_identify(space_robotics_gz_envs/assets/cache) by extension 'colcon_meta'
[0.524s] Level 1:colcon.colcon_core.package_identification:_identify(space_robotics_gz_envs/assets/cache) by extensions ['ros']
[0.524s] Level 1:colcon.colcon_core.package_identification:_identify(space_robotics_gz_envs/assets/cache) by extension 'ros'
[0.524s] Level 1:colcon.colcon_core.package_identification:_identify(space_robotics_gz_envs/assets/cache) by extensions ['cmake', 'python']
[0.524s] Level 1:colcon.colcon_core.package_identification:_identify(space_robotics_gz_envs/assets/cache) by extension 'cmake'
[0.524s] Level 1:colcon.colcon_core.package_identification:_identify(space_robotics_gz_envs/assets/cache) by extension 'python'
[0.524s] Level 1:colcon.colcon_core.package_identification:_identify(space_robotics_gz_envs/assets/cache) by extensions ['python_setup_py']
[0.524s] Level 1:colcon.colcon_core.package_identification:_identify(space_robotics_gz_envs/assets/cache) by extension 'python_setup_py'
[0.524s] Level 1:colcon.colcon_core.package_identification:_identify(space_robotics_gz_envs/assets/cache/lunar_rock0) by extensions ['ignore', 'ignore_ament_install']
[0.525s] Level 1:colcon.colcon_core.package_identification:_identify(space_robotics_gz_envs/assets/cache/lunar_rock0) by extension 'ignore'
[0.525s] Level 1:colcon.colcon_core.package_identification:_identify(space_robotics_gz_envs/assets/cache/lunar_rock0) by extension 'ignore_ament_install'
[0.525s] Level 1:colcon.colcon_core.package_identification:_identify(space_robotics_gz_envs/assets/cache/lunar_rock0) by extensions ['colcon_pkg']
[0.525s] Level 1:colcon.colcon_core.package_identification:_identify(space_robotics_gz_envs/assets/cache/lunar_rock0) by extension 'colcon_pkg'
[0.525s] Level 1:colcon.colcon_core.package_identification:_identify(space_robotics_gz_envs/assets/cache/lunar_rock0) by extensions ['colcon_meta']
[0.525s] Level 1:colcon.colcon_core.package_identification:_identify(space_robotics_gz_envs/assets/cache/lunar_rock0) by extension 'colcon_meta'
[0.525s] Level 1:colcon.colcon_core.package_identification:_identify(space_robotics_gz_envs/assets/cache/lunar_rock0) by extensions ['ros']
[0.525s] Level 1:colcon.colcon_core.package_identification:_identify(space_robotics_gz_envs/assets/cache/lunar_rock0) by extension 'ros'
[0.525s] Level 1:colcon.colcon_core.package_identification:_identify(space_robotics_gz_envs/assets/cache/lunar_rock0) by extensions ['cmake', 'python']
[0.525s] Level 1:colcon.colcon_core.package_identification:_identify(space_robotics_gz_envs/assets/cache/lunar_rock0) by extension 'cmake'
[0.525s] Level 1:colcon.colcon_core.package_identification:_identify(space_robotics_gz_envs/assets/cache/lunar_rock0) by extension 'python'
[0.525s] Level 1:colcon.colcon_core.package_identification:_identify(space_robotics_gz_envs/assets/cache/lunar_rock0) by extensions ['python_setup_py']
[0.525s] Level 1:colcon.colcon_core.package_identification:_identify(space_robotics_gz_envs/assets/cache/lunar_rock0) by extension 'python_setup_py'
[0.526s] Level 1:colcon.colcon_core.package_identification:_identify(space_robotics_gz_envs/assets/cache/lunar_rock0/meshes) by extensions ['ignore', 'ignore_ament_install']
[0.526s] Level 1:colcon.colcon_core.package_identification:_identify(space_robotics_gz_envs/assets/cache/lunar_rock0/meshes) by extension 'ignore'
[0.526s] Level 1:colcon.colcon_core.package_identification:_identify(space_robotics_gz_envs/assets/cache/lunar_rock0/meshes) by extension 'ignore_ament_install'
[0.526s] Level 1:colcon.colcon_core.package_identification:_identify(space_robotics_gz_envs/assets/cache/lunar_rock0/meshes) by extensions ['colcon_pkg']
[0.526s] Level 1:colcon.colcon_core.package_identification:_identify(space_robotics_gz_envs/assets/cache/lunar_rock0/meshes) by extension 'colcon_pkg'
[0.526s] Level 1:colcon.colcon_core.package_identification:_identify(space_robotics_gz_envs/assets/cache/lunar_rock0/meshes) by extensions ['colcon_meta']
[0.526s] Level 1:colcon.colcon_core.package_identification:_identify(space_robotics_gz_envs/assets/cache/lunar_rock0/meshes) by extension 'colcon_meta'
[0.526s] Level 1:colcon.colcon_core.package_identification:_identify(space_robotics_gz_envs/assets/cache/lunar_rock0/meshes) by extensions ['ros']
[0.526s] Level 1:colcon.colcon_core.package_identification:_identify(space_robotics_gz_envs/assets/cache/lunar_rock0/meshes) by extension 'ros'
[0.526s] Level 1:colcon.colcon_core.package_identification:_identify(space_robotics_gz_envs/assets/cache/lunar_rock0/meshes) by extensions ['cmake', 'python']
[0.526s] Level 1:colcon.colcon_core.package_identification:_identify(space_robotics_gz_envs/assets/cache/lunar_rock0/meshes) by extension 'cmake'
[0.526s] Level 1:colcon.colcon_core.package_identification:_identify(space_robotics_gz_envs/assets/cache/lunar_rock0/meshes) by extension 'python'
[0.526s] Level 1:colcon.colcon_core.package_identification:_identify(space_robotics_gz_envs/assets/cache/lunar_rock0/meshes) by extensions ['python_setup_py']
[0.526s] Level 1:colcon.colcon_core.package_identification:_identify(space_robotics_gz_envs/assets/cache/lunar_rock0/meshes) by extension 'python_setup_py'
[0.526s] Level 1:colcon.colcon_core.package_identification:_identify(space_robotics_gz_envs/assets/cache/lunar_rock0/thumbnails) by extensions ['ignore', 'ignore_ament_install']
[0.526s] Level 1:colcon.colcon_core.package_identification:_identify(space_robotics_gz_envs/assets/cache/lunar_rock0/thumbnails) by extension 'ignore'
[0.527s] Level 1:colcon.colcon_core.package_identification:_identify(space_robotics_gz_envs/assets/cache/lunar_rock0/thumbnails) by extension 'ignore_ament_install'
[0.527s] Level 1:colcon.colcon_core.package_identification:_identify(space_robotics_gz_envs/assets/cache/lunar_rock0/thumbnails) by extensions ['colcon_pkg']
[0.527s] Level 1:colcon.colcon_core.package_identification:_identify(space_robotics_gz_envs/assets/cache/lunar_rock0/thumbnails) by extension 'colcon_pkg'
[0.527s] Level 1:colcon.colcon_core.package_identification:_identify(space_robotics_gz_envs/assets/cache/lunar_rock0/thumbnails) by extensions ['colcon_meta']
[0.527s] Level 1:colcon.colcon_core.package_identification:_identify(space_robotics_gz_envs/assets/cache/lunar_rock0/thumbnails) by extension 'colcon_meta'
[0.527s] Level 1:colcon.colcon_core.package_identification:_identify(space_robotics_gz_envs/assets/cache/lunar_rock0/thumbnails) by extensions ['ros']
[0.527s] Level 1:colcon.colcon_core.package_identification:_identify(space_robotics_gz_envs/assets/cache/lunar_rock0/thumbnails) by extension 'ros'
[0.527s] Level 1:colcon.colcon_core.package_identification:_identify(space_robotics_gz_envs/assets/cache/lunar_rock0/thumbnails) by extensions ['cmake', 'python']
[0.527s] Level 1:colcon.colcon_core.package_identification:_identify(space_robotics_gz_envs/assets/cache/lunar_rock0/thumbnails) by extension 'cmake'
[0.527s] Level 1:colcon.colcon_core.package_identification:_identify(space_robotics_gz_envs/assets/cache/lunar_rock0/thumbnails) by extension 'python'
[0.528s] Level 1:colcon.colcon_core.package_identification:_identify(space_robotics_gz_envs/assets/cache/lunar_rock0/thumbnails) by extensions ['python_setup_py']
[0.528s] Level 1:colcon.colcon_core.package_identification:_identify(space_robotics_gz_envs/assets/cache/lunar_rock0/thumbnails) by extension 'python_setup_py'
[0.528s] Level 1:colcon.colcon_core.package_identification:_identify(space_robotics_gz_envs/assets/cache/lunar_rock1) by extensions ['ignore', 'ignore_ament_install']
[0.528s] Level 1:colcon.colcon_core.package_identification:_identify(space_robotics_gz_envs/assets/cache/lunar_rock1) by extension 'ignore'
[0.528s] Level 1:colcon.colcon_core.package_identification:_identify(space_robotics_gz_envs/assets/cache/lunar_rock1) by extension 'ignore_ament_install'
[0.528s] Level 1:colcon.colcon_core.package_identification:_identify(space_robotics_gz_envs/assets/cache/lunar_rock1) by extensions ['colcon_pkg']
[0.528s] Level 1:colcon.colcon_core.package_identification:_identify(space_robotics_gz_envs/assets/cache/lunar_rock1) by extension 'colcon_pkg'
[0.528s] Level 1:colcon.colcon_core.package_identification:_identify(space_robotics_gz_envs/assets/cache/lunar_rock1) by extensions ['colcon_meta']
[0.528s] Level 1:colcon.colcon_core.package_identification:_identify(space_robotics_gz_envs/assets/cache/lunar_rock1) by extension 'colcon_meta'
[0.528s] Level 1:colcon.colcon_core.package_identification:_identify(space_robotics_gz_envs/assets/cache/lunar_rock1) by extensions ['ros']
[0.528s] Level 1:colcon.colcon_core.package_identification:_identify(space_robotics_gz_envs/assets/cache/lunar_rock1) by extension 'ros'
[0.528s] Level 1:colcon.colcon_core.package_identification:_identify(space_robotics_gz_envs/assets/cache/lunar_rock1) by extensions ['cmake', 'python']
[0.528s] Level 1:colcon.colcon_core.package_identification:_identify(space_robotics_gz_envs/assets/cache/lunar_rock1) by extension 'cmake'
[0.529s] Level 1:colcon.colcon_core.package_identification:_identify(space_robotics_gz_envs/assets/cache/lunar_rock1) by extension 'python'
[0.529s] Level 1:colcon.colcon_core.package_identification:_identify(space_robotics_gz_envs/assets/cache/lunar_rock1) by extensions ['python_setup_py']
[0.529s] Level 1:colcon.colcon_core.package_identification:_identify(space_robotics_gz_envs/assets/cache/lunar_rock1) by extension 'python_setup_py'
[0.529s] Level 1:colcon.colcon_core.package_identification:_identify(space_robotics_gz_envs/assets/cache/lunar_rock1/meshes) by extensions ['ignore', 'ignore_ament_install']
[0.529s] Level 1:colcon.colcon_core.package_identification:_identify(space_robotics_gz_envs/assets/cache/lunar_rock1/meshes) by extension 'ignore'
[0.529s] Level 1:colcon.colcon_core.package_identification:_identify(space_robotics_gz_envs/assets/cache/lunar_rock1/meshes) by extension 'ignore_ament_install'
[0.529s] Level 1:colcon.colcon_core.package_identification:_identify(space_robotics_gz_envs/assets/cache/lunar_rock1/meshes) by extensions ['colcon_pkg']
[0.529s] Level 1:colcon.colcon_core.package_identification:_identify(space_robotics_gz_envs/assets/cache/lunar_rock1/meshes) by extension 'colcon_pkg'
[0.529s] Level 1:colcon.colcon_core.package_identification:_identify(space_robotics_gz_envs/assets/cache/lunar_rock1/meshes) by extensions ['colcon_meta']
[0.529s] Level 1:colcon.colcon_core.package_identification:_identify(space_robotics_gz_envs/assets/cache/lunar_rock1/meshes) by extension 'colcon_meta'
[0.529s] Level 1:colcon.colcon_core.package_identification:_identify(space_robotics_gz_envs/assets/cache/lunar_rock1/meshes) by extensions ['ros']
[0.529s] Level 1:colcon.colcon_core.package_identification:_identify(space_robotics_gz_envs/assets/cache/lunar_rock1/meshes) by extension 'ros'
[0.530s] Level 1:colcon.colcon_core.package_identification:_identify(space_robotics_gz_envs/assets/cache/lunar_rock1/meshes) by extensions ['cmake', 'python']
[0.530s] Level 1:colcon.colcon_core.package_identification:_identify(space_robotics_gz_envs/assets/cache/lunar_rock1/meshes) by extension 'cmake'
[0.530s] Level 1:colcon.colcon_core.package_identification:_identify(space_robotics_gz_envs/assets/cache/lunar_rock1/meshes) by extension 'python'
[0.530s] Level 1:colcon.colcon_core.package_identification:_identify(space_robotics_gz_envs/assets/cache/lunar_rock1/meshes) by extensions ['python_setup_py']
[0.530s] Level 1:colcon.colcon_core.package_identification:_identify(space_robotics_gz_envs/assets/cache/lunar_rock1/meshes) by extension 'python_setup_py'
[0.530s] Level 1:colcon.colcon_core.package_identification:_identify(space_robotics_gz_envs/assets/cache/lunar_rock1/thumbnails) by extensions ['ignore', 'ignore_ament_install']
[0.530s] Level 1:colcon.colcon_core.package_identification:_identify(space_robotics_gz_envs/assets/cache/lunar_rock1/thumbnails) by extension 'ignore'
[0.530s] Level 1:colcon.colcon_core.package_identification:_identify(space_robotics_gz_envs/assets/cache/lunar_rock1/thumbnails) by extension 'ignore_ament_install'
[0.530s] Level 1:colcon.colcon_core.package_identification:_identify(space_robotics_gz_envs/assets/cache/lunar_rock1/thumbnails) by extensions ['colcon_pkg']
[0.530s] Level 1:colcon.colcon_core.package_identification:_identify(space_robotics_gz_envs/assets/cache/lunar_rock1/thumbnails) by extension 'colcon_pkg'
[0.530s] Level 1:colcon.colcon_core.package_identification:_identify(space_robotics_gz_envs/assets/cache/lunar_rock1/thumbnails) by extensions ['colcon_meta']
[0.530s] Level 1:colcon.colcon_core.package_identification:_identify(space_robotics_gz_envs/assets/cache/lunar_rock1/thumbnails) by extension 'colcon_meta'
[0.530s] Level 1:colcon.colcon_core.package_identification:_identify(space_robotics_gz_envs/assets/cache/lunar_rock1/thumbnails) by extensions ['ros']
[0.531s] Level 1:colcon.colcon_core.package_identification:_identify(space_robotics_gz_envs/assets/cache/lunar_rock1/thumbnails) by extension 'ros'
[0.531s] Level 1:colcon.colcon_core.package_identification:_identify(space_robotics_gz_envs/assets/cache/lunar_rock1/thumbnails) by extensions ['cmake', 'python']
[0.531s] Level 1:colcon.colcon_core.package_identification:_identify(space_robotics_gz_envs/assets/cache/lunar_rock1/thumbnails) by extension 'cmake'
[0.531s] Level 1:colcon.colcon_core.package_identification:_identify(space_robotics_gz_envs/assets/cache/lunar_rock1/thumbnails) by extension 'python'
[0.531s] Level 1:colcon.colcon_core.package_identification:_identify(space_robotics_gz_envs/assets/cache/lunar_rock1/thumbnails) by extensions ['python_setup_py']
[0.531s] Level 1:colcon.colcon_core.package_identification:_identify(space_robotics_gz_envs/assets/cache/lunar_rock1/thumbnails) by extension 'python_setup_py'
[0.531s] Level 1:colcon.colcon_core.package_identification:_identify(space_robotics_gz_envs/assets/cache/lunar_rock10) by extensions ['ignore', 'ignore_ament_install']
[0.531s] Level 1:colcon.colcon_core.package_identification:_identify(space_robotics_gz_envs/assets/cache/lunar_rock10) by extension 'ignore'
[0.531s] Level 1:colcon.colcon_core.package_identification:_identify(space_robotics_gz_envs/assets/cache/lunar_rock10) by extension 'ignore_ament_install'
[0.531s] Level 1:colcon.colcon_core.package_identification:_identify(space_robotics_gz_envs/assets/cache/lunar_rock10) by extensions ['colcon_pkg']
[0.531s] Level 1:colcon.colcon_core.package_identification:_identify(space_robotics_gz_envs/assets/cache/lunar_rock10) by extension 'colcon_pkg'
[0.532s] Level 1:colcon.colcon_core.package_identification:_identify(space_robotics_gz_envs/assets/cache/lunar_rock10) by extensions ['colcon_meta']
[0.532s] Level 1:colcon.colcon_core.package_identification:_identify(space_robotics_gz_envs/assets/cache/lunar_rock10) by extension 'colcon_meta'
[0.532s] Level 1:colcon.colcon_core.package_identification:_identify(space_robotics_gz_envs/assets/cache/lunar_rock10) by extensions ['ros']
[0.532s] Level 1:colcon.colcon_core.package_identification:_identify(space_robotics_gz_envs/assets/cache/lunar_rock10) by extension 'ros'
[0.532s] Level 1:colcon.colcon_core.package_identification:_identify(space_robotics_gz_envs/assets/cache/lunar_rock10) by extensions ['cmake', 'python']
[0.532s] Level 1:colcon.colcon_core.package_identification:_identify(space_robotics_gz_envs/assets/cache/lunar_rock10) by extension 'cmake'
[0.532s] Level 1:colcon.colcon_core.package_identification:_identify(space_robotics_gz_envs/assets/cache/lunar_rock10) by extension 'python'
[0.532s] Level 1:colcon.colcon_core.package_identification:_identify(space_robotics_gz_envs/assets/cache/lunar_rock10) by extensions ['python_setup_py']
[0.532s] Level 1:colcon.colcon_core.package_identification:_identify(space_robotics_gz_envs/assets/cache/lunar_rock10) by extension 'python_setup_py'
[0.533s] Level 1:colcon.colcon_core.package_identification:_identify(space_robotics_gz_envs/assets/cache/lunar_rock10/meshes) by extensions ['ignore', 'ignore_ament_install']
[0.533s] Level 1:colcon.colcon_core.package_identification:_identify(space_robotics_gz_envs/assets/cache/lunar_rock10/meshes) by extension 'ignore'
[0.533s] Level 1:colcon.colcon_core.package_identification:_identify(space_robotics_gz_envs/assets/cache/lunar_rock10/meshes) by extension 'ignore_ament_install'
[0.533s] Level 1:colcon.colcon_core.package_identification:_identify(space_robotics_gz_envs/assets/cache/lunar_rock10/meshes) by extensions ['colcon_pkg']
[0.533s] Level 1:colcon.colcon_core.package_identification:_identify(space_robotics_gz_envs/assets/cache/lunar_rock10/meshes) by extension 'colcon_pkg'
[0.533s] Level 1:colcon.colcon_core.package_identification:_identify(space_robotics_gz_envs/assets/cache/lunar_rock10/meshes) by extensions ['colcon_meta']
[0.533s] Level 1:colcon.colcon_core.package_identification:_identify(space_robotics_gz_envs/assets/cache/lunar_rock10/meshes) by extension 'colcon_meta'
[0.533s] Level 1:colcon.colcon_core.package_identification:_identify(space_robotics_gz_envs/assets/cache/lunar_rock10/meshes) by extensions ['ros']
[0.533s] Level 1:colcon.colcon_core.package_identification:_identify(space_robotics_gz_envs/assets/cache/lunar_rock10/meshes) by extension 'ros'
[0.533s] Level 1:colcon.colcon_core.package_identification:_identify(space_robotics_gz_envs/assets/cache/lunar_rock10/meshes) by extensions ['cmake', 'python']
[0.534s] Level 1:colcon.colcon_core.package_identification:_identify(space_robotics_gz_envs/assets/cache/lunar_rock10/meshes) by extension 'cmake'
[0.534s] Level 1:colcon.colcon_core.package_identification:_identify(space_robotics_gz_envs/assets/cache/lunar_rock10/meshes) by extension 'python'
[0.534s] Level 1:colcon.colcon_core.package_identification:_identify(space_robotics_gz_envs/assets/cache/lunar_rock10/meshes) by extensions ['python_setup_py']
[0.534s] Level 1:colcon.colcon_core.package_identification:_identify(space_robotics_gz_envs/assets/cache/lunar_rock10/meshes) by extension 'python_setup_py'
[0.534s] Level 1:colcon.colcon_core.package_identification:_identify(space_robotics_gz_envs/assets/cache/lunar_rock10/thumbnails) by extensions ['ignore', 'ignore_ament_install']
[0.534s] Level 1:colcon.colcon_core.package_identification:_identify(space_robotics_gz_envs/assets/cache/lunar_rock10/thumbnails) by extension 'ignore'
[0.534s] Level 1:colcon.colcon_core.package_identification:_identify(space_robotics_gz_envs/assets/cache/lunar_rock10/thumbnails) by extension 'ignore_ament_install'
[0.534s] Level 1:colcon.colcon_core.package_identification:_identify(space_robotics_gz_envs/assets/cache/lunar_rock10/thumbnails) by extensions ['colcon_pkg']
[0.534s] Level 1:colcon.colcon_core.package_identification:_identify(space_robotics_gz_envs/assets/cache/lunar_rock10/thumbnails) by extension 'colcon_pkg'
[0.534s] Level 1:colcon.colcon_core.package_identification:_identify(space_robotics_gz_envs/assets/cache/lunar_rock10/thumbnails) by extensions ['colcon_meta']
[0.534s] Level 1:colcon.colcon_core.package_identification:_identify(space_robotics_gz_envs/assets/cache/lunar_rock10/thumbnails) by extension 'colcon_meta'
[0.534s] Level 1:colcon.colcon_core.package_identification:_identify(space_robotics_gz_envs/assets/cache/lunar_rock10/thumbnails) by extensions ['ros']
[0.535s] Level 1:colcon.colcon_core.package_identification:_identify(space_robotics_gz_envs/assets/cache/lunar_rock10/thumbnails) by extension 'ros'
[0.535s] Level 1:colcon.colcon_core.package_identification:_identify(space_robotics_gz_envs/assets/cache/lunar_rock10/thumbnails) by extensions ['cmake', 'python']
[0.535s] Level 1:colcon.colcon_core.package_identification:_identify(space_robotics_gz_envs/assets/cache/lunar_rock10/thumbnails) by extension 'cmake'
[0.535s] Level 1:colcon.colcon_core.package_identification:_identify(space_robotics_gz_envs/assets/cache/lunar_rock10/thumbnails) by extension 'python'
[0.535s] Level 1:colcon.colcon_core.package_identification:_identify(space_robotics_gz_envs/assets/cache/lunar_rock10/thumbnails) by extensions ['python_setup_py']
[0.535s] Level 1:colcon.colcon_core.package_identification:_identify(space_robotics_gz_envs/assets/cache/lunar_rock10/thumbnails) by extension 'python_setup_py'
[0.535s] Level 1:colcon.colcon_core.package_identification:_identify(space_robotics_gz_envs/assets/cache/lunar_rock11) by extensions ['ignore', 'ignore_ament_install']
[0.535s] Level 1:colcon.colcon_core.package_identification:_identify(space_robotics_gz_envs/assets/cache/lunar_rock11) by extension 'ignore'
[0.535s] Level 1:colcon.colcon_core.package_identification:_identify(space_robotics_gz_envs/assets/cache/lunar_rock11) by extension 'ignore_ament_install'
[0.535s] Level 1:colcon.colcon_core.package_identification:_identify(space_robotics_gz_envs/assets/cache/lunar_rock11) by extensions ['colcon_pkg']
[0.535s] Level 1:colcon.colcon_core.package_identification:_identify(space_robotics_gz_envs/assets/cache/lunar_rock11) by extension 'colcon_pkg'
[0.535s] Level 1:colcon.colcon_core.package_identification:_identify(space_robotics_gz_envs/assets/cache/lunar_rock11) by extensions ['colcon_meta']
[0.536s] Level 1:colcon.colcon_core.package_identification:_identify(space_robotics_gz_envs/assets/cache/lunar_rock11) by extension 'colcon_meta'
[0.536s] Level 1:colcon.colcon_core.package_identification:_identify(space_robotics_gz_envs/assets/cache/lunar_rock11) by extensions ['ros']
[0.536s] Level 1:colcon.colcon_core.package_identification:_identify(space_robotics_gz_envs/assets/cache/lunar_rock11) by extension 'ros'
[0.536s] Level 1:colcon.colcon_core.package_identification:_identify(space_robotics_gz_envs/assets/cache/lunar_rock11) by extensions ['cmake', 'python']
[0.536s] Level 1:colcon.colcon_core.package_identification:_identify(space_robotics_gz_envs/assets/cache/lunar_rock11) by extension 'cmake'
[0.536s] Level 1:colcon.colcon_core.package_identification:_identify(space_robotics_gz_envs/assets/cache/lunar_rock11) by extension 'python'
[0.536s] Level 1:colcon.colcon_core.package_identification:_identify(space_robotics_gz_envs/assets/cache/lunar_rock11) by extensions ['python_setup_py']
[0.536s] Level 1:colcon.colcon_core.package_identification:_identify(space_robotics_gz_envs/assets/cache/lunar_rock11) by extension 'python_setup_py'
[0.536s] Level 1:colcon.colcon_core.package_identification:_identify(space_robotics_gz_envs/assets/cache/lunar_rock11/meshes) by extensions ['ignore', 'ignore_ament_install']
[0.536s] Level 1:colcon.colcon_core.package_identification:_identify(space_robotics_gz_envs/assets/cache/lunar_rock11/meshes) by extension 'ignore'
[0.536s] Level 1:colcon.colcon_core.package_identification:_identify(space_robotics_gz_envs/assets/cache/lunar_rock11/meshes) by extension 'ignore_ament_install'
[0.536s] Level 1:colcon.colcon_core.package_identification:_identify(space_robotics_gz_envs/assets/cache/lunar_rock11/meshes) by extensions ['colcon_pkg']
[0.537s] Level 1:colcon.colcon_core.package_identification:_identify(space_robotics_gz_envs/assets/cache/lunar_rock11/meshes) by extension 'colcon_pkg'
[0.537s] Level 1:colcon.colcon_core.package_identification:_identify(space_robotics_gz_envs/assets/cache/lunar_rock11/meshes) by extensions ['colcon_meta']
[0.537s] Level 1:colcon.colcon_core.package_identification:_identify(space_robotics_gz_envs/assets/cache/lunar_rock11/meshes) by extension 'colcon_meta'
[0.537s] Level 1:colcon.colcon_core.package_identification:_identify(space_robotics_gz_envs/assets/cache/lunar_rock11/meshes) by extensions ['ros']
[0.537s] Level 1:colcon.colcon_core.package_identification:_identify(space_robotics_gz_envs/assets/cache/lunar_rock11/meshes) by extension 'ros'
[0.537s] Level 1:colcon.colcon_core.package_identification:_identify(space_robotics_gz_envs/assets/cache/lunar_rock11/meshes) by extensions ['cmake', 'python']
[0.537s] Level 1:colcon.colcon_core.package_identification:_identify(space_robotics_gz_envs/assets/cache/lunar_rock11/meshes) by extension 'cmake'
[0.537s] Level 1:colcon.colcon_core.package_identification:_identify(space_robotics_gz_envs/assets/cache/lunar_rock11/meshes) by extension 'python'
[0.537s] Level 1:colcon.colcon_core.package_identification:_identify(space_robotics_gz_envs/assets/cache/lunar_rock11/meshes) by extensions ['python_setup_py']
[0.537s] Level 1:colcon.colcon_core.package_identification:_identify(space_robotics_gz_envs/assets/cache/lunar_rock11/meshes) by extension 'python_setup_py'
[0.537s] Level 1:colcon.colcon_core.package_identification:_identify(space_robotics_gz_envs/assets/cache/lunar_rock11/thumbnails) by extensions ['ignore', 'ignore_ament_install']
[0.537s] Level 1:colcon.colcon_core.package_identification:_identify(space_robotics_gz_envs/assets/cache/lunar_rock11/thumbnails) by extension 'ignore'
[0.537s] Level 1:colcon.colcon_core.package_identification:_identify(space_robotics_gz_envs/assets/cache/lunar_rock11/thumbnails) by extension 'ignore_ament_install'
[0.538s] Level 1:colcon.colcon_core.package_identification:_identify(space_robotics_gz_envs/assets/cache/lunar_rock11/thumbnails) by extensions ['colcon_pkg']
[0.538s] Level 1:colcon.colcon_core.package_identification:_identify(space_robotics_gz_envs/assets/cache/lunar_rock11/thumbnails) by extension 'colcon_pkg'
[0.538s] Level 1:colcon.colcon_core.package_identification:_identify(space_robotics_gz_envs/assets/cache/lunar_rock11/thumbnails) by extensions ['colcon_meta']
[0.538s] Level 1:colcon.colcon_core.package_identification:_identify(space_robotics_gz_envs/assets/cache/lunar_rock11/thumbnails) by extension 'colcon_meta'
[0.538s] Level 1:colcon.colcon_core.package_identification:_identify(space_robotics_gz_envs/assets/cache/lunar_rock11/thumbnails) by extensions ['ros']
[0.538s] Level 1:colcon.colcon_core.package_identification:_identify(space_robotics_gz_envs/assets/cache/lunar_rock11/thumbnails) by extension 'ros'
[0.538s] Level 1:colcon.colcon_core.package_identification:_identify(space_robotics_gz_envs/assets/cache/lunar_rock11/thumbnails) by extensions ['cmake', 'python']
[0.538s] Level 1:colcon.colcon_core.package_identification:_identify(space_robotics_gz_envs/assets/cache/lunar_rock11/thumbnails) by extension 'cmake'
[0.538s] Level 1:colcon.colcon_core.package_identification:_identify(space_robotics_gz_envs/assets/cache/lunar_rock11/thumbnails) by extension 'python'
[0.538s] Level 1:colcon.colcon_core.package_identification:_identify(space_robotics_gz_envs/assets/cache/lunar_rock11/thumbnails) by extensions ['python_setup_py']
[0.538s] Level 1:colcon.colcon_core.package_identification:_identify(space_robotics_gz_envs/assets/cache/lunar_rock11/thumbnails) by extension 'python_setup_py'
[0.538s] Level 1:colcon.colcon_core.package_identification:_identify(space_robotics_gz_envs/assets/cache/lunar_rock12) by extensions ['ignore', 'ignore_ament_install']
[0.538s] Level 1:colcon.colcon_core.package_identification:_identify(space_robotics_gz_envs/assets/cache/lunar_rock12) by extension 'ignore'
[0.538s] Level 1:colcon.colcon_core.package_identification:_identify(space_robotics_gz_envs/assets/cache/lunar_rock12) by extension 'ignore_ament_install'
[0.538s] Level 1:colcon.colcon_core.package_identification:_identify(space_robotics_gz_envs/assets/cache/lunar_rock12) by extensions ['colcon_pkg']
[0.538s] Level 1:colcon.colcon_core.package_identification:_identify(space_robotics_gz_envs/assets/cache/lunar_rock12) by extension 'colcon_pkg'
[0.538s] Level 1:colcon.colcon_core.package_identification:_identify(space_robotics_gz_envs/assets/cache/lunar_rock12) by extensions ['colcon_meta']
[0.538s] Level 1:colcon.colcon_core.package_identification:_identify(space_robotics_gz_envs/assets/cache/lunar_rock12) by extension 'colcon_meta'
[0.538s] Level 1:colcon.colcon_core.package_identification:_identify(space_robotics_gz_envs/assets/cache/lunar_rock12) by extensions ['ros']
[0.538s] Level 1:colcon.colcon_core.package_identification:_identify(space_robotics_gz_envs/assets/cache/lunar_rock12) by extension 'ros'
[0.538s] Level 1:colcon.colcon_core.package_identification:_identify(space_robotics_gz_envs/assets/cache/lunar_rock12) by extensions ['cmake', 'python']
[0.538s] Level 1:colcon.colcon_core.package_identification:_identify(space_robotics_gz_envs/assets/cache/lunar_rock12) by extension 'cmake'
[0.539s] Level 1:colcon.colcon_core.package_identification:_identify(space_robotics_gz_envs/assets/cache/lunar_rock12) by extension 'python'
[0.539s] Level 1:colcon.colcon_core.package_identification:_identify(space_robotics_gz_envs/assets/cache/lunar_rock12) by extensions ['python_setup_py']
[0.539s] Level 1:colcon.colcon_core.package_identification:_identify(space_robotics_gz_envs/assets/cache/lunar_rock12) by extension 'python_setup_py'
[0.539s] Level 1:colcon.colcon_core.package_identification:_identify(space_robotics_gz_envs/assets/cache/lunar_rock12/meshes) by extensions ['ignore', 'ignore_ament_install']
[0.539s] Level 1:colcon.colcon_core.package_identification:_identify(space_robotics_gz_envs/assets/cache/lunar_rock12/meshes) by extension 'ignore'
[0.539s] Level 1:colcon.colcon_core.package_identification:_identify(space_robotics_gz_envs/assets/cache/lunar_rock12/meshes) by extension 'ignore_ament_install'
[0.539s] Level 1:colcon.colcon_core.package_identification:_identify(space_robotics_gz_envs/assets/cache/lunar_rock12/meshes) by extensions ['colcon_pkg']
[0.539s] Level 1:colcon.colcon_core.package_identification:_identify(space_robotics_gz_envs/assets/cache/lunar_rock12/meshes) by extension 'colcon_pkg'
[0.539s] Level 1:colcon.colcon_core.package_identification:_identify(space_robotics_gz_envs/assets/cache/lunar_rock12/meshes) by extensions ['colcon_meta']
[0.539s] Level 1:colcon.colcon_core.package_identification:_identify(space_robotics_gz_envs/assets/cache/lunar_rock12/meshes) by extension 'colcon_meta'
[0.539s] Level 1:colcon.colcon_core.package_identification:_identify(space_robotics_gz_envs/assets/cache/lunar_rock12/meshes) by extensions ['ros']
[0.539s] Level 1:colcon.colcon_core.package_identification:_identify(space_robotics_gz_envs/assets/cache/lunar_rock12/meshes) by extension 'ros'
[0.539s] Level 1:colcon.colcon_core.package_identification:_identify(space_robotics_gz_envs/assets/cache/lunar_rock12/meshes) by extensions ['cmake', 'python']
[0.539s] Level 1:colcon.colcon_core.package_identification:_identify(space_robotics_gz_envs/assets/cache/lunar_rock12/meshes) by extension 'cmake'
[0.539s] Level 1:colcon.colcon_core.package_identification:_identify(space_robotics_gz_envs/assets/cache/lunar_rock12/meshes) by extension 'python'
[0.539s] Level 1:colcon.colcon_core.package_identification:_identify(space_robotics_gz_envs/assets/cache/lunar_rock12/meshes) by extensions ['python_setup_py']
[0.539s] Level 1:colcon.colcon_core.package_identification:_identify(space_robotics_gz_envs/assets/cache/lunar_rock12/meshes) by extension 'python_setup_py'
[0.539s] Level 1:colcon.colcon_core.package_identification:_identify(space_robotics_gz_envs/assets/cache/lunar_rock12/thumbnails) by extensions ['ignore', 'ignore_ament_install']
[0.539s] Level 1:colcon.colcon_core.package_identification:_identify(space_robotics_gz_envs/assets/cache/lunar_rock12/thumbnails) by extension 'ignore'
[0.539s] Level 1:colcon.colcon_core.package_identification:_identify(space_robotics_gz_envs/assets/cache/lunar_rock12/thumbnails) by extension 'ignore_ament_install'
[0.539s] Level 1:colcon.colcon_core.package_identification:_identify(space_robotics_gz_envs/assets/cache/lunar_rock12/thumbnails) by extensions ['colcon_pkg']
[0.540s] Level 1:colcon.colcon_core.package_identification:_identify(space_robotics_gz_envs/assets/cache/lunar_rock12/thumbnails) by extension 'colcon_pkg'
[0.540s] Level 1:colcon.colcon_core.package_identification:_identify(space_robotics_gz_envs/assets/cache/lunar_rock12/thumbnails) by extensions ['colcon_meta']
[0.540s] Level 1:colcon.colcon_core.package_identification:_identify(space_robotics_gz_envs/assets/cache/lunar_rock12/thumbnails) by extension 'colcon_meta'
[0.540s] Level 1:colcon.colcon_core.package_identification:_identify(space_robotics_gz_envs/assets/cache/lunar_rock12/thumbnails) by extensions ['ros']
[0.540s] Level 1:colcon.colcon_core.package_identification:_identify(space_robotics_gz_envs/assets/cache/lunar_rock12/thumbnails) by extension 'ros'
[0.540s] Level 1:colcon.colcon_core.package_identification:_identify(space_robotics_gz_envs/assets/cache/lunar_rock12/thumbnails) by extensions ['cmake', 'python']
[0.540s] Level 1:colcon.colcon_core.package_identification:_identify(space_robotics_gz_envs/assets/cache/lunar_rock12/thumbnails) by extension 'cmake'
[0.540s] Level 1:colcon.colcon_core.package_identification:_identify(space_robotics_gz_envs/assets/cache/lunar_rock12/thumbnails) by extension 'python'
[0.540s] Level 1:colcon.colcon_core.package_identification:_identify(space_robotics_gz_envs/assets/cache/lunar_rock12/thumbnails) by extensions ['python_setup_py']
[0.540s] Level 1:colcon.colcon_core.package_identification:_identify(space_robotics_gz_envs/assets/cache/lunar_rock12/thumbnails) by extension 'python_setup_py'
[0.540s] Level 1:colcon.colcon_core.package_identification:_identify(space_robotics_gz_envs/assets/cache/lunar_rock13) by extensions ['ignore', 'ignore_ament_install']
[0.540s] Level 1:colcon.colcon_core.package_identification:_identify(space_robotics_gz_envs/assets/cache/lunar_rock13) by extension 'ignore'
[0.540s] Level 1:colcon.colcon_core.package_identification:_identify(space_robotics_gz_envs/assets/cache/lunar_rock13) by extension 'ignore_ament_install'
[0.540s] Level 1:colcon.colcon_core.package_identification:_identify(space_robotics_gz_envs/assets/cache/lunar_rock13) by extensions ['colcon_pkg']
[0.540s] Level 1:colcon.colcon_core.package_identification:_identify(space_robotics_gz_envs/assets/cache/lunar_rock13) by extension 'colcon_pkg'
[0.540s] Level 1:colcon.colcon_core.package_identification:_identify(space_robotics_gz_envs/assets/cache/lunar_rock13) by extensions ['colcon_meta']
[0.540s] Level 1:colcon.colcon_core.package_identification:_identify(space_robotics_gz_envs/assets/cache/lunar_rock13) by extension 'colcon_meta'
[0.540s] Level 1:colcon.colcon_core.package_identification:_identify(space_robotics_gz_envs/assets/cache/lunar_rock13) by extensions ['ros']
[0.540s] Level 1:colcon.colcon_core.package_identification:_identify(space_robotics_gz_envs/assets/cache/lunar_rock13) by extension 'ros'
[0.540s] Level 1:colcon.colcon_core.package_identification:_identify(space_robotics_gz_envs/assets/cache/lunar_rock13) by extensions ['cmake', 'python']
[0.540s] Level 1:colcon.colcon_core.package_identification:_identify(space_robotics_gz_envs/assets/cache/lunar_rock13) by extension 'cmake'
[0.540s] Level 1:colcon.colcon_core.package_identification:_identify(space_robotics_gz_envs/assets/cache/lunar_rock13) by extension 'python'
[0.540s] Level 1:colcon.colcon_core.package_identification:_identify(space_robotics_gz_envs/assets/cache/lunar_rock13) by extensions ['python_setup_py']
[0.540s] Level 1:colcon.colcon_core.package_identification:_identify(space_robotics_gz_envs/assets/cache/lunar_rock13) by extension 'python_setup_py'
[0.540s] Level 1:colcon.colcon_core.package_identification:_identify(space_robotics_gz_envs/assets/cache/lunar_rock13/meshes) by extensions ['ignore', 'ignore_ament_install']
[0.541s] Level 1:colcon.colcon_core.package_identification:_identify(space_robotics_gz_envs/assets/cache/lunar_rock13/meshes) by extension 'ignore'
[0.541s] Level 1:colcon.colcon_core.package_identification:_identify(space_robotics_gz_envs/assets/cache/lunar_rock13/meshes) by extension 'ignore_ament_install'
[0.541s] Level 1:colcon.colcon_core.package_identification:_identify(space_robotics_gz_envs/assets/cache/lunar_rock13/meshes) by extensions ['colcon_pkg']
[0.541s] Level 1:colcon.colcon_core.package_identification:_identify(space_robotics_gz_envs/assets/cache/lunar_rock13/meshes) by extension 'colcon_pkg'
[0.541s] Level 1:colcon.colcon_core.package_identification:_identify(space_robotics_gz_envs/assets/cache/lunar_rock13/meshes) by extensions ['colcon_meta']
[0.541s] Level 1:colcon.colcon_core.package_identification:_identify(space_robotics_gz_envs/assets/cache/lunar_rock13/meshes) by extension 'colcon_meta'
[0.541s] Level 1:colcon.colcon_core.package_identification:_identify(space_robotics_gz_envs/assets/cache/lunar_rock13/meshes) by extensions ['ros']
[0.541s] Level 1:colcon.colcon_core.package_identification:_identify(space_robotics_gz_envs/assets/cache/lunar_rock13/meshes) by extension 'ros'
[0.541s] Level 1:colcon.colcon_core.package_identification:_identify(space_robotics_gz_envs/assets/cache/lunar_rock13/meshes) by extensions ['cmake', 'python']
[0.541s] Level 1:colcon.colcon_core.package_identification:_identify(space_robotics_gz_envs/assets/cache/lunar_rock13/meshes) by extension 'cmake'
[0.541s] Level 1:colcon.colcon_core.package_identification:_identify(space_robotics_gz_envs/assets/cache/lunar_rock13/meshes) by extension 'python'
[0.541s] Level 1:colcon.colcon_core.package_identification:_identify(space_robotics_gz_envs/assets/cache/lunar_rock13/meshes) by extensions ['python_setup_py']
[0.541s] Level 1:colcon.colcon_core.package_identification:_identify(space_robotics_gz_envs/assets/cache/lunar_rock13/meshes) by extension 'python_setup_py'
[0.541s] Level 1:colcon.colcon_core.package_identification:_identify(space_robotics_gz_envs/assets/cache/lunar_rock13/thumbnails) by extensions ['ignore', 'ignore_ament_install']
[0.541s] Level 1:colcon.colcon_core.package_identification:_identify(space_robotics_gz_envs/assets/cache/lunar_rock13/thumbnails) by extension 'ignore'
[0.542s] Level 1:colcon.colcon_core.package_identification:_identify(space_robotics_gz_envs/assets/cache/lunar_rock13/thumbnails) by extension 'ignore_ament_install'
[0.542s] Level 1:colcon.colcon_core.package_identification:_identify(space_robotics_gz_envs/assets/cache/lunar_rock13/thumbnails) by extensions ['colcon_pkg']
[0.542s] Level 1:colcon.colcon_core.package_identification:_identify(space_robotics_gz_envs/assets/cache/lunar_rock13/thumbnails) by extension 'colcon_pkg'
[0.542s] Level 1:colcon.colcon_core.package_identification:_identify(space_robotics_gz_envs/assets/cache/lunar_rock13/thumbnails) by extensions ['colcon_meta']
[0.542s] Level 1:colcon.colcon_core.package_identification:_identify(space_robotics_gz_envs/assets/cache/lunar_rock13/thumbnails) by extension 'colcon_meta'
[0.542s] Level 1:colcon.colcon_core.package_identification:_identify(space_robotics_gz_envs/assets/cache/lunar_rock13/thumbnails) by extensions ['ros']
[0.542s] Level 1:colcon.colcon_core.package_identification:_identify(space_robotics_gz_envs/assets/cache/lunar_rock13/thumbnails) by extension 'ros'
[0.542s] Level 1:colcon.colcon_core.package_identification:_identify(space_robotics_gz_envs/assets/cache/lunar_rock13/thumbnails) by extensions ['cmake', 'python']
[0.543s] Level 1:colcon.colcon_core.package_identification:_identify(space_robotics_gz_envs/assets/cache/lunar_rock13/thumbnails) by extension 'cmake'
[0.543s] Level 1:colcon.colcon_core.package_identification:_identify(space_robotics_gz_envs/assets/cache/lunar_rock13/thumbnails) by extension 'python'
[0.543s] Level 1:colcon.colcon_core.package_identification:_identify(space_robotics_gz_envs/assets/cache/lunar_rock13/thumbnails) by extensions ['python_setup_py']
[0.544s] Level 1:colcon.colcon_core.package_identification:_identify(space_robotics_gz_envs/assets/cache/lunar_rock13/thumbnails) by extension 'python_setup_py'
[0.544s] Level 1:colcon.colcon_core.package_identification:_identify(space_robotics_gz_envs/assets/cache/lunar_rock14) by extensions ['ignore', 'ignore_ament_install']
[0.544s] Level 1:colcon.colcon_core.package_identification:_identify(space_robotics_gz_envs/assets/cache/lunar_rock14) by extension 'ignore'
[0.544s] Level 1:colcon.colcon_core.package_identification:_identify(space_robotics_gz_envs/assets/cache/lunar_rock14) by extension 'ignore_ament_install'
[0.545s] Level 1:colcon.colcon_core.package_identification:_identify(space_robotics_gz_envs/assets/cache/lunar_rock14) by extensions ['colcon_pkg']
[0.545s] Level 1:colcon.colcon_core.package_identification:_identify(space_robotics_gz_envs/assets/cache/lunar_rock14) by extension 'colcon_pkg'
[0.545s] Level 1:colcon.colcon_core.package_identification:_identify(space_robotics_gz_envs/assets/cache/lunar_rock14) by extensions ['colcon_meta']
[0.545s] Level 1:colcon.colcon_core.package_identification:_identify(space_robotics_gz_envs/assets/cache/lunar_rock14) by extension 'colcon_meta'
[0.545s] Level 1:colcon.colcon_core.package_identification:_identify(space_robotics_gz_envs/assets/cache/lunar_rock14) by extensions ['ros']
[0.545s] Level 1:colcon.colcon_core.package_identification:_identify(space_robotics_gz_envs/assets/cache/lunar_rock14) by extension 'ros'
[0.545s] Level 1:colcon.colcon_core.package_identification:_identify(space_robotics_gz_envs/assets/cache/lunar_rock14) by extensions ['cmake', 'python']
[0.545s] Level 1:colcon.colcon_core.package_identification:_identify(space_robotics_gz_envs/assets/cache/lunar_rock14) by extension 'cmake'
[0.545s] Level 1:colcon.colcon_core.package_identification:_identify(space_robotics_gz_envs/assets/cache/lunar_rock14) by extension 'python'
[0.545s] Level 1:colcon.colcon_core.package_identification:_identify(space_robotics_gz_envs/assets/cache/lunar_rock14) by extensions ['python_setup_py']
[0.545s] Level 1:colcon.colcon_core.package_identification:_identify(space_robotics_gz_envs/assets/cache/lunar_rock14) by extension 'python_setup_py'
[0.545s] Level 1:colcon.colcon_core.package_identification:_identify(space_robotics_gz_envs/assets/cache/lunar_rock14/meshes) by extensions ['ignore', 'ignore_ament_install']
[0.545s] Level 1:colcon.colcon_core.package_identification:_identify(space_robotics_gz_envs/assets/cache/lunar_rock14/meshes) by extension 'ignore'
[0.545s] Level 1:colcon.colcon_core.package_identification:_identify(space_robotics_gz_envs/assets/cache/lunar_rock14/meshes) by extension 'ignore_ament_install'
[0.545s] Level 1:colcon.colcon_core.package_identification:_identify(space_robotics_gz_envs/assets/cache/lunar_rock14/meshes) by extensions ['colcon_pkg']
[0.545s] Level 1:colcon.colcon_core.package_identification:_identify(space_robotics_gz_envs/assets/cache/lunar_rock14/meshes) by extension 'colcon_pkg'
[0.545s] Level 1:colcon.colcon_core.package_identification:_identify(space_robotics_gz_envs/assets/cache/lunar_rock14/meshes) by extensions ['colcon_meta']
[0.545s] Level 1:colcon.colcon_core.package_identification:_identify(space_robotics_gz_envs/assets/cache/lunar_rock14/meshes) by extension 'colcon_meta'
[0.546s] Level 1:colcon.colcon_core.package_identification:_identify(space_robotics_gz_envs/assets/cache/lunar_rock14/meshes) by extensions ['ros']
[0.546s] Level 1:colcon.colcon_core.package_identification:_identify(space_robotics_gz_envs/assets/cache/lunar_rock14/meshes) by extension 'ros'
[0.546s] Level 1:colcon.colcon_core.package_identification:_identify(space_robotics_gz_envs/assets/cache/lunar_rock14/meshes) by extensions ['cmake', 'python']
[0.546s] Level 1:colcon.colcon_core.package_identification:_identify(space_robotics_gz_envs/assets/cache/lunar_rock14/meshes) by extension 'cmake'
[0.546s] Level 1:colcon.colcon_core.package_identification:_identify(space_robotics_gz_envs/assets/cache/lunar_rock14/meshes) by extension 'python'
[0.546s] Level 1:colcon.colcon_core.package_identification:_identify(space_robotics_gz_envs/assets/cache/lunar_rock14/meshes) by extensions ['python_setup_py']
[0.546s] Level 1:colcon.colcon_core.package_identification:_identify(space_robotics_gz_envs/assets/cache/lunar_rock14/meshes) by extension 'python_setup_py'
[0.546s] Level 1:colcon.colcon_core.package_identification:_identify(space_robotics_gz_envs/assets/cache/lunar_rock14/thumbnails) by extensions ['ignore', 'ignore_ament_install']
[0.546s] Level 1:colcon.colcon_core.package_identification:_identify(space_robotics_gz_envs/assets/cache/lunar_rock14/thumbnails) by extension 'ignore'
[0.546s] Level 1:colcon.colcon_core.package_identification:_identify(space_robotics_gz_envs/assets/cache/lunar_rock14/thumbnails) by extension 'ignore_ament_install'
[0.546s] Level 1:colcon.colcon_core.package_identification:_identify(space_robotics_gz_envs/assets/cache/lunar_rock14/thumbnails) by extensions ['colcon_pkg']
[0.546s] Level 1:colcon.colcon_core.package_identification:_identify(space_robotics_gz_envs/assets/cache/lunar_rock14/thumbnails) by extension 'colcon_pkg'
[0.546s] Level 1:colcon.colcon_core.package_identification:_identify(space_robotics_gz_envs/assets/cache/lunar_rock14/thumbnails) by extensions ['colcon_meta']
[0.546s] Level 1:colcon.colcon_core.package_identification:_identify(space_robotics_gz_envs/assets/cache/lunar_rock14/thumbnails) by extension 'colcon_meta'
[0.547s] Level 1:colcon.colcon_core.package_identification:_identify(space_robotics_gz_envs/assets/cache/lunar_rock14/thumbnails) by extensions ['ros']
[0.547s] Level 1:colcon.colcon_core.package_identification:_identify(space_robotics_gz_envs/assets/cache/lunar_rock14/thumbnails) by extension 'ros'
[0.547s] Level 1:colcon.colcon_core.package_identification:_identify(space_robotics_gz_envs/assets/cache/lunar_rock14/thumbnails) by extensions ['cmake', 'python']
[0.547s] Level 1:colcon.colcon_core.package_identification:_identify(space_robotics_gz_envs/assets/cache/lunar_rock14/thumbnails) by extension 'cmake'
[0.547s] Level 1:colcon.colcon_core.package_identification:_identify(space_robotics_gz_envs/assets/cache/lunar_rock14/thumbnails) by extension 'python'
[0.547s] Level 1:colcon.colcon_core.package_identification:_identify(space_robotics_gz_envs/assets/cache/lunar_rock14/thumbnails) by extensions ['python_setup_py']
[0.547s] Level 1:colcon.colcon_core.package_identification:_identify(space_robotics_gz_envs/assets/cache/lunar_rock14/thumbnails) by extension 'python_setup_py'
[0.547s] Level 1:colcon.colcon_core.package_identification:_identify(space_robotics_gz_envs/assets/cache/lunar_rock15) by extensions ['ignore', 'ignore_ament_install']
[0.547s] Level 1:colcon.colcon_core.package_identification:_identify(space_robotics_gz_envs/assets/cache/lunar_rock15) by extension 'ignore'
[0.547s] Level 1:colcon.colcon_core.package_identification:_identify(space_robotics_gz_envs/assets/cache/lunar_rock15) by extension 'ignore_ament_install'
[0.547s] Level 1:colcon.colcon_core.package_identification:_identify(space_robotics_gz_envs/assets/cache/lunar_rock15) by extensions ['colcon_pkg']
[0.547s] Level 1:colcon.colcon_core.package_identification:_identify(space_robotics_gz_envs/assets/cache/lunar_rock15) by extension 'colcon_pkg'
[0.547s] Level 1:colcon.colcon_core.package_identification:_identify(space_robotics_gz_envs/assets/cache/lunar_rock15) by extensions ['colcon_meta']
[0.547s] Level 1:colcon.colcon_core.package_identification:_identify(space_robotics_gz_envs/assets/cache/lunar_rock15) by extension 'colcon_meta'
[0.548s] Level 1:colcon.colcon_core.package_identification:_identify(space_robotics_gz_envs/assets/cache/lunar_rock15) by extensions ['ros']
[0.548s] Level 1:colcon.colcon_core.package_identification:_identify(space_robotics_gz_envs/assets/cache/lunar_rock15) by extension 'ros'
[0.548s] Level 1:colcon.colcon_core.package_identification:_identify(space_robotics_gz_envs/assets/cache/lunar_rock15) by extensions ['cmake', 'python']
[0.548s] Level 1:colcon.colcon_core.package_identification:_identify(space_robotics_gz_envs/assets/cache/lunar_rock15) by extension 'cmake'
[0.548s] Level 1:colcon.colcon_core.package_identification:_identify(space_robotics_gz_envs/assets/cache/lunar_rock15) by extension 'python'
[0.548s] Level 1:colcon.colcon_core.package_identification:_identify(space_robotics_gz_envs/assets/cache/lunar_rock15) by extensions ['python_setup_py']
[0.548s] Level 1:colcon.colcon_core.package_identification:_identify(space_robotics_gz_envs/assets/cache/lunar_rock15) by extension 'python_setup_py'
[0.548s] Level 1:colcon.colcon_core.package_identification:_identify(space_robotics_gz_envs/assets/cache/lunar_rock15/meshes) by extensions ['ignore', 'ignore_ament_install']
[0.548s] Level 1:colcon.colcon_core.package_identification:_identify(space_robotics_gz_envs/assets/cache/lunar_rock15/meshes) by extension 'ignore'
[0.548s] Level 1:colcon.colcon_core.package_identification:_identify(space_robotics_gz_envs/assets/cache/lunar_rock15/meshes) by extension 'ignore_ament_install'
[0.548s] Level 1:colcon.colcon_core.package_identification:_identify(space_robotics_gz_envs/assets/cache/lunar_rock15/meshes) by extensions ['colcon_pkg']
[0.548s] Level 1:colcon.colcon_core.package_identification:_identify(space_robotics_gz_envs/assets/cache/lunar_rock15/meshes) by extension 'colcon_pkg'
[0.548s] Level 1:colcon.colcon_core.package_identification:_identify(space_robotics_gz_envs/assets/cache/lunar_rock15/meshes) by extensions ['colcon_meta']
[0.548s] Level 1:colcon.colcon_core.package_identification:_identify(space_robotics_gz_envs/assets/cache/lunar_rock15/meshes) by extension 'colcon_meta'
[0.549s] Level 1:colcon.colcon_core.package_identification:_identify(space_robotics_gz_envs/assets/cache/lunar_rock15/meshes) by extensions ['ros']
[0.549s] Level 1:colcon.colcon_core.package_identification:_identify(space_robotics_gz_envs/assets/cache/lunar_rock15/meshes) by extension 'ros'
[0.549s] Level 1:colcon.colcon_core.package_identification:_identify(space_robotics_gz_envs/assets/cache/lunar_rock15/meshes) by extensions ['cmake', 'python']
[0.549s] Level 1:colcon.colcon_core.package_identification:_identify(space_robotics_gz_envs/assets/cache/lunar_rock15/meshes) by extension 'cmake'
[0.549s] Level 1:colcon.colcon_core.package_identification:_identify(space_robotics_gz_envs/assets/cache/lunar_rock15/meshes) by extension 'python'
[0.549s] Level 1:colcon.colcon_core.package_identification:_identify(space_robotics_gz_envs/assets/cache/lunar_rock15/meshes) by extensions ['python_setup_py']
[0.549s] Level 1:colcon.colcon_core.package_identification:_identify(space_robotics_gz_envs/assets/cache/lunar_rock15/meshes) by extension 'python_setup_py'
[0.549s] Level 1:colcon.colcon_core.package_identification:_identify(space_robotics_gz_envs/assets/cache/lunar_rock15/thumbnails) by extensions ['ignore', 'ignore_ament_install']
[0.549s] Level 1:colcon.colcon_core.package_identification:_identify(space_robotics_gz_envs/assets/cache/lunar_rock15/thumbnails) by extension 'ignore'
[0.549s] Level 1:colcon.colcon_core.package_identification:_identify(space_robotics_gz_envs/assets/cache/lunar_rock15/thumbnails) by extension 'ignore_ament_install'
[0.549s] Level 1:colcon.colcon_core.package_identification:_identify(space_robotics_gz_envs/assets/cache/lunar_rock15/thumbnails) by extensions ['colcon_pkg']
[0.550s] Level 1:colcon.colcon_core.package_identification:_identify(space_robotics_gz_envs/assets/cache/lunar_rock15/thumbnails) by extension 'colcon_pkg'
[0.550s] Level 1:colcon.colcon_core.package_identification:_identify(space_robotics_gz_envs/assets/cache/lunar_rock15/thumbnails) by extensions ['colcon_meta']
[0.550s] Level 1:colcon.colcon_core.package_identification:_identify(space_robotics_gz_envs/assets/cache/lunar_rock15/thumbnails) by extension 'colcon_meta'
[0.550s] Level 1:colcon.colcon_core.package_identification:_identify(space_robotics_gz_envs/assets/cache/lunar_rock15/thumbnails) by extensions ['ros']
[0.550s] Level 1:colcon.colcon_core.package_identification:_identify(space_robotics_gz_envs/assets/cache/lunar_rock15/thumbnails) by extension 'ros'
[0.550s] Level 1:colcon.colcon_core.package_identification:_identify(space_robotics_gz_envs/assets/cache/lunar_rock15/thumbnails) by extensions ['cmake', 'python']
[0.550s] Level 1:colcon.colcon_core.package_identification:_identify(space_robotics_gz_envs/assets/cache/lunar_rock15/thumbnails) by extension 'cmake'
[0.550s] Level 1:colcon.colcon_core.package_identification:_identify(space_robotics_gz_envs/assets/cache/lunar_rock15/thumbnails) by extension 'python'
[0.550s] Level 1:colcon.colcon_core.package_identification:_identify(space_robotics_gz_envs/assets/cache/lunar_rock15/thumbnails) by extensions ['python_setup_py']
[0.550s] Level 1:colcon.colcon_core.package_identification:_identify(space_robotics_gz_envs/assets/cache/lunar_rock15/thumbnails) by extension 'python_setup_py'
[0.550s] Level 1:colcon.colcon_core.package_identification:_identify(space_robotics_gz_envs/assets/cache/lunar_rock2) by extensions ['ignore', 'ignore_ament_install']
[0.550s] Level 1:colcon.colcon_core.package_identification:_identify(space_robotics_gz_envs/assets/cache/lunar_rock2) by extension 'ignore'
[0.550s] Level 1:colcon.colcon_core.package_identification:_identify(space_robotics_gz_envs/assets/cache/lunar_rock2) by extension 'ignore_ament_install'
[0.550s] Level 1:colcon.colcon_core.package_identification:_identify(space_robotics_gz_envs/assets/cache/lunar_rock2) by extensions ['colcon_pkg']
[0.550s] Level 1:colcon.colcon_core.package_identification:_identify(space_robotics_gz_envs/assets/cache/lunar_rock2) by extension 'colcon_pkg'
[0.550s] Level 1:colcon.colcon_core.package_identification:_identify(space_robotics_gz_envs/assets/cache/lunar_rock2) by extensions ['colcon_meta']
[0.550s] Level 1:colcon.colcon_core.package_identification:_identify(space_robotics_gz_envs/assets/cache/lunar_rock2) by extension 'colcon_meta'
[0.551s] Level 1:colcon.colcon_core.package_identification:_identify(space_robotics_gz_envs/assets/cache/lunar_rock2) by extensions ['ros']
[0.551s] Level 1:colcon.colcon_core.package_identification:_identify(space_robotics_gz_envs/assets/cache/lunar_rock2) by extension 'ros'
[0.551s] Level 1:colcon.colcon_core.package_identification:_identify(space_robotics_gz_envs/assets/cache/lunar_rock2) by extensions ['cmake', 'python']
[0.551s] Level 1:colcon.colcon_core.package_identification:_identify(space_robotics_gz_envs/assets/cache/lunar_rock2) by extension 'cmake'
[0.551s] Level 1:colcon.colcon_core.package_identification:_identify(space_robotics_gz_envs/assets/cache/lunar_rock2) by extension 'python'
[0.551s] Level 1:colcon.colcon_core.package_identification:_identify(space_robotics_gz_envs/assets/cache/lunar_rock2) by extensions ['python_setup_py']
[0.551s] Level 1:colcon.colcon_core.package_identification:_identify(space_robotics_gz_envs/assets/cache/lunar_rock2) by extension 'python_setup_py'
[0.551s] Level 1:colcon.colcon_core.package_identification:_identify(space_robotics_gz_envs/assets/cache/lunar_rock2/meshes) by extensions ['ignore', 'ignore_ament_install']
[0.551s] Level 1:colcon.colcon_core.package_identification:_identify(space_robotics_gz_envs/assets/cache/lunar_rock2/meshes) by extension 'ignore'
[0.551s] Level 1:colcon.colcon_core.package_identification:_identify(space_robotics_gz_envs/assets/cache/lunar_rock2/meshes) by extension 'ignore_ament_install'
[0.552s] Level 1:colcon.colcon_core.package_identification:_identify(space_robotics_gz_envs/assets/cache/lunar_rock2/meshes) by extensions ['colcon_pkg']
[0.552s] Level 1:colcon.colcon_core.package_identification:_identify(space_robotics_gz_envs/assets/cache/lunar_rock2/meshes) by extension 'colcon_pkg'
[0.552s] Level 1:colcon.colcon_core.package_identification:_identify(space_robotics_gz_envs/assets/cache/lunar_rock2/meshes) by extensions ['colcon_meta']
[0.552s] Level 1:colcon.colcon_core.package_identification:_identify(space_robotics_gz_envs/assets/cache/lunar_rock2/meshes) by extension 'colcon_meta'
[0.552s] Level 1:colcon.colcon_core.package_identification:_identify(space_robotics_gz_envs/assets/cache/lunar_rock2/meshes) by extensions ['ros']
[0.552s] Level 1:colcon.colcon_core.package_identification:_identify(space_robotics_gz_envs/assets/cache/lunar_rock2/meshes) by extension 'ros'
[0.552s] Level 1:colcon.colcon_core.package_identification:_identify(space_robotics_gz_envs/assets/cache/lunar_rock2/meshes) by extensions ['cmake', 'python']
[0.552s] Level 1:colcon.colcon_core.package_identification:_identify(space_robotics_gz_envs/assets/cache/lunar_rock2/meshes) by extension 'cmake'
[0.552s] Level 1:colcon.colcon_core.package_identification:_identify(space_robotics_gz_envs/assets/cache/lunar_rock2/meshes) by extension 'python'
[0.552s] Level 1:colcon.colcon_core.package_identification:_identify(space_robotics_gz_envs/assets/cache/lunar_rock2/meshes) by extensions ['python_setup_py']
[0.552s] Level 1:colcon.colcon_core.package_identification:_identify(space_robotics_gz_envs/assets/cache/lunar_rock2/meshes) by extension 'python_setup_py'
[0.552s] Level 1:colcon.colcon_core.package_identification:_identify(space_robotics_gz_envs/assets/cache/lunar_rock2/thumbnails) by extensions ['ignore', 'ignore_ament_install']
[0.552s] Level 1:colcon.colcon_core.package_identification:_identify(space_robotics_gz_envs/assets/cache/lunar_rock2/thumbnails) by extension 'ignore'
[0.552s] Level 1:colcon.colcon_core.package_identification:_identify(space_robotics_gz_envs/assets/cache/lunar_rock2/thumbnails) by extension 'ignore_ament_install'
[0.552s] Level 1:colcon.colcon_core.package_identification:_identify(space_robotics_gz_envs/assets/cache/lunar_rock2/thumbnails) by extensions ['colcon_pkg']
[0.552s] Level 1:colcon.colcon_core.package_identification:_identify(space_robotics_gz_envs/assets/cache/lunar_rock2/thumbnails) by extension 'colcon_pkg'
[0.552s] Level 1:colcon.colcon_core.package_identification:_identify(space_robotics_gz_envs/assets/cache/lunar_rock2/thumbnails) by extensions ['colcon_meta']
[0.552s] Level 1:colcon.colcon_core.package_identification:_identify(space_robotics_gz_envs/assets/cache/lunar_rock2/thumbnails) by extension 'colcon_meta'
[0.553s] Level 1:colcon.colcon_core.package_identification:_identify(space_robotics_gz_envs/assets/cache/lunar_rock2/thumbnails) by extensions ['ros']
[0.553s] Level 1:colcon.colcon_core.package_identification:_identify(space_robotics_gz_envs/assets/cache/lunar_rock2/thumbnails) by extension 'ros'
[0.553s] Level 1:colcon.colcon_core.package_identification:_identify(space_robotics_gz_envs/assets/cache/lunar_rock2/thumbnails) by extensions ['cmake', 'python']
[0.553s] Level 1:colcon.colcon_core.package_identification:_identify(space_robotics_gz_envs/assets/cache/lunar_rock2/thumbnails) by extension 'cmake'
[0.553s] Level 1:colcon.colcon_core.package_identification:_identify(space_robotics_gz_envs/assets/cache/lunar_rock2/thumbnails) by extension 'python'
[0.553s] Level 1:colcon.colcon_core.package_identification:_identify(space_robotics_gz_envs/assets/cache/lunar_rock2/thumbnails) by extensions ['python_setup_py']
[0.553s] Level 1:colcon.colcon_core.package_identification:_identify(space_robotics_gz_envs/assets/cache/lunar_rock2/thumbnails) by extension 'python_setup_py'
[0.553s] Level 1:colcon.colcon_core.package_identification:_identify(space_robotics_gz_envs/assets/cache/lunar_rock3) by extensions ['ignore', 'ignore_ament_install']
[0.553s] Level 1:colcon.colcon_core.package_identification:_identify(space_robotics_gz_envs/assets/cache/lunar_rock3) by extension 'ignore'
[0.553s] Level 1:colcon.colcon_core.package_identification:_identify(space_robotics_gz_envs/assets/cache/lunar_rock3) by extension 'ignore_ament_install'
[0.553s] Level 1:colcon.colcon_core.package_identification:_identify(space_robotics_gz_envs/assets/cache/lunar_rock3) by extensions ['colcon_pkg']
[0.553s] Level 1:colcon.colcon_core.package_identification:_identify(space_robotics_gz_envs/assets/cache/lunar_rock3) by extension 'colcon_pkg'
[0.553s] Level 1:colcon.colcon_core.package_identification:_identify(space_robotics_gz_envs/assets/cache/lunar_rock3) by extensions ['colcon_meta']
[0.553s] Level 1:colcon.colcon_core.package_identification:_identify(space_robotics_gz_envs/assets/cache/lunar_rock3) by extension 'colcon_meta'
[0.554s] Level 1:colcon.colcon_core.package_identification:_identify(space_robotics_gz_envs/assets/cache/lunar_rock3) by extensions ['ros']
[0.554s] Level 1:colcon.colcon_core.package_identification:_identify(space_robotics_gz_envs/assets/cache/lunar_rock3) by extension 'ros'
[0.554s] Level 1:colcon.colcon_core.package_identification:_identify(space_robotics_gz_envs/assets/cache/lunar_rock3) by extensions ['cmake', 'python']
[0.554s] Level 1:colcon.colcon_core.package_identification:_identify(space_robotics_gz_envs/assets/cache/lunar_rock3) by extension 'cmake'
[0.554s] Level 1:colcon.colcon_core.package_identification:_identify(space_robotics_gz_envs/assets/cache/lunar_rock3) by extension 'python'
[0.554s] Level 1:colcon.colcon_core.package_identification:_identify(space_robotics_gz_envs/assets/cache/lunar_rock3) by extensions ['python_setup_py']
[0.554s] Level 1:colcon.colcon_core.package_identification:_identify(space_robotics_gz_envs/assets/cache/lunar_rock3) by extension 'python_setup_py'
[0.554s] Level 1:colcon.colcon_core.package_identification:_identify(space_robotics_gz_envs/assets/cache/lunar_rock3/meshes) by extensions ['ignore', 'ignore_ament_install']
[0.554s] Level 1:colcon.colcon_core.package_identification:_identify(space_robotics_gz_envs/assets/cache/lunar_rock3/meshes) by extension 'ignore'
[0.554s] Level 1:colcon.colcon_core.package_identification:_identify(space_robotics_gz_envs/assets/cache/lunar_rock3/meshes) by extension 'ignore_ament_install'
[0.554s] Level 1:colcon.colcon_core.package_identification:_identify(space_robotics_gz_envs/assets/cache/lunar_rock3/meshes) by extensions ['colcon_pkg']
[0.554s] Level 1:colcon.colcon_core.package_identification:_identify(space_robotics_gz_envs/assets/cache/lunar_rock3/meshes) by extension 'colcon_pkg'
[0.554s] Level 1:colcon.colcon_core.package_identification:_identify(space_robotics_gz_envs/assets/cache/lunar_rock3/meshes) by extensions ['colcon_meta']
[0.554s] Level 1:colcon.colcon_core.package_identification:_identify(space_robotics_gz_envs/assets/cache/lunar_rock3/meshes) by extension 'colcon_meta'
[0.554s] Level 1:colcon.colcon_core.package_identification:_identify(space_robotics_gz_envs/assets/cache/lunar_rock3/meshes) by extensions ['ros']
[0.554s] Level 1:colcon.colcon_core.package_identification:_identify(space_robotics_gz_envs/assets/cache/lunar_rock3/meshes) by extension 'ros'
[0.555s] Level 1:colcon.colcon_core.package_identification:_identify(space_robotics_gz_envs/assets/cache/lunar_rock3/meshes) by extensions ['cmake', 'python']
[0.555s] Level 1:colcon.colcon_core.package_identification:_identify(space_robotics_gz_envs/assets/cache/lunar_rock3/meshes) by extension 'cmake'
[0.555s] Level 1:colcon.colcon_core.package_identification:_identify(space_robotics_gz_envs/assets/cache/lunar_rock3/meshes) by extension 'python'
[0.555s] Level 1:colcon.colcon_core.package_identification:_identify(space_robotics_gz_envs/assets/cache/lunar_rock3/meshes) by extensions ['python_setup_py']
[0.555s] Level 1:colcon.colcon_core.package_identification:_identify(space_robotics_gz_envs/assets/cache/lunar_rock3/meshes) by extension 'python_setup_py'
[0.555s] Level 1:colcon.colcon_core.package_identification:_identify(space_robotics_gz_envs/assets/cache/lunar_rock3/thumbnails) by extensions ['ignore', 'ignore_ament_install']
[0.555s] Level 1:colcon.colcon_core.package_identification:_identify(space_robotics_gz_envs/assets/cache/lunar_rock3/thumbnails) by extension 'ignore'
[0.555s] Level 1:colcon.colcon_core.package_identification:_identify(space_robotics_gz_envs/assets/cache/lunar_rock3/thumbnails) by extension 'ignore_ament_install'
[0.555s] Level 1:colcon.colcon_core.package_identification:_identify(space_robotics_gz_envs/assets/cache/lunar_rock3/thumbnails) by extensions ['colcon_pkg']
[0.555s] Level 1:colcon.colcon_core.package_identification:_identify(space_robotics_gz_envs/assets/cache/lunar_rock3/thumbnails) by extension 'colcon_pkg'
[0.555s] Level 1:colcon.colcon_core.package_identification:_identify(space_robotics_gz_envs/assets/cache/lunar_rock3/thumbnails) by extensions ['colcon_meta']
[0.555s] Level 1:colcon.colcon_core.package_identification:_identify(space_robotics_gz_envs/assets/cache/lunar_rock3/thumbnails) by extension 'colcon_meta'
[0.555s] Level 1:colcon.colcon_core.package_identification:_identify(space_robotics_gz_envs/assets/cache/lunar_rock3/thumbnails) by extensions ['ros']
[0.555s] Level 1:colcon.colcon_core.package_identification:_identify(space_robotics_gz_envs/assets/cache/lunar_rock3/thumbnails) by extension 'ros'
[0.555s] Level 1:colcon.colcon_core.package_identification:_identify(space_robotics_gz_envs/assets/cache/lunar_rock3/thumbnails) by extensions ['cmake', 'python']
[0.555s] Level 1:colcon.colcon_core.package_identification:_identify(space_robotics_gz_envs/assets/cache/lunar_rock3/thumbnails) by extension 'cmake'
[0.555s] Level 1:colcon.colcon_core.package_identification:_identify(space_robotics_gz_envs/assets/cache/lunar_rock3/thumbnails) by extension 'python'
[0.555s] Level 1:colcon.colcon_core.package_identification:_identify(space_robotics_gz_envs/assets/cache/lunar_rock3/thumbnails) by extensions ['python_setup_py']
[0.555s] Level 1:colcon.colcon_core.package_identification:_identify(space_robotics_gz_envs/assets/cache/lunar_rock3/thumbnails) by extension 'python_setup_py'
[0.556s] Level 1:colcon.colcon_core.package_identification:_identify(space_robotics_gz_envs/assets/cache/lunar_rock4) by extensions ['ignore', 'ignore_ament_install']
[0.556s] Level 1:colcon.colcon_core.package_identification:_identify(space_robotics_gz_envs/assets/cache/lunar_rock4) by extension 'ignore'
[0.556s] Level 1:colcon.colcon_core.package_identification:_identify(space_robotics_gz_envs/assets/cache/lunar_rock4) by extension 'ignore_ament_install'
[0.556s] Level 1:colcon.colcon_core.package_identification:_identify(space_robotics_gz_envs/assets/cache/lunar_rock4) by extensions ['colcon_pkg']
[0.556s] Level 1:colcon.colcon_core.package_identification:_identify(space_robotics_gz_envs/assets/cache/lunar_rock4) by extension 'colcon_pkg'
[0.556s] Level 1:colcon.colcon_core.package_identification:_identify(space_robotics_gz_envs/assets/cache/lunar_rock4) by extensions ['colcon_meta']
[0.556s] Level 1:colcon.colcon_core.package_identification:_identify(space_robotics_gz_envs/assets/cache/lunar_rock4) by extension 'colcon_meta'
[0.556s] Level 1:colcon.colcon_core.package_identification:_identify(space_robotics_gz_envs/assets/cache/lunar_rock4) by extensions ['ros']
[0.556s] Level 1:colcon.colcon_core.package_identification:_identify(space_robotics_gz_envs/assets/cache/lunar_rock4) by extension 'ros'
[0.556s] Level 1:colcon.colcon_core.package_identification:_identify(space_robotics_gz_envs/assets/cache/lunar_rock4) by extensions ['cmake', 'python']
[0.556s] Level 1:colcon.colcon_core.package_identification:_identify(space_robotics_gz_envs/assets/cache/lunar_rock4) by extension 'cmake'
[0.556s] Level 1:colcon.colcon_core.package_identification:_identify(space_robotics_gz_envs/assets/cache/lunar_rock4) by extension 'python'
[0.556s] Level 1:colcon.colcon_core.package_identification:_identify(space_robotics_gz_envs/assets/cache/lunar_rock4) by extensions ['python_setup_py']
[0.556s] Level 1:colcon.colcon_core.package_identification:_identify(space_robotics_gz_envs/assets/cache/lunar_rock4) by extension 'python_setup_py'
[0.556s] Level 1:colcon.colcon_core.package_identification:_identify(space_robotics_gz_envs/assets/cache/lunar_rock4/meshes) by extensions ['ignore', 'ignore_ament_install']
[0.556s] Level 1:colcon.colcon_core.package_identification:_identify(space_robotics_gz_envs/assets/cache/lunar_rock4/meshes) by extension 'ignore'
[0.556s] Level 1:colcon.colcon_core.package_identification:_identify(space_robotics_gz_envs/assets/cache/lunar_rock4/meshes) by extension 'ignore_ament_install'
[0.557s] Level 1:colcon.colcon_core.package_identification:_identify(space_robotics_gz_envs/assets/cache/lunar_rock4/meshes) by extensions ['colcon_pkg']
[0.557s] Level 1:colcon.colcon_core.package_identification:_identify(space_robotics_gz_envs/assets/cache/lunar_rock4/meshes) by extension 'colcon_pkg'
[0.557s] Level 1:colcon.colcon_core.package_identification:_identify(space_robotics_gz_envs/assets/cache/lunar_rock4/meshes) by extensions ['colcon_meta']
[0.557s] Level 1:colcon.colcon_core.package_identification:_identify(space_robotics_gz_envs/assets/cache/lunar_rock4/meshes) by extension 'colcon_meta'
[0.557s] Level 1:colcon.colcon_core.package_identification:_identify(space_robotics_gz_envs/assets/cache/lunar_rock4/meshes) by extensions ['ros']
[0.557s] Level 1:colcon.colcon_core.package_identification:_identify(space_robotics_gz_envs/assets/cache/lunar_rock4/meshes) by extension 'ros'
[0.557s] Level 1:colcon.colcon_core.package_identification:_identify(space_robotics_gz_envs/assets/cache/lunar_rock4/meshes) by extensions ['cmake', 'python']
[0.557s] Level 1:colcon.colcon_core.package_identification:_identify(space_robotics_gz_envs/assets/cache/lunar_rock4/meshes) by extension 'cmake'
[0.557s] Level 1:colcon.colcon_core.package_identification:_identify(space_robotics_gz_envs/assets/cache/lunar_rock4/meshes) by extension 'python'
[0.557s] Level 1:colcon.colcon_core.package_identification:_identify(space_robotics_gz_envs/assets/cache/lunar_rock4/meshes) by extensions ['python_setup_py']
[0.557s] Level 1:colcon.colcon_core.package_identification:_identify(space_robotics_gz_envs/assets/cache/lunar_rock4/meshes) by extension 'python_setup_py'
[0.557s] Level 1:colcon.colcon_core.package_identification:_identify(space_robotics_gz_envs/assets/cache/lunar_rock4/thumbnails) by extensions ['ignore', 'ignore_ament_install']
[0.557s] Level 1:colcon.colcon_core.package_identification:_identify(space_robotics_gz_envs/assets/cache/lunar_rock4/thumbnails) by extension 'ignore'
[0.557s] Level 1:colcon.colcon_core.package_identification:_identify(space_robotics_gz_envs/assets/cache/lunar_rock4/thumbnails) by extension 'ignore_ament_install'
[0.557s] Level 1:colcon.colcon_core.package_identification:_identify(space_robotics_gz_envs/assets/cache/lunar_rock4/thumbnails) by extensions ['colcon_pkg']
[0.557s] Level 1:colcon.colcon_core.package_identification:_identify(space_robotics_gz_envs/assets/cache/lunar_rock4/thumbnails) by extension 'colcon_pkg'
[0.557s] Level 1:colcon.colcon_core.package_identification:_identify(space_robotics_gz_envs/assets/cache/lunar_rock4/thumbnails) by extensions ['colcon_meta']
[0.557s] Level 1:colcon.colcon_core.package_identification:_identify(space_robotics_gz_envs/assets/cache/lunar_rock4/thumbnails) by extension 'colcon_meta'
[0.557s] Level 1:colcon.colcon_core.package_identification:_identify(space_robotics_gz_envs/assets/cache/lunar_rock4/thumbnails) by extensions ['ros']
[0.557s] Level 1:colcon.colcon_core.package_identification:_identify(space_robotics_gz_envs/assets/cache/lunar_rock4/thumbnails) by extension 'ros'
[0.558s] Level 1:colcon.colcon_core.package_identification:_identify(space_robotics_gz_envs/assets/cache/lunar_rock4/thumbnails) by extensions ['cmake', 'python']
[0.558s] Level 1:colcon.colcon_core.package_identification:_identify(space_robotics_gz_envs/assets/cache/lunar_rock4/thumbnails) by extension 'cmake'
[0.558s] Level 1:colcon.colcon_core.package_identification:_identify(space_robotics_gz_envs/assets/cache/lunar_rock4/thumbnails) by extension 'python'
[0.558s] Level 1:colcon.colcon_core.package_identification:_identify(space_robotics_gz_envs/assets/cache/lunar_rock4/thumbnails) by extensions ['python_setup_py']
[0.558s] Level 1:colcon.colcon_core.package_identification:_identify(space_robotics_gz_envs/assets/cache/lunar_rock4/thumbnails) by extension 'python_setup_py'
[0.558s] Level 1:colcon.colcon_core.package_identification:_identify(space_robotics_gz_envs/assets/cache/lunar_rock5) by extensions ['ignore', 'ignore_ament_install']
[0.558s] Level 1:colcon.colcon_core.package_identification:_identify(space_robotics_gz_envs/assets/cache/lunar_rock5) by extension 'ignore'
[0.558s] Level 1:colcon.colcon_core.package_identification:_identify(space_robotics_gz_envs/assets/cache/lunar_rock5) by extension 'ignore_ament_install'
[0.558s] Level 1:colcon.colcon_core.package_identification:_identify(space_robotics_gz_envs/assets/cache/lunar_rock5) by extensions ['colcon_pkg']
[0.558s] Level 1:colcon.colcon_core.package_identification:_identify(space_robotics_gz_envs/assets/cache/lunar_rock5) by extension 'colcon_pkg'
[0.558s] Level 1:colcon.colcon_core.package_identification:_identify(space_robotics_gz_envs/assets/cache/lunar_rock5) by extensions ['colcon_meta']
[0.558s] Level 1:colcon.colcon_core.package_identification:_identify(space_robotics_gz_envs/assets/cache/lunar_rock5) by extension 'colcon_meta'
[0.558s] Level 1:colcon.colcon_core.package_identification:_identify(space_robotics_gz_envs/assets/cache/lunar_rock5) by extensions ['ros']
[0.558s] Level 1:colcon.colcon_core.package_identification:_identify(space_robotics_gz_envs/assets/cache/lunar_rock5) by extension 'ros'
[0.558s] Level 1:colcon.colcon_core.package_identification:_identify(space_robotics_gz_envs/assets/cache/lunar_rock5) by extensions ['cmake', 'python']
[0.558s] Level 1:colcon.colcon_core.package_identification:_identify(space_robotics_gz_envs/assets/cache/lunar_rock5) by extension 'cmake'
[0.558s] Level 1:colcon.colcon_core.package_identification:_identify(space_robotics_gz_envs/assets/cache/lunar_rock5) by extension 'python'
[0.558s] Level 1:colcon.colcon_core.package_identification:_identify(space_robotics_gz_envs/assets/cache/lunar_rock5) by extensions ['python_setup_py']
[0.558s] Level 1:colcon.colcon_core.package_identification:_identify(space_robotics_gz_envs/assets/cache/lunar_rock5) by extension 'python_setup_py'
[0.559s] Level 1:colcon.colcon_core.package_identification:_identify(space_robotics_gz_envs/assets/cache/lunar_rock5/meshes) by extensions ['ignore', 'ignore_ament_install']
[0.559s] Level 1:colcon.colcon_core.package_identification:_identify(space_robotics_gz_envs/assets/cache/lunar_rock5/meshes) by extension 'ignore'
[0.559s] Level 1:colcon.colcon_core.package_identification:_identify(space_robotics_gz_envs/assets/cache/lunar_rock5/meshes) by extension 'ignore_ament_install'
[0.559s] Level 1:colcon.colcon_core.package_identification:_identify(space_robotics_gz_envs/assets/cache/lunar_rock5/meshes) by extensions ['colcon_pkg']
[0.559s] Level 1:colcon.colcon_core.package_identification:_identify(space_robotics_gz_envs/assets/cache/lunar_rock5/meshes) by extension 'colcon_pkg'
[0.559s] Level 1:colcon.colcon_core.package_identification:_identify(space_robotics_gz_envs/assets/cache/lunar_rock5/meshes) by extensions ['colcon_meta']
[0.559s] Level 1:colcon.colcon_core.package_identification:_identify(space_robotics_gz_envs/assets/cache/lunar_rock5/meshes) by extension 'colcon_meta'
[0.559s] Level 1:colcon.colcon_core.package_identification:_identify(space_robotics_gz_envs/assets/cache/lunar_rock5/meshes) by extensions ['ros']
[0.559s] Level 1:colcon.colcon_core.package_identification:_identify(space_robotics_gz_envs/assets/cache/lunar_rock5/meshes) by extension 'ros'
[0.559s] Level 1:colcon.colcon_core.package_identification:_identify(space_robotics_gz_envs/assets/cache/lunar_rock5/meshes) by extensions ['cmake', 'python']
[0.559s] Level 1:colcon.colcon_core.package_identification:_identify(space_robotics_gz_envs/assets/cache/lunar_rock5/meshes) by extension 'cmake'
[0.559s] Level 1:colcon.colcon_core.package_identification:_identify(space_robotics_gz_envs/assets/cache/lunar_rock5/meshes) by extension 'python'
[0.559s] Level 1:colcon.colcon_core.package_identification:_identify(space_robotics_gz_envs/assets/cache/lunar_rock5/meshes) by extensions ['python_setup_py']
[0.559s] Level 1:colcon.colcon_core.package_identification:_identify(space_robotics_gz_envs/assets/cache/lunar_rock5/meshes) by extension 'python_setup_py'
[0.559s] Level 1:colcon.colcon_core.package_identification:_identify(space_robotics_gz_envs/assets/cache/lunar_rock5/thumbnails) by extensions ['ignore', 'ignore_ament_install']
[0.560s] Level 1:colcon.colcon_core.package_identification:_identify(space_robotics_gz_envs/assets/cache/lunar_rock5/thumbnails) by extension 'ignore'
[0.560s] Level 1:colcon.colcon_core.package_identification:_identify(space_robotics_gz_envs/assets/cache/lunar_rock5/thumbnails) by extension 'ignore_ament_install'
[0.560s] Level 1:colcon.colcon_core.package_identification:_identify(space_robotics_gz_envs/assets/cache/lunar_rock5/thumbnails) by extensions ['colcon_pkg']
[0.560s] Level 1:colcon.colcon_core.package_identification:_identify(space_robotics_gz_envs/assets/cache/lunar_rock5/thumbnails) by extension 'colcon_pkg'
[0.560s] Level 1:colcon.colcon_core.package_identification:_identify(space_robotics_gz_envs/assets/cache/lunar_rock5/thumbnails) by extensions ['colcon_meta']
[0.560s] Level 1:colcon.colcon_core.package_identification:_identify(space_robotics_gz_envs/assets/cache/lunar_rock5/thumbnails) by extension 'colcon_meta'
[0.560s] Level 1:colcon.colcon_core.package_identification:_identify(space_robotics_gz_envs/assets/cache/lunar_rock5/thumbnails) by extensions ['ros']
[0.560s] Level 1:colcon.colcon_core.package_identification:_identify(space_robotics_gz_envs/assets/cache/lunar_rock5/thumbnails) by extension 'ros'
[0.560s] Level 1:colcon.colcon_core.package_identification:_identify(space_robotics_gz_envs/assets/cache/lunar_rock5/thumbnails) by extensions ['cmake', 'python']
[0.560s] Level 1:colcon.colcon_core.package_identification:_identify(space_robotics_gz_envs/assets/cache/lunar_rock5/thumbnails) by extension 'cmake'
[0.560s] Level 1:colcon.colcon_core.package_identification:_identify(space_robotics_gz_envs/assets/cache/lunar_rock5/thumbnails) by extension 'python'
[0.560s] Level 1:colcon.colcon_core.package_identification:_identify(space_robotics_gz_envs/assets/cache/lunar_rock5/thumbnails) by extensions ['python_setup_py']
[0.561s] Level 1:colcon.colcon_core.package_identification:_identify(space_robotics_gz_envs/assets/cache/lunar_rock5/thumbnails) by extension 'python_setup_py'
[0.561s] Level 1:colcon.colcon_core.package_identification:_identify(space_robotics_gz_envs/assets/cache/lunar_rock6) by extensions ['ignore', 'ignore_ament_install']
[0.561s] Level 1:colcon.colcon_core.package_identification:_identify(space_robotics_gz_envs/assets/cache/lunar_rock6) by extension 'ignore'
[0.561s] Level 1:colcon.colcon_core.package_identification:_identify(space_robotics_gz_envs/assets/cache/lunar_rock6) by extension 'ignore_ament_install'
[0.561s] Level 1:colcon.colcon_core.package_identification:_identify(space_robotics_gz_envs/assets/cache/lunar_rock6) by extensions ['colcon_pkg']
[0.561s] Level 1:colcon.colcon_core.package_identification:_identify(space_robotics_gz_envs/assets/cache/lunar_rock6) by extension 'colcon_pkg'
[0.561s] Level 1:colcon.colcon_core.package_identification:_identify(space_robotics_gz_envs/assets/cache/lunar_rock6) by extensions ['colcon_meta']
[0.561s] Level 1:colcon.colcon_core.package_identification:_identify(space_robotics_gz_envs/assets/cache/lunar_rock6) by extension 'colcon_meta'
[0.561s] Level 1:colcon.colcon_core.package_identification:_identify(space_robotics_gz_envs/assets/cache/lunar_rock6) by extensions ['ros']
[0.561s] Level 1:colcon.colcon_core.package_identification:_identify(space_robotics_gz_envs/assets/cache/lunar_rock6) by extension 'ros'
[0.561s] Level 1:colcon.colcon_core.package_identification:_identify(space_robotics_gz_envs/assets/cache/lunar_rock6) by extensions ['cmake', 'python']
[0.561s] Level 1:colcon.colcon_core.package_identification:_identify(space_robotics_gz_envs/assets/cache/lunar_rock6) by extension 'cmake'
[0.561s] Level 1:colcon.colcon_core.package_identification:_identify(space_robotics_gz_envs/assets/cache/lunar_rock6) by extension 'python'
[0.561s] Level 1:colcon.colcon_core.package_identification:_identify(space_robotics_gz_envs/assets/cache/lunar_rock6) by extensions ['python_setup_py']
[0.561s] Level 1:colcon.colcon_core.package_identification:_identify(space_robotics_gz_envs/assets/cache/lunar_rock6) by extension 'python_setup_py'
[0.562s] Level 1:colcon.colcon_core.package_identification:_identify(space_robotics_gz_envs/assets/cache/lunar_rock6/meshes) by extensions ['ignore', 'ignore_ament_install']
[0.562s] Level 1:colcon.colcon_core.package_identification:_identify(space_robotics_gz_envs/assets/cache/lunar_rock6/meshes) by extension 'ignore'
[0.562s] Level 1:colcon.colcon_core.package_identification:_identify(space_robotics_gz_envs/assets/cache/lunar_rock6/meshes) by extension 'ignore_ament_install'
[0.562s] Level 1:colcon.colcon_core.package_identification:_identify(space_robotics_gz_envs/assets/cache/lunar_rock6/meshes) by extensions ['colcon_pkg']
[0.562s] Level 1:colcon.colcon_core.package_identification:_identify(space_robotics_gz_envs/assets/cache/lunar_rock6/meshes) by extension 'colcon_pkg'
[0.562s] Level 1:colcon.colcon_core.package_identification:_identify(space_robotics_gz_envs/assets/cache/lunar_rock6/meshes) by extensions ['colcon_meta']
[0.562s] Level 1:colcon.colcon_core.package_identification:_identify(space_robotics_gz_envs/assets/cache/lunar_rock6/meshes) by extension 'colcon_meta'
[0.562s] Level 1:colcon.colcon_core.package_identification:_identify(space_robotics_gz_envs/assets/cache/lunar_rock6/meshes) by extensions ['ros']
[0.562s] Level 1:colcon.colcon_core.package_identification:_identify(space_robotics_gz_envs/assets/cache/lunar_rock6/meshes) by extension 'ros'
[0.562s] Level 1:colcon.colcon_core.package_identification:_identify(space_robotics_gz_envs/assets/cache/lunar_rock6/meshes) by extensions ['cmake', 'python']
[0.562s] Level 1:colcon.colcon_core.package_identification:_identify(space_robotics_gz_envs/assets/cache/lunar_rock6/meshes) by extension 'cmake'
[0.562s] Level 1:colcon.colcon_core.package_identification:_identify(space_robotics_gz_envs/assets/cache/lunar_rock6/meshes) by extension 'python'
[0.562s] Level 1:colcon.colcon_core.package_identification:_identify(space_robotics_gz_envs/assets/cache/lunar_rock6/meshes) by extensions ['python_setup_py']
[0.562s] Level 1:colcon.colcon_core.package_identification:_identify(space_robotics_gz_envs/assets/cache/lunar_rock6/meshes) by extension 'python_setup_py'
[0.563s] Level 1:colcon.colcon_core.package_identification:_identify(space_robotics_gz_envs/assets/cache/lunar_rock6/thumbnails) by extensions ['ignore', 'ignore_ament_install']
[0.563s] Level 1:colcon.colcon_core.package_identification:_identify(space_robotics_gz_envs/assets/cache/lunar_rock6/thumbnails) by extension 'ignore'
[0.563s] Level 1:colcon.colcon_core.package_identification:_identify(space_robotics_gz_envs/assets/cache/lunar_rock6/thumbnails) by extension 'ignore_ament_install'
[0.563s] Level 1:colcon.colcon_core.package_identification:_identify(space_robotics_gz_envs/assets/cache/lunar_rock6/thumbnails) by extensions ['colcon_pkg']
[0.563s] Level 1:colcon.colcon_core.package_identification:_identify(space_robotics_gz_envs/assets/cache/lunar_rock6/thumbnails) by extension 'colcon_pkg'
[0.563s] Level 1:colcon.colcon_core.package_identification:_identify(space_robotics_gz_envs/assets/cache/lunar_rock6/thumbnails) by extensions ['colcon_meta']
[0.563s] Level 1:colcon.colcon_core.package_identification:_identify(space_robotics_gz_envs/assets/cache/lunar_rock6/thumbnails) by extension 'colcon_meta'
[0.563s] Level 1:colcon.colcon_core.package_identification:_identify(space_robotics_gz_envs/assets/cache/lunar_rock6/thumbnails) by extensions ['ros']
[0.563s] Level 1:colcon.colcon_core.package_identification:_identify(space_robotics_gz_envs/assets/cache/lunar_rock6/thumbnails) by extension 'ros'
[0.563s] Level 1:colcon.colcon_core.package_identification:_identify(space_robotics_gz_envs/assets/cache/lunar_rock6/thumbnails) by extensions ['cmake', 'python']
[0.563s] Level 1:colcon.colcon_core.package_identification:_identify(space_robotics_gz_envs/assets/cache/lunar_rock6/thumbnails) by extension 'cmake'
[0.564s] Level 1:colcon.colcon_core.package_identification:_identify(space_robotics_gz_envs/assets/cache/lunar_rock6/thumbnails) by extension 'python'
[0.564s] Level 1:colcon.colcon_core.package_identification:_identify(space_robotics_gz_envs/assets/cache/lunar_rock6/thumbnails) by extensions ['python_setup_py']
[0.564s] Level 1:colcon.colcon_core.package_identification:_identify(space_robotics_gz_envs/assets/cache/lunar_rock6/thumbnails) by extension 'python_setup_py'
[0.564s] Level 1:colcon.colcon_core.package_identification:_identify(space_robotics_gz_envs/assets/cache/lunar_rock7) by extensions ['ignore', 'ignore_ament_install']
[0.564s] Level 1:colcon.colcon_core.package_identification:_identify(space_robotics_gz_envs/assets/cache/lunar_rock7) by extension 'ignore'
[0.564s] Level 1:colcon.colcon_core.package_identification:_identify(space_robotics_gz_envs/assets/cache/lunar_rock7) by extension 'ignore_ament_install'
[0.564s] Level 1:colcon.colcon_core.package_identification:_identify(space_robotics_gz_envs/assets/cache/lunar_rock7) by extensions ['colcon_pkg']
[0.564s] Level 1:colcon.colcon_core.package_identification:_identify(space_robotics_gz_envs/assets/cache/lunar_rock7) by extension 'colcon_pkg'
[0.564s] Level 1:colcon.colcon_core.package_identification:_identify(space_robotics_gz_envs/assets/cache/lunar_rock7) by extensions ['colcon_meta']
[0.564s] Level 1:colcon.colcon_core.package_identification:_identify(space_robotics_gz_envs/assets/cache/lunar_rock7) by extension 'colcon_meta'
[0.564s] Level 1:colcon.colcon_core.package_identification:_identify(space_robotics_gz_envs/assets/cache/lunar_rock7) by extensions ['ros']
[0.564s] Level 1:colcon.colcon_core.package_identification:_identify(space_robotics_gz_envs/assets/cache/lunar_rock7) by extension 'ros'
[0.564s] Level 1:colcon.colcon_core.package_identification:_identify(space_robotics_gz_envs/assets/cache/lunar_rock7) by extensions ['cmake', 'python']
[0.564s] Level 1:colcon.colcon_core.package_identification:_identify(space_robotics_gz_envs/assets/cache/lunar_rock7) by extension 'cmake'
[0.564s] Level 1:colcon.colcon_core.package_identification:_identify(space_robotics_gz_envs/assets/cache/lunar_rock7) by extension 'python'
[0.564s] Level 1:colcon.colcon_core.package_identification:_identify(space_robotics_gz_envs/assets/cache/lunar_rock7) by extensions ['python_setup_py']
[0.564s] Level 1:colcon.colcon_core.package_identification:_identify(space_robotics_gz_envs/assets/cache/lunar_rock7) by extension 'python_setup_py'
[0.565s] Level 1:colcon.colcon_core.package_identification:_identify(space_robotics_gz_envs/assets/cache/lunar_rock7/meshes) by extensions ['ignore', 'ignore_ament_install']
[0.565s] Level 1:colcon.colcon_core.package_identification:_identify(space_robotics_gz_envs/assets/cache/lunar_rock7/meshes) by extension 'ignore'
[0.565s] Level 1:colcon.colcon_core.package_identification:_identify(space_robotics_gz_envs/assets/cache/lunar_rock7/meshes) by extension 'ignore_ament_install'
[0.565s] Level 1:colcon.colcon_core.package_identification:_identify(space_robotics_gz_envs/assets/cache/lunar_rock7/meshes) by extensions ['colcon_pkg']
[0.565s] Level 1:colcon.colcon_core.package_identification:_identify(space_robotics_gz_envs/assets/cache/lunar_rock7/meshes) by extension 'colcon_pkg'
[0.565s] Level 1:colcon.colcon_core.package_identification:_identify(space_robotics_gz_envs/assets/cache/lunar_rock7/meshes) by extensions ['colcon_meta']
[0.565s] Level 1:colcon.colcon_core.package_identification:_identify(space_robotics_gz_envs/assets/cache/lunar_rock7/meshes) by extension 'colcon_meta'
[0.565s] Level 1:colcon.colcon_core.package_identification:_identify(space_robotics_gz_envs/assets/cache/lunar_rock7/meshes) by extensions ['ros']
[0.565s] Level 1:colcon.colcon_core.package_identification:_identify(space_robotics_gz_envs/assets/cache/lunar_rock7/meshes) by extension 'ros'
[0.565s] Level 1:colcon.colcon_core.package_identification:_identify(space_robotics_gz_envs/assets/cache/lunar_rock7/meshes) by extensions ['cmake', 'python']
[0.565s] Level 1:colcon.colcon_core.package_identification:_identify(space_robotics_gz_envs/assets/cache/lunar_rock7/meshes) by extension 'cmake'
[0.565s] Level 1:colcon.colcon_core.package_identification:_identify(space_robotics_gz_envs/assets/cache/lunar_rock7/meshes) by extension 'python'
[0.565s] Level 1:colcon.colcon_core.package_identification:_identify(space_robotics_gz_envs/assets/cache/lunar_rock7/meshes) by extensions ['python_setup_py']
[0.565s] Level 1:colcon.colcon_core.package_identification:_identify(space_robotics_gz_envs/assets/cache/lunar_rock7/meshes) by extension 'python_setup_py'
[0.566s] Level 1:colcon.colcon_core.package_identification:_identify(space_robotics_gz_envs/assets/cache/lunar_rock7/thumbnails) by extensions ['ignore', 'ignore_ament_install']
[0.566s] Level 1:colcon.colcon_core.package_identification:_identify(space_robotics_gz_envs/assets/cache/lunar_rock7/thumbnails) by extension 'ignore'
[0.566s] Level 1:colcon.colcon_core.package_identification:_identify(space_robotics_gz_envs/assets/cache/lunar_rock7/thumbnails) by extension 'ignore_ament_install'
[0.566s] Level 1:colcon.colcon_core.package_identification:_identify(space_robotics_gz_envs/assets/cache/lunar_rock7/thumbnails) by extensions ['colcon_pkg']
[0.566s] Level 1:colcon.colcon_core.package_identification:_identify(space_robotics_gz_envs/assets/cache/lunar_rock7/thumbnails) by extension 'colcon_pkg'
[0.566s] Level 1:colcon.colcon_core.package_identification:_identify(space_robotics_gz_envs/assets/cache/lunar_rock7/thumbnails) by extensions ['colcon_meta']
[0.566s] Level 1:colcon.colcon_core.package_identification:_identify(space_robotics_gz_envs/assets/cache/lunar_rock7/thumbnails) by extension 'colcon_meta'
[0.566s] Level 1:colcon.colcon_core.package_identification:_identify(space_robotics_gz_envs/assets/cache/lunar_rock7/thumbnails) by extensions ['ros']
[0.566s] Level 1:colcon.colcon_core.package_identification:_identify(space_robotics_gz_envs/assets/cache/lunar_rock7/thumbnails) by extension 'ros'
[0.566s] Level 1:colcon.colcon_core.package_identification:_identify(space_robotics_gz_envs/assets/cache/lunar_rock7/thumbnails) by extensions ['cmake', 'python']
[0.566s] Level 1:colcon.colcon_core.package_identification:_identify(space_robotics_gz_envs/assets/cache/lunar_rock7/thumbnails) by extension 'cmake'
[0.566s] Level 1:colcon.colcon_core.package_identification:_identify(space_robotics_gz_envs/assets/cache/lunar_rock7/thumbnails) by extension 'python'
[0.567s] Level 1:colcon.colcon_core.package_identification:_identify(space_robotics_gz_envs/assets/cache/lunar_rock7/thumbnails) by extensions ['python_setup_py']
[0.567s] Level 1:colcon.colcon_core.package_identification:_identify(space_robotics_gz_envs/assets/cache/lunar_rock7/thumbnails) by extension 'python_setup_py'
[0.567s] Level 1:colcon.colcon_core.package_identification:_identify(space_robotics_gz_envs/assets/cache/lunar_rock8) by extensions ['ignore', 'ignore_ament_install']
[0.567s] Level 1:colcon.colcon_core.package_identification:_identify(space_robotics_gz_envs/assets/cache/lunar_rock8) by extension 'ignore'
[0.567s] Level 1:colcon.colcon_core.package_identification:_identify(space_robotics_gz_envs/assets/cache/lunar_rock8) by extension 'ignore_ament_install'
[0.567s] Level 1:colcon.colcon_core.package_identification:_identify(space_robotics_gz_envs/assets/cache/lunar_rock8) by extensions ['colcon_pkg']
[0.567s] Level 1:colcon.colcon_core.package_identification:_identify(space_robotics_gz_envs/assets/cache/lunar_rock8) by extension 'colcon_pkg'
[0.567s] Level 1:colcon.colcon_core.package_identification:_identify(space_robotics_gz_envs/assets/cache/lunar_rock8) by extensions ['colcon_meta']
[0.567s] Level 1:colcon.colcon_core.package_identification:_identify(space_robotics_gz_envs/assets/cache/lunar_rock8) by extension 'colcon_meta'
[0.567s] Level 1:colcon.colcon_core.package_identification:_identify(space_robotics_gz_envs/assets/cache/lunar_rock8) by extensions ['ros']
[0.567s] Level 1:colcon.colcon_core.package_identification:_identify(space_robotics_gz_envs/assets/cache/lunar_rock8) by extension 'ros'
[0.567s] Level 1:colcon.colcon_core.package_identification:_identify(space_robotics_gz_envs/assets/cache/lunar_rock8) by extensions ['cmake', 'python']
[0.567s] Level 1:colcon.colcon_core.package_identification:_identify(space_robotics_gz_envs/assets/cache/lunar_rock8) by extension 'cmake'
[0.567s] Level 1:colcon.colcon_core.package_identification:_identify(space_robotics_gz_envs/assets/cache/lunar_rock8) by extension 'python'
[0.568s] Level 1:colcon.colcon_core.package_identification:_identify(space_robotics_gz_envs/assets/cache/lunar_rock8) by extensions ['python_setup_py']
[0.568s] Level 1:colcon.colcon_core.package_identification:_identify(space_robotics_gz_envs/assets/cache/lunar_rock8) by extension 'python_setup_py'
[0.568s] Level 1:colcon.colcon_core.package_identification:_identify(space_robotics_gz_envs/assets/cache/lunar_rock8/meshes) by extensions ['ignore', 'ignore_ament_install']
[0.568s] Level 1:colcon.colcon_core.package_identification:_identify(space_robotics_gz_envs/assets/cache/lunar_rock8/meshes) by extension 'ignore'
[0.568s] Level 1:colcon.colcon_core.package_identification:_identify(space_robotics_gz_envs/assets/cache/lunar_rock8/meshes) by extension 'ignore_ament_install'
[0.568s] Level 1:colcon.colcon_core.package_identification:_identify(space_robotics_gz_envs/assets/cache/lunar_rock8/meshes) by extensions ['colcon_pkg']
[0.568s] Level 1:colcon.colcon_core.package_identification:_identify(space_robotics_gz_envs/assets/cache/lunar_rock8/meshes) by extension 'colcon_pkg'
[0.568s] Level 1:colcon.colcon_core.package_identification:_identify(space_robotics_gz_envs/assets/cache/lunar_rock8/meshes) by extensions ['colcon_meta']
[0.568s] Level 1:colcon.colcon_core.package_identification:_identify(space_robotics_gz_envs/assets/cache/lunar_rock8/meshes) by extension 'colcon_meta'
[0.568s] Level 1:colcon.colcon_core.package_identification:_identify(space_robotics_gz_envs/assets/cache/lunar_rock8/meshes) by extensions ['ros']
[0.568s] Level 1:colcon.colcon_core.package_identification:_identify(space_robotics_gz_envs/assets/cache/lunar_rock8/meshes) by extension 'ros'
[0.568s] Level 1:colcon.colcon_core.package_identification:_identify(space_robotics_gz_envs/assets/cache/lunar_rock8/meshes) by extensions ['cmake', 'python']
[0.568s] Level 1:colcon.colcon_core.package_identification:_identify(space_robotics_gz_envs/assets/cache/lunar_rock8/meshes) by extension 'cmake'
[0.568s] Level 1:colcon.colcon_core.package_identification:_identify(space_robotics_gz_envs/assets/cache/lunar_rock8/meshes) by extension 'python'
[0.568s] Level 1:colcon.colcon_core.package_identification:_identify(space_robotics_gz_envs/assets/cache/lunar_rock8/meshes) by extensions ['python_setup_py']
[0.568s] Level 1:colcon.colcon_core.package_identification:_identify(space_robotics_gz_envs/assets/cache/lunar_rock8/meshes) by extension 'python_setup_py'
[0.569s] Level 1:colcon.colcon_core.package_identification:_identify(space_robotics_gz_envs/assets/cache/lunar_rock8/thumbnails) by extensions ['ignore', 'ignore_ament_install']
[0.569s] Level 1:colcon.colcon_core.package_identification:_identify(space_robotics_gz_envs/assets/cache/lunar_rock8/thumbnails) by extension 'ignore'
[0.569s] Level 1:colcon.colcon_core.package_identification:_identify(space_robotics_gz_envs/assets/cache/lunar_rock8/thumbnails) by extension 'ignore_ament_install'
[0.569s] Level 1:colcon.colcon_core.package_identification:_identify(space_robotics_gz_envs/assets/cache/lunar_rock8/thumbnails) by extensions ['colcon_pkg']
[0.569s] Level 1:colcon.colcon_core.package_identification:_identify(space_robotics_gz_envs/assets/cache/lunar_rock8/thumbnails) by extension 'colcon_pkg'
[0.569s] Level 1:colcon.colcon_core.package_identification:_identify(space_robotics_gz_envs/assets/cache/lunar_rock8/thumbnails) by extensions ['colcon_meta']
[0.569s] Level 1:colcon.colcon_core.package_identification:_identify(space_robotics_gz_envs/assets/cache/lunar_rock8/thumbnails) by extension 'colcon_meta'
[0.569s] Level 1:colcon.colcon_core.package_identification:_identify(space_robotics_gz_envs/assets/cache/lunar_rock8/thumbnails) by extensions ['ros']
[0.569s] Level 1:colcon.colcon_core.package_identification:_identify(space_robotics_gz_envs/assets/cache/lunar_rock8/thumbnails) by extension 'ros'
[0.569s] Level 1:colcon.colcon_core.package_identification:_identify(space_robotics_gz_envs/assets/cache/lunar_rock8/thumbnails) by extensions ['cmake', 'python']
[0.569s] Level 1:colcon.colcon_core.package_identification:_identify(space_robotics_gz_envs/assets/cache/lunar_rock8/thumbnails) by extension 'cmake'
[0.569s] Level 1:colcon.colcon_core.package_identification:_identify(space_robotics_gz_envs/assets/cache/lunar_rock8/thumbnails) by extension 'python'
[0.570s] Level 1:colcon.colcon_core.package_identification:_identify(space_robotics_gz_envs/assets/cache/lunar_rock8/thumbnails) by extensions ['python_setup_py']
[0.570s] Level 1:colcon.colcon_core.package_identification:_identify(space_robotics_gz_envs/assets/cache/lunar_rock8/thumbnails) by extension 'python_setup_py'
[0.570s] Level 1:colcon.colcon_core.package_identification:_identify(space_robotics_gz_envs/assets/cache/lunar_rock9) by extensions ['ignore', 'ignore_ament_install']
[0.570s] Level 1:colcon.colcon_core.package_identification:_identify(space_robotics_gz_envs/assets/cache/lunar_rock9) by extension 'ignore'
[0.570s] Level 1:colcon.colcon_core.package_identification:_identify(space_robotics_gz_envs/assets/cache/lunar_rock9) by extension 'ignore_ament_install'
[0.570s] Level 1:colcon.colcon_core.package_identification:_identify(space_robotics_gz_envs/assets/cache/lunar_rock9) by extensions ['colcon_pkg']
[0.570s] Level 1:colcon.colcon_core.package_identification:_identify(space_robotics_gz_envs/assets/cache/lunar_rock9) by extension 'colcon_pkg'
[0.570s] Level 1:colcon.colcon_core.package_identification:_identify(space_robotics_gz_envs/assets/cache/lunar_rock9) by extensions ['colcon_meta']
[0.570s] Level 1:colcon.colcon_core.package_identification:_identify(space_robotics_gz_envs/assets/cache/lunar_rock9) by extension 'colcon_meta'
[0.570s] Level 1:colcon.colcon_core.package_identification:_identify(space_robotics_gz_envs/assets/cache/lunar_rock9) by extensions ['ros']
[0.570s] Level 1:colcon.colcon_core.package_identification:_identify(space_robotics_gz_envs/assets/cache/lunar_rock9) by extension 'ros'
[0.570s] Level 1:colcon.colcon_core.package_identification:_identify(space_robotics_gz_envs/assets/cache/lunar_rock9) by extensions ['cmake', 'python']
[0.571s] Level 1:colcon.colcon_core.package_identification:_identify(space_robotics_gz_envs/assets/cache/lunar_rock9) by extension 'cmake'
[0.571s] Level 1:colcon.colcon_core.package_identification:_identify(space_robotics_gz_envs/assets/cache/lunar_rock9) by extension 'python'
[0.571s] Level 1:colcon.colcon_core.package_identification:_identify(space_robotics_gz_envs/assets/cache/lunar_rock9) by extensions ['python_setup_py']
[0.571s] Level 1:colcon.colcon_core.package_identification:_identify(space_robotics_gz_envs/assets/cache/lunar_rock9) by extension 'python_setup_py'
[0.571s] Level 1:colcon.colcon_core.package_identification:_identify(space_robotics_gz_envs/assets/cache/lunar_rock9/meshes) by extensions ['ignore', 'ignore_ament_install']
[0.571s] Level 1:colcon.colcon_core.package_identification:_identify(space_robotics_gz_envs/assets/cache/lunar_rock9/meshes) by extension 'ignore'
[0.571s] Level 1:colcon.colcon_core.package_identification:_identify(space_robotics_gz_envs/assets/cache/lunar_rock9/meshes) by extension 'ignore_ament_install'
[0.571s] Level 1:colcon.colcon_core.package_identification:_identify(space_robotics_gz_envs/assets/cache/lunar_rock9/meshes) by extensions ['colcon_pkg']
[0.571s] Level 1:colcon.colcon_core.package_identification:_identify(space_robotics_gz_envs/assets/cache/lunar_rock9/meshes) by extension 'colcon_pkg'
[0.571s] Level 1:colcon.colcon_core.package_identification:_identify(space_robotics_gz_envs/assets/cache/lunar_rock9/meshes) by extensions ['colcon_meta']
[0.571s] Level 1:colcon.colcon_core.package_identification:_identify(space_robotics_gz_envs/assets/cache/lunar_rock9/meshes) by extension 'colcon_meta'
[0.571s] Level 1:colcon.colcon_core.package_identification:_identify(space_robotics_gz_envs/assets/cache/lunar_rock9/meshes) by extensions ['ros']
[0.571s] Level 1:colcon.colcon_core.package_identification:_identify(space_robotics_gz_envs/assets/cache/lunar_rock9/meshes) by extension 'ros'
[0.571s] Level 1:colcon.colcon_core.package_identification:_identify(space_robotics_gz_envs/assets/cache/lunar_rock9/meshes) by extensions ['cmake', 'python']
[0.571s] Level 1:colcon.colcon_core.package_identification:_identify(space_robotics_gz_envs/assets/cache/lunar_rock9/meshes) by extension 'cmake'
[0.571s] Level 1:colcon.colcon_core.package_identification:_identify(space_robotics_gz_envs/assets/cache/lunar_rock9/meshes) by extension 'python'
[0.571s] Level 1:colcon.colcon_core.package_identification:_identify(space_robotics_gz_envs/assets/cache/lunar_rock9/meshes) by extensions ['python_setup_py']
[0.571s] Level 1:colcon.colcon_core.package_identification:_identify(space_robotics_gz_envs/assets/cache/lunar_rock9/meshes) by extension 'python_setup_py'
[0.572s] Level 1:colcon.colcon_core.package_identification:_identify(space_robotics_gz_envs/assets/cache/lunar_rock9/thumbnails) by extensions ['ignore', 'ignore_ament_install']
[0.572s] Level 1:colcon.colcon_core.package_identification:_identify(space_robotics_gz_envs/assets/cache/lunar_rock9/thumbnails) by extension 'ignore'
[0.572s] Level 1:colcon.colcon_core.package_identification:_identify(space_robotics_gz_envs/assets/cache/lunar_rock9/thumbnails) by extension 'ignore_ament_install'
[0.572s] Level 1:colcon.colcon_core.package_identification:_identify(space_robotics_gz_envs/assets/cache/lunar_rock9/thumbnails) by extensions ['colcon_pkg']
[0.572s] Level 1:colcon.colcon_core.package_identification:_identify(space_robotics_gz_envs/assets/cache/lunar_rock9/thumbnails) by extension 'colcon_pkg'
[0.572s] Level 1:colcon.colcon_core.package_identification:_identify(space_robotics_gz_envs/assets/cache/lunar_rock9/thumbnails) by extensions ['colcon_meta']
[0.572s] Level 1:colcon.colcon_core.package_identification:_identify(space_robotics_gz_envs/assets/cache/lunar_rock9/thumbnails) by extension 'colcon_meta'
[0.572s] Level 1:colcon.colcon_core.package_identification:_identify(space_robotics_gz_envs/assets/cache/lunar_rock9/thumbnails) by extensions ['ros']
[0.572s] Level 1:colcon.colcon_core.package_identification:_identify(space_robotics_gz_envs/assets/cache/lunar_rock9/thumbnails) by extension 'ros'
[0.572s] Level 1:colcon.colcon_core.package_identification:_identify(space_robotics_gz_envs/assets/cache/lunar_rock9/thumbnails) by extensions ['cmake', 'python']
[0.572s] Level 1:colcon.colcon_core.package_identification:_identify(space_robotics_gz_envs/assets/cache/lunar_rock9/thumbnails) by extension 'cmake'
[0.572s] Level 1:colcon.colcon_core.package_identification:_identify(space_robotics_gz_envs/assets/cache/lunar_rock9/thumbnails) by extension 'python'
[0.572s] Level 1:colcon.colcon_core.package_identification:_identify(space_robotics_gz_envs/assets/cache/lunar_rock9/thumbnails) by extensions ['python_setup_py']
[0.572s] Level 1:colcon.colcon_core.package_identification:_identify(space_robotics_gz_envs/assets/cache/lunar_rock9/thumbnails) by extension 'python_setup_py'
[0.572s] Level 1:colcon.colcon_core.package_identification:_identify(space_robotics_gz_envs/assets/cache/lunar_surface0) by extensions ['ignore', 'ignore_ament_install']
[0.573s] Level 1:colcon.colcon_core.package_identification:_identify(space_robotics_gz_envs/assets/cache/lunar_surface0) by extension 'ignore'
[0.573s] Level 1:colcon.colcon_core.package_identification:_identify(space_robotics_gz_envs/assets/cache/lunar_surface0) by extension 'ignore_ament_install'
[0.573s] Level 1:colcon.colcon_core.package_identification:_identify(space_robotics_gz_envs/assets/cache/lunar_surface0) by extensions ['colcon_pkg']
[0.573s] Level 1:colcon.colcon_core.package_identification:_identify(space_robotics_gz_envs/assets/cache/lunar_surface0) by extension 'colcon_pkg'
[0.573s] Level 1:colcon.colcon_core.package_identification:_identify(space_robotics_gz_envs/assets/cache/lunar_surface0) by extensions ['colcon_meta']
[0.573s] Level 1:colcon.colcon_core.package_identification:_identify(space_robotics_gz_envs/assets/cache/lunar_surface0) by extension 'colcon_meta'
[0.573s] Level 1:colcon.colcon_core.package_identification:_identify(space_robotics_gz_envs/assets/cache/lunar_surface0) by extensions ['ros']
[0.573s] Level 1:colcon.colcon_core.package_identification:_identify(space_robotics_gz_envs/assets/cache/lunar_surface0) by extension 'ros'
[0.573s] Level 1:colcon.colcon_core.package_identification:_identify(space_robotics_gz_envs/assets/cache/lunar_surface0) by extensions ['cmake', 'python']
[0.573s] Level 1:colcon.colcon_core.package_identification:_identify(space_robotics_gz_envs/assets/cache/lunar_surface0) by extension 'cmake'
[0.573s] Level 1:colcon.colcon_core.package_identification:_identify(space_robotics_gz_envs/assets/cache/lunar_surface0) by extension 'python'
[0.573s] Level 1:colcon.colcon_core.package_identification:_identify(space_robotics_gz_envs/assets/cache/lunar_surface0) by extensions ['python_setup_py']
[0.573s] Level 1:colcon.colcon_core.package_identification:_identify(space_robotics_gz_envs/assets/cache/lunar_surface0) by extension 'python_setup_py'
[0.573s] Level 1:colcon.colcon_core.package_identification:_identify(space_robotics_gz_envs/assets/cache/lunar_surface0/meshes) by extensions ['ignore', 'ignore_ament_install']
[0.574s] Level 1:colcon.colcon_core.package_identification:_identify(space_robotics_gz_envs/assets/cache/lunar_surface0/meshes) by extension 'ignore'
[0.574s] Level 1:colcon.colcon_core.package_identification:_identify(space_robotics_gz_envs/assets/cache/lunar_surface0/meshes) by extension 'ignore_ament_install'
[0.574s] Level 1:colcon.colcon_core.package_identification:_identify(space_robotics_gz_envs/assets/cache/lunar_surface0/meshes) by extensions ['colcon_pkg']
[0.574s] Level 1:colcon.colcon_core.package_identification:_identify(space_robotics_gz_envs/assets/cache/lunar_surface0/meshes) by extension 'colcon_pkg'
[0.574s] Level 1:colcon.colcon_core.package_identification:_identify(space_robotics_gz_envs/assets/cache/lunar_surface0/meshes) by extensions ['colcon_meta']
[0.574s] Level 1:colcon.colcon_core.package_identification:_identify(space_robotics_gz_envs/assets/cache/lunar_surface0/meshes) by extension 'colcon_meta'
[0.574s] Level 1:colcon.colcon_core.package_identification:_identify(space_robotics_gz_envs/assets/cache/lunar_surface0/meshes) by extensions ['ros']
[0.574s] Level 1:colcon.colcon_core.package_identification:_identify(space_robotics_gz_envs/assets/cache/lunar_surface0/meshes) by extension 'ros'
[0.574s] Level 1:colcon.colcon_core.package_identification:_identify(space_robotics_gz_envs/assets/cache/lunar_surface0/meshes) by extensions ['cmake', 'python']
[0.574s] Level 1:colcon.colcon_core.package_identification:_identify(space_robotics_gz_envs/assets/cache/lunar_surface0/meshes) by extension 'cmake'
[0.574s] Level 1:colcon.colcon_core.package_identification:_identify(space_robotics_gz_envs/assets/cache/lunar_surface0/meshes) by extension 'python'
[0.574s] Level 1:colcon.colcon_core.package_identification:_identify(space_robotics_gz_envs/assets/cache/lunar_surface0/meshes) by extensions ['python_setup_py']
[0.574s] Level 1:colcon.colcon_core.package_identification:_identify(space_robotics_gz_envs/assets/cache/lunar_surface0/meshes) by extension 'python_setup_py'
[0.574s] Level 1:colcon.colcon_core.package_identification:_identify(space_robotics_gz_envs/assets/cache/lunar_surface0/thumbnails) by extensions ['ignore', 'ignore_ament_install']
[0.574s] Level 1:colcon.colcon_core.package_identification:_identify(space_robotics_gz_envs/assets/cache/lunar_surface0/thumbnails) by extension 'ignore'
[0.575s] Level 1:colcon.colcon_core.package_identification:_identify(space_robotics_gz_envs/assets/cache/lunar_surface0/thumbnails) by extension 'ignore_ament_install'
[0.575s] Level 1:colcon.colcon_core.package_identification:_identify(space_robotics_gz_envs/assets/cache/lunar_surface0/thumbnails) by extensions ['colcon_pkg']
[0.575s] Level 1:colcon.colcon_core.package_identification:_identify(space_robotics_gz_envs/assets/cache/lunar_surface0/thumbnails) by extension 'colcon_pkg'
[0.575s] Level 1:colcon.colcon_core.package_identification:_identify(space_robotics_gz_envs/assets/cache/lunar_surface0/thumbnails) by extensions ['colcon_meta']
[0.575s] Level 1:colcon.colcon_core.package_identification:_identify(space_robotics_gz_envs/assets/cache/lunar_surface0/thumbnails) by extension 'colcon_meta'
[0.575s] Level 1:colcon.colcon_core.package_identification:_identify(space_robotics_gz_envs/assets/cache/lunar_surface0/thumbnails) by extensions ['ros']
[0.575s] Level 1:colcon.colcon_core.package_identification:_identify(space_robotics_gz_envs/assets/cache/lunar_surface0/thumbnails) by extension 'ros'
[0.575s] Level 1:colcon.colcon_core.package_identification:_identify(space_robotics_gz_envs/assets/cache/lunar_surface0/thumbnails) by extensions ['cmake', 'python']
[0.575s] Level 1:colcon.colcon_core.package_identification:_identify(space_robotics_gz_envs/assets/cache/lunar_surface0/thumbnails) by extension 'cmake'
[0.575s] Level 1:colcon.colcon_core.package_identification:_identify(space_robotics_gz_envs/assets/cache/lunar_surface0/thumbnails) by extension 'python'
[0.575s] Level 1:colcon.colcon_core.package_identification:_identify(space_robotics_gz_envs/assets/cache/lunar_surface0/thumbnails) by extensions ['python_setup_py']
[0.575s] Level 1:colcon.colcon_core.package_identification:_identify(space_robotics_gz_envs/assets/cache/lunar_surface0/thumbnails) by extension 'python_setup_py'
[0.575s] Level 1:colcon.colcon_core.package_identification:_identify(space_robotics_gz_envs/assets/srb_assets) by extensions ['ignore', 'ignore_ament_install']
[0.575s] Level 1:colcon.colcon_core.package_identification:_identify(space_robotics_gz_envs/assets/srb_assets) by extension 'ignore'
[0.575s] Level 1:colcon.colcon_core.package_identification:_identify(space_robotics_gz_envs/assets/srb_assets) by extension 'ignore_ament_install'
[0.575s] Level 1:colcon.colcon_core.package_identification:_identify(space_robotics_gz_envs/assets/srb_assets) by extensions ['colcon_pkg']
[0.575s] Level 1:colcon.colcon_core.package_identification:_identify(space_robotics_gz_envs/assets/srb_assets) by extension 'colcon_pkg'
[0.575s] Level 1:colcon.colcon_core.package_identification:_identify(space_robotics_gz_envs/assets/srb_assets) by extensions ['colcon_meta']
[0.575s] Level 1:colcon.colcon_core.package_identification:_identify(space_robotics_gz_envs/assets/srb_assets) by extension 'colcon_meta'
[0.575s] Level 1:colcon.colcon_core.package_identification:_identify(space_robotics_gz_envs/assets/srb_assets) by extensions ['ros']
[0.575s] Level 1:colcon.colcon_core.package_identification:_identify(space_robotics_gz_envs/assets/srb_assets) by extension 'ros'
[0.575s] Level 1:colcon.colcon_core.package_identification:_identify(space_robotics_gz_envs/assets/srb_assets) by extensions ['cmake', 'python']
[0.575s] Level 1:colcon.colcon_core.package_identification:_identify(space_robotics_gz_envs/assets/srb_assets) by extension 'cmake'
[0.575s] Level 1:colcon.colcon_core.package_identification:_identify(space_robotics_gz_envs/assets/srb_assets) by extension 'python'
[0.575s] Level 1:colcon.colcon_core.package_identification:_identify(space_robotics_gz_envs/assets/srb_assets) by extensions ['python_setup_py']
[0.575s] Level 1:colcon.colcon_core.package_identification:_identify(space_robotics_gz_envs/assets/srb_assets) by extension 'python_setup_py'
[0.576s] Level 1:colcon.colcon_core.package_identification:_identify(space_robotics_gz_envs/assets/srb_assets/hdri) by extensions ['ignore', 'ignore_ament_install']
[0.576s] Level 1:colcon.colcon_core.package_identification:_identify(space_robotics_gz_envs/assets/srb_assets/hdri) by extension 'ignore'
[0.576s] Level 1:colcon.colcon_core.package_identification:_identify(space_robotics_gz_envs/assets/srb_assets/hdri) by extension 'ignore_ament_install'
[0.576s] Level 1:colcon.colcon_core.package_identification:_identify(space_robotics_gz_envs/assets/srb_assets/hdri) by extensions ['colcon_pkg']
[0.576s] Level 1:colcon.colcon_core.package_identification:_identify(space_robotics_gz_envs/assets/srb_assets/hdri) by extension 'colcon_pkg'
[0.576s] Level 1:colcon.colcon_core.package_identification:_identify(space_robotics_gz_envs/assets/srb_assets/hdri) by extensions ['colcon_meta']
[0.576s] Level 1:colcon.colcon_core.package_identification:_identify(space_robotics_gz_envs/assets/srb_assets/hdri) by extension 'colcon_meta'
[0.576s] Level 1:colcon.colcon_core.package_identification:_identify(space_robotics_gz_envs/assets/srb_assets/hdri) by extensions ['ros']
[0.576s] Level 1:colcon.colcon_core.package_identification:_identify(space_robotics_gz_envs/assets/srb_assets/hdri) by extension 'ros'
[0.576s] Level 1:colcon.colcon_core.package_identification:_identify(space_robotics_gz_envs/assets/srb_assets/hdri) by extensions ['cmake', 'python']
[0.576s] Level 1:colcon.colcon_core.package_identification:_identify(space_robotics_gz_envs/assets/srb_assets/hdri) by extension 'cmake'
[0.576s] Level 1:colcon.colcon_core.package_identification:_identify(space_robotics_gz_envs/assets/srb_assets/hdri) by extension 'python'
[0.576s] Level 1:colcon.colcon_core.package_identification:_identify(space_robotics_gz_envs/assets/srb_assets/hdri) by extensions ['python_setup_py']
[0.576s] Level 1:colcon.colcon_core.package_identification:_identify(space_robotics_gz_envs/assets/srb_assets/hdri) by extension 'python_setup_py'
[0.576s] Level 1:colcon.colcon_core.package_identification:_identify(space_robotics_gz_envs/assets/srb_assets/model) by extensions ['ignore', 'ignore_ament_install']
[0.576s] Level 1:colcon.colcon_core.package_identification:_identify(space_robotics_gz_envs/assets/srb_assets/model) by extension 'ignore'
[0.576s] Level 1:colcon.colcon_core.package_identification:_identify(space_robotics_gz_envs/assets/srb_assets/model) by extension 'ignore_ament_install'
[0.576s] Level 1:colcon.colcon_core.package_identification:_identify(space_robotics_gz_envs/assets/srb_assets/model) by extensions ['colcon_pkg']
[0.576s] Level 1:colcon.colcon_core.package_identification:_identify(space_robotics_gz_envs/assets/srb_assets/model) by extension 'colcon_pkg'
[0.576s] Level 1:colcon.colcon_core.package_identification:_identify(space_robotics_gz_envs/assets/srb_assets/model) by extensions ['colcon_meta']
[0.576s] Level 1:colcon.colcon_core.package_identification:_identify(space_robotics_gz_envs/assets/srb_assets/model) by extension 'colcon_meta'
[0.576s] Level 1:colcon.colcon_core.package_identification:_identify(space_robotics_gz_envs/assets/srb_assets/model) by extensions ['ros']
[0.576s] Level 1:colcon.colcon_core.package_identification:_identify(space_robotics_gz_envs/assets/srb_assets/model) by extension 'ros'
[0.577s] Level 1:colcon.colcon_core.package_identification:_identify(space_robotics_gz_envs/assets/srb_assets/model) by extensions ['cmake', 'python']
[0.577s] Level 1:colcon.colcon_core.package_identification:_identify(space_robotics_gz_envs/assets/srb_assets/model) by extension 'cmake'
[0.577s] Level 1:colcon.colcon_core.package_identification:_identify(space_robotics_gz_envs/assets/srb_assets/model) by extension 'python'
[0.577s] Level 1:colcon.colcon_core.package_identification:_identify(space_robotics_gz_envs/assets/srb_assets/model) by extensions ['python_setup_py']
[0.577s] Level 1:colcon.colcon_core.package_identification:_identify(space_robotics_gz_envs/assets/srb_assets/model) by extension 'python_setup_py'
[0.577s] Level 1:colcon.colcon_core.package_identification:_identify(space_robotics_gz_envs/assets/srb_assets/model/object) by extensions ['ignore', 'ignore_ament_install']
[0.577s] Level 1:colcon.colcon_core.package_identification:_identify(space_robotics_gz_envs/assets/srb_assets/model/object) by extension 'ignore'
[0.577s] Level 1:colcon.colcon_core.package_identification:_identify(space_robotics_gz_envs/assets/srb_assets/model/object) by extension 'ignore_ament_install'
[0.577s] Level 1:colcon.colcon_core.package_identification:_identify(space_robotics_gz_envs/assets/srb_assets/model/object) by extensions ['colcon_pkg']
[0.577s] Level 1:colcon.colcon_core.package_identification:_identify(space_robotics_gz_envs/assets/srb_assets/model/object) by extension 'colcon_pkg'
[0.577s] Level 1:colcon.colcon_core.package_identification:_identify(space_robotics_gz_envs/assets/srb_assets/model/object) by extensions ['colcon_meta']
[0.577s] Level 1:colcon.colcon_core.package_identification:_identify(space_robotics_gz_envs/assets/srb_assets/model/object) by extension 'colcon_meta'
[0.577s] Level 1:colcon.colcon_core.package_identification:_identify(space_robotics_gz_envs/assets/srb_assets/model/object) by extensions ['ros']
[0.577s] Level 1:colcon.colcon_core.package_identification:_identify(space_robotics_gz_envs/assets/srb_assets/model/object) by extension 'ros'
[0.578s] Level 1:colcon.colcon_core.package_identification:_identify(space_robotics_gz_envs/assets/srb_assets/model/object) by extensions ['cmake', 'python']
[0.578s] Level 1:colcon.colcon_core.package_identification:_identify(space_robotics_gz_envs/assets/srb_assets/model/object) by extension 'cmake'
[0.578s] Level 1:colcon.colcon_core.package_identification:_identify(space_robotics_gz_envs/assets/srb_assets/model/object) by extension 'python'
[0.578s] Level 1:colcon.colcon_core.package_identification:_identify(space_robotics_gz_envs/assets/srb_assets/model/object) by extensions ['python_setup_py']
[0.578s] Level 1:colcon.colcon_core.package_identification:_identify(space_robotics_gz_envs/assets/srb_assets/model/object) by extension 'python_setup_py'
[0.578s] Level 1:colcon.colcon_core.package_identification:_identify(space_robotics_gz_envs/assets/srb_assets/model/object/lunar_rock_procgen) by extensions ['ignore', 'ignore_ament_install']
[0.578s] Level 1:colcon.colcon_core.package_identification:_identify(space_robotics_gz_envs/assets/srb_assets/model/object/lunar_rock_procgen) by extension 'ignore'
[0.578s] Level 1:colcon.colcon_core.package_identification:_identify(space_robotics_gz_envs/assets/srb_assets/model/object/lunar_rock_procgen) by extension 'ignore_ament_install'
[0.578s] Level 1:colcon.colcon_core.package_identification:_identify(space_robotics_gz_envs/assets/srb_assets/model/object/lunar_rock_procgen) by extensions ['colcon_pkg']
[0.578s] Level 1:colcon.colcon_core.package_identification:_identify(space_robotics_gz_envs/assets/srb_assets/model/object/lunar_rock_procgen) by extension 'colcon_pkg'
[0.578s] Level 1:colcon.colcon_core.package_identification:_identify(space_robotics_gz_envs/assets/srb_assets/model/object/lunar_rock_procgen) by extensions ['colcon_meta']
[0.578s] Level 1:colcon.colcon_core.package_identification:_identify(space_robotics_gz_envs/assets/srb_assets/model/object/lunar_rock_procgen) by extension 'colcon_meta'
[0.578s] Level 1:colcon.colcon_core.package_identification:_identify(space_robotics_gz_envs/assets/srb_assets/model/object/lunar_rock_procgen) by extensions ['ros']
[0.578s] Level 1:colcon.colcon_core.package_identification:_identify(space_robotics_gz_envs/assets/srb_assets/model/object/lunar_rock_procgen) by extension 'ros'
[0.578s] Level 1:colcon.colcon_core.package_identification:_identify(space_robotics_gz_envs/assets/srb_assets/model/object/lunar_rock_procgen) by extensions ['cmake', 'python']
[0.578s] Level 1:colcon.colcon_core.package_identification:_identify(space_robotics_gz_envs/assets/srb_assets/model/object/lunar_rock_procgen) by extension 'cmake'
[0.578s] Level 1:colcon.colcon_core.package_identification:_identify(space_robotics_gz_envs/assets/srb_assets/model/object/lunar_rock_procgen) by extension 'python'
[0.578s] Level 1:colcon.colcon_core.package_identification:_identify(space_robotics_gz_envs/assets/srb_assets/model/object/lunar_rock_procgen) by extensions ['python_setup_py']
[0.578s] Level 1:colcon.colcon_core.package_identification:_identify(space_robotics_gz_envs/assets/srb_assets/model/object/lunar_rock_procgen) by extension 'python_setup_py'
[0.579s] Level 1:colcon.colcon_core.package_identification:_identify(space_robotics_gz_envs/assets/srb_assets/model/object/martian_rock_procgen) by extensions ['ignore', 'ignore_ament_install']
[0.579s] Level 1:colcon.colcon_core.package_identification:_identify(space_robotics_gz_envs/assets/srb_assets/model/object/martian_rock_procgen) by extension 'ignore'
[0.579s] Level 1:colcon.colcon_core.package_identification:_identify(space_robotics_gz_envs/assets/srb_assets/model/object/martian_rock_procgen) by extension 'ignore_ament_install'
[0.579s] Level 1:colcon.colcon_core.package_identification:_identify(space_robotics_gz_envs/assets/srb_assets/model/object/martian_rock_procgen) by extensions ['colcon_pkg']
[0.579s] Level 1:colcon.colcon_core.package_identification:_identify(space_robotics_gz_envs/assets/srb_assets/model/object/martian_rock_procgen) by extension 'colcon_pkg'
[0.579s] Level 1:colcon.colcon_core.package_identification:_identify(space_robotics_gz_envs/assets/srb_assets/model/object/martian_rock_procgen) by extensions ['colcon_meta']
[0.579s] Level 1:colcon.colcon_core.package_identification:_identify(space_robotics_gz_envs/assets/srb_assets/model/object/martian_rock_procgen) by extension 'colcon_meta'
[0.579s] Level 1:colcon.colcon_core.package_identification:_identify(space_robotics_gz_envs/assets/srb_assets/model/object/martian_rock_procgen) by extensions ['ros']
[0.579s] Level 1:colcon.colcon_core.package_identification:_identify(space_robotics_gz_envs/assets/srb_assets/model/object/martian_rock_procgen) by extension 'ros'
[0.579s] Level 1:colcon.colcon_core.package_identification:_identify(space_robotics_gz_envs/assets/srb_assets/model/object/martian_rock_procgen) by extensions ['cmake', 'python']
[0.579s] Level 1:colcon.colcon_core.package_identification:_identify(space_robotics_gz_envs/assets/srb_assets/model/object/martian_rock_procgen) by extension 'cmake'
[0.579s] Level 1:colcon.colcon_core.package_identification:_identify(space_robotics_gz_envs/assets/srb_assets/model/object/martian_rock_procgen) by extension 'python'
[0.579s] Level 1:colcon.colcon_core.package_identification:_identify(space_robotics_gz_envs/assets/srb_assets/model/object/martian_rock_procgen) by extensions ['python_setup_py']
[0.579s] Level 1:colcon.colcon_core.package_identification:_identify(space_robotics_gz_envs/assets/srb_assets/model/object/martian_rock_procgen) by extension 'python_setup_py'
[0.579s] Level 1:colcon.colcon_core.package_identification:_identify(space_robotics_gz_envs/assets/srb_assets/model/object/peg_in_hole_procgen) by extensions ['ignore', 'ignore_ament_install']
[0.579s] Level 1:colcon.colcon_core.package_identification:_identify(space_robotics_gz_envs/assets/srb_assets/model/object/peg_in_hole_procgen) by extension 'ignore'
[0.579s] Level 1:colcon.colcon_core.package_identification:_identify(space_robotics_gz_envs/assets/srb_assets/model/object/peg_in_hole_procgen) by extension 'ignore_ament_install'
[0.579s] Level 1:colcon.colcon_core.package_identification:_identify(space_robotics_gz_envs/assets/srb_assets/model/object/peg_in_hole_procgen) by extensions ['colcon_pkg']
[0.580s] Level 1:colcon.colcon_core.package_identification:_identify(space_robotics_gz_envs/assets/srb_assets/model/object/peg_in_hole_procgen) by extension 'colcon_pkg'
[0.580s] Level 1:colcon.colcon_core.package_identification:_identify(space_robotics_gz_envs/assets/srb_assets/model/object/peg_in_hole_procgen) by extensions ['colcon_meta']
[0.580s] Level 1:colcon.colcon_core.package_identification:_identify(space_robotics_gz_envs/assets/srb_assets/model/object/peg_in_hole_procgen) by extension 'colcon_meta'
[0.580s] Level 1:colcon.colcon_core.package_identification:_identify(space_robotics_gz_envs/assets/srb_assets/model/object/peg_in_hole_procgen) by extensions ['ros']
[0.580s] Level 1:colcon.colcon_core.package_identification:_identify(space_robotics_gz_envs/assets/srb_assets/model/object/peg_in_hole_procgen) by extension 'ros'
[0.580s] Level 1:colcon.colcon_core.package_identification:_identify(space_robotics_gz_envs/assets/srb_assets/model/object/peg_in_hole_procgen) by extensions ['cmake', 'python']
[0.580s] Level 1:colcon.colcon_core.package_identification:_identify(space_robotics_gz_envs/assets/srb_assets/model/object/peg_in_hole_procgen) by extension 'cmake'
[0.580s] Level 1:colcon.colcon_core.package_identification:_identify(space_robotics_gz_envs/assets/srb_assets/model/object/peg_in_hole_procgen) by extension 'python'
[0.580s] Level 1:colcon.colcon_core.package_identification:_identify(space_robotics_gz_envs/assets/srb_assets/model/object/peg_in_hole_procgen) by extensions ['python_setup_py']
[0.580s] Level 1:colcon.colcon_core.package_identification:_identify(space_robotics_gz_envs/assets/srb_assets/model/object/peg_in_hole_procgen) by extension 'python_setup_py'
[0.580s] Level 1:colcon.colcon_core.package_identification:_identify(space_robotics_gz_envs/assets/srb_assets/model/object/peg_in_hole_profile) by extensions ['ignore', 'ignore_ament_install']
[0.580s] Level 1:colcon.colcon_core.package_identification:_identify(space_robotics_gz_envs/assets/srb_assets/model/object/peg_in_hole_profile) by extension 'ignore'
[0.580s] Level 1:colcon.colcon_core.package_identification:_identify(space_robotics_gz_envs/assets/srb_assets/model/object/peg_in_hole_profile) by extension 'ignore_ament_install'
[0.580s] Level 1:colcon.colcon_core.package_identification:_identify(space_robotics_gz_envs/assets/srb_assets/model/object/peg_in_hole_profile) by extensions ['colcon_pkg']
[0.580s] Level 1:colcon.colcon_core.package_identification:_identify(space_robotics_gz_envs/assets/srb_assets/model/object/peg_in_hole_profile) by extension 'colcon_pkg'
[0.580s] Level 1:colcon.colcon_core.package_identification:_identify(space_robotics_gz_envs/assets/srb_assets/model/object/peg_in_hole_profile) by extensions ['colcon_meta']
[0.580s] Level 1:colcon.colcon_core.package_identification:_identify(space_robotics_gz_envs/assets/srb_assets/model/object/peg_in_hole_profile) by extension 'colcon_meta'
[0.580s] Level 1:colcon.colcon_core.package_identification:_identify(space_robotics_gz_envs/assets/srb_assets/model/object/peg_in_hole_profile) by extensions ['ros']
[0.580s] Level 1:colcon.colcon_core.package_identification:_identify(space_robotics_gz_envs/assets/srb_assets/model/object/peg_in_hole_profile) by extension 'ros'
[0.580s] Level 1:colcon.colcon_core.package_identification:_identify(space_robotics_gz_envs/assets/srb_assets/model/object/peg_in_hole_profile) by extensions ['cmake', 'python']
[0.580s] Level 1:colcon.colcon_core.package_identification:_identify(space_robotics_gz_envs/assets/srb_assets/model/object/peg_in_hole_profile) by extension 'cmake'
[0.580s] Level 1:colcon.colcon_core.package_identification:_identify(space_robotics_gz_envs/assets/srb_assets/model/object/peg_in_hole_profile) by extension 'python'
[0.580s] Level 1:colcon.colcon_core.package_identification:_identify(space_robotics_gz_envs/assets/srb_assets/model/object/peg_in_hole_profile) by extensions ['python_setup_py']
[0.580s] Level 1:colcon.colcon_core.package_identification:_identify(space_robotics_gz_envs/assets/srb_assets/model/object/peg_in_hole_profile) by extension 'python_setup_py'
[0.581s] Level 1:colcon.colcon_core.package_identification:_identify(space_robotics_gz_envs/assets/srb_assets/model/object/sample_tube) by extensions ['ignore', 'ignore_ament_install']
[0.581s] Level 1:colcon.colcon_core.package_identification:_identify(space_robotics_gz_envs/assets/srb_assets/model/object/sample_tube) by extension 'ignore'
[0.581s] Level 1:colcon.colcon_core.package_identification:_identify(space_robotics_gz_envs/assets/srb_assets/model/object/sample_tube) by extension 'ignore_ament_install'
[0.581s] Level 1:colcon.colcon_core.package_identification:_identify(space_robotics_gz_envs/assets/srb_assets/model/object/sample_tube) by extensions ['colcon_pkg']
[0.581s] Level 1:colcon.colcon_core.package_identification:_identify(space_robotics_gz_envs/assets/srb_assets/model/object/sample_tube) by extension 'colcon_pkg'
[0.581s] Level 1:colcon.colcon_core.package_identification:_identify(space_robotics_gz_envs/assets/srb_assets/model/object/sample_tube) by extensions ['colcon_meta']
[0.581s] Level 1:colcon.colcon_core.package_identification:_identify(space_robotics_gz_envs/assets/srb_assets/model/object/sample_tube) by extension 'colcon_meta'
[0.581s] Level 1:colcon.colcon_core.package_identification:_identify(space_robotics_gz_envs/assets/srb_assets/model/object/sample_tube) by extensions ['ros']
[0.581s] Level 1:colcon.colcon_core.package_identification:_identify(space_robotics_gz_envs/assets/srb_assets/model/object/sample_tube) by extension 'ros'
[0.581s] Level 1:colcon.colcon_core.package_identification:_identify(space_robotics_gz_envs/assets/srb_assets/model/object/sample_tube) by extensions ['cmake', 'python']
[0.581s] Level 1:colcon.colcon_core.package_identification:_identify(space_robotics_gz_envs/assets/srb_assets/model/object/sample_tube) by extension 'cmake'
[0.581s] Level 1:colcon.colcon_core.package_identification:_identify(space_robotics_gz_envs/assets/srb_assets/model/object/sample_tube) by extension 'python'
[0.581s] Level 1:colcon.colcon_core.package_identification:_identify(space_robotics_gz_envs/assets/srb_assets/model/object/sample_tube) by extensions ['python_setup_py']
[0.581s] Level 1:colcon.colcon_core.package_identification:_identify(space_robotics_gz_envs/assets/srb_assets/model/object/sample_tube) by extension 'python_setup_py'
[0.581s] Level 1:colcon.colcon_core.package_identification:_identify(space_robotics_gz_envs/assets/srb_assets/model/object/solar_panel) by extensions ['ignore', 'ignore_ament_install']
[0.581s] Level 1:colcon.colcon_core.package_identification:_identify(space_robotics_gz_envs/assets/srb_assets/model/object/solar_panel) by extension 'ignore'
[0.582s] Level 1:colcon.colcon_core.package_identification:_identify(space_robotics_gz_envs/assets/srb_assets/model/object/solar_panel) by extension 'ignore_ament_install'
[0.582s] Level 1:colcon.colcon_core.package_identification:_identify(space_robotics_gz_envs/assets/srb_assets/model/object/solar_panel) by extensions ['colcon_pkg']
[0.582s] Level 1:colcon.colcon_core.package_identification:_identify(space_robotics_gz_envs/assets/srb_assets/model/object/solar_panel) by extension 'colcon_pkg'
[0.582s] Level 1:colcon.colcon_core.package_identification:_identify(space_robotics_gz_envs/assets/srb_assets/model/object/solar_panel) by extensions ['colcon_meta']
[0.582s] Level 1:colcon.colcon_core.package_identification:_identify(space_robotics_gz_envs/assets/srb_assets/model/object/solar_panel) by extension 'colcon_meta'
[0.582s] Level 1:colcon.colcon_core.package_identification:_identify(space_robotics_gz_envs/assets/srb_assets/model/object/solar_panel) by extensions ['ros']
[0.582s] Level 1:colcon.colcon_core.package_identification:_identify(space_robotics_gz_envs/assets/srb_assets/model/object/solar_panel) by extension 'ros'
[0.582s] Level 1:colcon.colcon_core.package_identification:_identify(space_robotics_gz_envs/assets/srb_assets/model/object/solar_panel) by extensions ['cmake', 'python']
[0.582s] Level 1:colcon.colcon_core.package_identification:_identify(space_robotics_gz_envs/assets/srb_assets/model/object/solar_panel) by extension 'cmake'
[0.582s] Level 1:colcon.colcon_core.package_identification:_identify(space_robotics_gz_envs/assets/srb_assets/model/object/solar_panel) by extension 'python'
[0.582s] Level 1:colcon.colcon_core.package_identification:_identify(space_robotics_gz_envs/assets/srb_assets/model/object/solar_panel) by extensions ['python_setup_py']
[0.582s] Level 1:colcon.colcon_core.package_identification:_identify(space_robotics_gz_envs/assets/srb_assets/model/object/solar_panel) by extension 'python_setup_py'
[0.582s] Level 1:colcon.colcon_core.package_identification:_identify(space_robotics_gz_envs/assets/srb_assets/model/object/solar_panel/textures) by extensions ['ignore', 'ignore_ament_install']
[0.582s] Level 1:colcon.colcon_core.package_identification:_identify(space_robotics_gz_envs/assets/srb_assets/model/object/solar_panel/textures) by extension 'ignore'
[0.582s] Level 1:colcon.colcon_core.package_identification:_identify(space_robotics_gz_envs/assets/srb_assets/model/object/solar_panel/textures) by extension 'ignore_ament_install'
[0.582s] Level 1:colcon.colcon_core.package_identification:_identify(space_robotics_gz_envs/assets/srb_assets/model/object/solar_panel/textures) by extensions ['colcon_pkg']
[0.582s] Level 1:colcon.colcon_core.package_identification:_identify(space_robotics_gz_envs/assets/srb_assets/model/object/solar_panel/textures) by extension 'colcon_pkg'
[0.582s] Level 1:colcon.colcon_core.package_identification:_identify(space_robotics_gz_envs/assets/srb_assets/model/object/solar_panel/textures) by extensions ['colcon_meta']
[0.582s] Level 1:colcon.colcon_core.package_identification:_identify(space_robotics_gz_envs/assets/srb_assets/model/object/solar_panel/textures) by extension 'colcon_meta'
[0.582s] Level 1:colcon.colcon_core.package_identification:_identify(space_robotics_gz_envs/assets/srb_assets/model/object/solar_panel/textures) by extensions ['ros']
[0.582s] Level 1:colcon.colcon_core.package_identification:_identify(space_robotics_gz_envs/assets/srb_assets/model/object/solar_panel/textures) by extension 'ros'
[0.583s] Level 1:colcon.colcon_core.package_identification:_identify(space_robotics_gz_envs/assets/srb_assets/model/object/solar_panel/textures) by extensions ['cmake', 'python']
[0.583s] Level 1:colcon.colcon_core.package_identification:_identify(space_robotics_gz_envs/assets/srb_assets/model/object/solar_panel/textures) by extension 'cmake'
[0.583s] Level 1:colcon.colcon_core.package_identification:_identify(space_robotics_gz_envs/assets/srb_assets/model/object/solar_panel/textures) by extension 'python'
[0.583s] Level 1:colcon.colcon_core.package_identification:_identify(space_robotics_gz_envs/assets/srb_assets/model/object/solar_panel/textures) by extensions ['python_setup_py']
[0.583s] Level 1:colcon.colcon_core.package_identification:_identify(space_robotics_gz_envs/assets/srb_assets/model/object/solar_panel/textures) by extension 'python_setup_py'
[0.583s] Level 1:colcon.colcon_core.package_identification:_identify(space_robotics_gz_envs/assets/srb_assets/model/object/solar_panel_procgen) by extensions ['ignore', 'ignore_ament_install']
[0.583s] Level 1:colcon.colcon_core.package_identification:_identify(space_robotics_gz_envs/assets/srb_assets/model/object/solar_panel_procgen) by extension 'ignore'
[0.583s] Level 1:colcon.colcon_core.package_identification:_identify(space_robotics_gz_envs/assets/srb_assets/model/object/solar_panel_procgen) by extension 'ignore_ament_install'
[0.583s] Level 1:colcon.colcon_core.package_identification:_identify(space_robotics_gz_envs/assets/srb_assets/model/object/solar_panel_procgen) by extensions ['colcon_pkg']
[0.583s] Level 1:colcon.colcon_core.package_identification:_identify(space_robotics_gz_envs/assets/srb_assets/model/object/solar_panel_procgen) by extension 'colcon_pkg'
[0.583s] Level 1:colcon.colcon_core.package_identification:_identify(space_robotics_gz_envs/assets/srb_assets/model/object/solar_panel_procgen) by extensions ['colcon_meta']
[0.583s] Level 1:colcon.colcon_core.package_identification:_identify(space_robotics_gz_envs/assets/srb_assets/model/object/solar_panel_procgen) by extension 'colcon_meta'
[0.583s] Level 1:colcon.colcon_core.package_identification:_identify(space_robotics_gz_envs/assets/srb_assets/model/object/solar_panel_procgen) by extensions ['ros']
[0.583s] Level 1:colcon.colcon_core.package_identification:_identify(space_robotics_gz_envs/assets/srb_assets/model/object/solar_panel_procgen) by extension 'ros'
[0.583s] Level 1:colcon.colcon_core.package_identification:_identify(space_robotics_gz_envs/assets/srb_assets/model/object/solar_panel_procgen) by extensions ['cmake', 'python']
[0.583s] Level 1:colcon.colcon_core.package_identification:_identify(space_robotics_gz_envs/assets/srb_assets/model/object/solar_panel_procgen) by extension 'cmake'
[0.583s] Level 1:colcon.colcon_core.package_identification:_identify(space_robotics_gz_envs/assets/srb_assets/model/object/solar_panel_procgen) by extension 'python'
[0.583s] Level 1:colcon.colcon_core.package_identification:_identify(space_robotics_gz_envs/assets/srb_assets/model/object/solar_panel_procgen) by extensions ['python_setup_py']
[0.583s] Level 1:colcon.colcon_core.package_identification:_identify(space_robotics_gz_envs/assets/srb_assets/model/object/solar_panel_procgen) by extension 'python_setup_py'
[0.584s] Level 1:colcon.colcon_core.package_identification:_identify(space_robotics_gz_envs/assets/srb_assets/model/robot) by extensions ['ignore', 'ignore_ament_install']
[0.584s] Level 1:colcon.colcon_core.package_identification:_identify(space_robotics_gz_envs/assets/srb_assets/model/robot) by extension 'ignore'
[0.584s] Level 1:colcon.colcon_core.package_identification:_identify(space_robotics_gz_envs/assets/srb_assets/model/robot) by extension 'ignore_ament_install'
[0.584s] Level 1:colcon.colcon_core.package_identification:_identify(space_robotics_gz_envs/assets/srb_assets/model/robot) by extensions ['colcon_pkg']
[0.584s] Level 1:colcon.colcon_core.package_identification:_identify(space_robotics_gz_envs/assets/srb_assets/model/robot) by extension 'colcon_pkg'
[0.584s] Level 1:colcon.colcon_core.package_identification:_identify(space_robotics_gz_envs/assets/srb_assets/model/robot) by extensions ['colcon_meta']
[0.584s] Level 1:colcon.colcon_core.package_identification:_identify(space_robotics_gz_envs/assets/srb_assets/model/robot) by extension 'colcon_meta'
[0.584s] Level 1:colcon.colcon_core.package_identification:_identify(space_robotics_gz_envs/assets/srb_assets/model/robot) by extensions ['ros']
[0.584s] Level 1:colcon.colcon_core.package_identification:_identify(space_robotics_gz_envs/assets/srb_assets/model/robot) by extension 'ros'
[0.584s] Level 1:colcon.colcon_core.package_identification:_identify(space_robotics_gz_envs/assets/srb_assets/model/robot) by extensions ['cmake', 'python']
[0.584s] Level 1:colcon.colcon_core.package_identification:_identify(space_robotics_gz_envs/assets/srb_assets/model/robot) by extension 'cmake'
[0.584s] Level 1:colcon.colcon_core.package_identification:_identify(space_robotics_gz_envs/assets/srb_assets/model/robot) by extension 'python'
[0.584s] Level 1:colcon.colcon_core.package_identification:_identify(space_robotics_gz_envs/assets/srb_assets/model/robot) by extensions ['python_setup_py']
[0.584s] Level 1:colcon.colcon_core.package_identification:_identify(space_robotics_gz_envs/assets/srb_assets/model/robot) by extension 'python_setup_py'
[0.584s] Level 1:colcon.colcon_core.package_identification:_identify(space_robotics_gz_envs/assets/srb_assets/model/robot/canadarm3_large) by extensions ['ignore', 'ignore_ament_install']
[0.584s] Level 1:colcon.colcon_core.package_identification:_identify(space_robotics_gz_envs/assets/srb_assets/model/robot/canadarm3_large) by extension 'ignore'
[0.584s] Level 1:colcon.colcon_core.package_identification:_identify(space_robotics_gz_envs/assets/srb_assets/model/robot/canadarm3_large) by extension 'ignore_ament_install'
[0.584s] Level 1:colcon.colcon_core.package_identification:_identify(space_robotics_gz_envs/assets/srb_assets/model/robot/canadarm3_large) by extensions ['colcon_pkg']
[0.585s] Level 1:colcon.colcon_core.package_identification:_identify(space_robotics_gz_envs/assets/srb_assets/model/robot/canadarm3_large) by extension 'colcon_pkg'
[0.585s] Level 1:colcon.colcon_core.package_identification:_identify(space_robotics_gz_envs/assets/srb_assets/model/robot/canadarm3_large) by extensions ['colcon_meta']
[0.585s] Level 1:colcon.colcon_core.package_identification:_identify(space_robotics_gz_envs/assets/srb_assets/model/robot/canadarm3_large) by extension 'colcon_meta'
[0.585s] Level 1:colcon.colcon_core.package_identification:_identify(space_robotics_gz_envs/assets/srb_assets/model/robot/canadarm3_large) by extensions ['ros']
[0.585s] Level 1:colcon.colcon_core.package_identification:_identify(space_robotics_gz_envs/assets/srb_assets/model/robot/canadarm3_large) by extension 'ros'
[0.585s] Level 1:colcon.colcon_core.package_identification:_identify(space_robotics_gz_envs/assets/srb_assets/model/robot/canadarm3_large) by extensions ['cmake', 'python']
[0.585s] Level 1:colcon.colcon_core.package_identification:_identify(space_robotics_gz_envs/assets/srb_assets/model/robot/canadarm3_large) by extension 'cmake'
[0.585s] Level 1:colcon.colcon_core.package_identification:_identify(space_robotics_gz_envs/assets/srb_assets/model/robot/canadarm3_large) by extension 'python'
[0.585s] Level 1:colcon.colcon_core.package_identification:_identify(space_robotics_gz_envs/assets/srb_assets/model/robot/canadarm3_large) by extensions ['python_setup_py']
[0.585s] Level 1:colcon.colcon_core.package_identification:_identify(space_robotics_gz_envs/assets/srb_assets/model/robot/canadarm3_large) by extension 'python_setup_py'
[0.585s] Level 1:colcon.colcon_core.package_identification:_identify(space_robotics_gz_envs/assets/srb_assets/model/robot/canadarm3_large/textures) by extensions ['ignore', 'ignore_ament_install']
[0.585s] Level 1:colcon.colcon_core.package_identification:_identify(space_robotics_gz_envs/assets/srb_assets/model/robot/canadarm3_large/textures) by extension 'ignore'
[0.585s] Level 1:colcon.colcon_core.package_identification:_identify(space_robotics_gz_envs/assets/srb_assets/model/robot/canadarm3_large/textures) by extension 'ignore_ament_install'
[0.585s] Level 1:colcon.colcon_core.package_identification:_identify(space_robotics_gz_envs/assets/srb_assets/model/robot/canadarm3_large/textures) by extensions ['colcon_pkg']
[0.585s] Level 1:colcon.colcon_core.package_identification:_identify(space_robotics_gz_envs/assets/srb_assets/model/robot/canadarm3_large/textures) by extension 'colcon_pkg'
[0.585s] Level 1:colcon.colcon_core.package_identification:_identify(space_robotics_gz_envs/assets/srb_assets/model/robot/canadarm3_large/textures) by extensions ['colcon_meta']
[0.585s] Level 1:colcon.colcon_core.package_identification:_identify(space_robotics_gz_envs/assets/srb_assets/model/robot/canadarm3_large/textures) by extension 'colcon_meta'
[0.585s] Level 1:colcon.colcon_core.package_identification:_identify(space_robotics_gz_envs/assets/srb_assets/model/robot/canadarm3_large/textures) by extensions ['ros']
[0.585s] Level 1:colcon.colcon_core.package_identification:_identify(space_robotics_gz_envs/assets/srb_assets/model/robot/canadarm3_large/textures) by extension 'ros'
[0.586s] Level 1:colcon.colcon_core.package_identification:_identify(space_robotics_gz_envs/assets/srb_assets/model/robot/canadarm3_large/textures) by extensions ['cmake', 'python']
[0.586s] Level 1:colcon.colcon_core.package_identification:_identify(space_robotics_gz_envs/assets/srb_assets/model/robot/canadarm3_large/textures) by extension 'cmake'
[0.586s] Level 1:colcon.colcon_core.package_identification:_identify(space_robotics_gz_envs/assets/srb_assets/model/robot/canadarm3_large/textures) by extension 'python'
[0.586s] Level 1:colcon.colcon_core.package_identification:_identify(space_robotics_gz_envs/assets/srb_assets/model/robot/canadarm3_large/textures) by extensions ['python_setup_py']
[0.586s] Level 1:colcon.colcon_core.package_identification:_identify(space_robotics_gz_envs/assets/srb_assets/model/robot/canadarm3_large/textures) by extension 'python_setup_py'
[0.586s] Level 1:colcon.colcon_core.package_identification:_identify(space_robotics_gz_envs/assets/srb_assets/model/robot/franka) by extensions ['ignore', 'ignore_ament_install']
[0.586s] Level 1:colcon.colcon_core.package_identification:_identify(space_robotics_gz_envs/assets/srb_assets/model/robot/franka) by extension 'ignore'
[0.586s] Level 1:colcon.colcon_core.package_identification:_identify(space_robotics_gz_envs/assets/srb_assets/model/robot/franka) by extension 'ignore_ament_install'
[0.586s] Level 1:colcon.colcon_core.package_identification:_identify(space_robotics_gz_envs/assets/srb_assets/model/robot/franka) by extensions ['colcon_pkg']
[0.586s] Level 1:colcon.colcon_core.package_identification:_identify(space_robotics_gz_envs/assets/srb_assets/model/robot/franka) by extension 'colcon_pkg'
[0.586s] Level 1:colcon.colcon_core.package_identification:_identify(space_robotics_gz_envs/assets/srb_assets/model/robot/franka) by extensions ['colcon_meta']
[0.586s] Level 1:colcon.colcon_core.package_identification:_identify(space_robotics_gz_envs/assets/srb_assets/model/robot/franka) by extension 'colcon_meta'
[0.586s] Level 1:colcon.colcon_core.package_identification:_identify(space_robotics_gz_envs/assets/srb_assets/model/robot/franka) by extensions ['ros']
[0.586s] Level 1:colcon.colcon_core.package_identification:_identify(space_robotics_gz_envs/assets/srb_assets/model/robot/franka) by extension 'ros'
[0.586s] Level 1:colcon.colcon_core.package_identification:_identify(space_robotics_gz_envs/assets/srb_assets/model/robot/franka) by extensions ['cmake', 'python']
[0.586s] Level 1:colcon.colcon_core.package_identification:_identify(space_robotics_gz_envs/assets/srb_assets/model/robot/franka) by extension 'cmake'
[0.586s] Level 1:colcon.colcon_core.package_identification:_identify(space_robotics_gz_envs/assets/srb_assets/model/robot/franka) by extension 'python'
[0.586s] Level 1:colcon.colcon_core.package_identification:_identify(space_robotics_gz_envs/assets/srb_assets/model/robot/franka) by extensions ['python_setup_py']
[0.586s] Level 1:colcon.colcon_core.package_identification:_identify(space_robotics_gz_envs/assets/srb_assets/model/robot/franka) by extension 'python_setup_py'
[0.586s] Level 1:colcon.colcon_core.package_identification:_identify(space_robotics_gz_envs/assets/srb_assets/model/robot/ingenuity) by extensions ['ignore', 'ignore_ament_install']
[0.587s] Level 1:colcon.colcon_core.package_identification:_identify(space_robotics_gz_envs/assets/srb_assets/model/robot/ingenuity) by extension 'ignore'
[0.587s] Level 1:colcon.colcon_core.package_identification:_identify(space_robotics_gz_envs/assets/srb_assets/model/robot/ingenuity) by extension 'ignore_ament_install'
[0.587s] Level 1:colcon.colcon_core.package_identification:_identify(space_robotics_gz_envs/assets/srb_assets/model/robot/ingenuity) by extensions ['colcon_pkg']
[0.587s] Level 1:colcon.colcon_core.package_identification:_identify(space_robotics_gz_envs/assets/srb_assets/model/robot/ingenuity) by extension 'colcon_pkg'
[0.587s] Level 1:colcon.colcon_core.package_identification:_identify(space_robotics_gz_envs/assets/srb_assets/model/robot/ingenuity) by extensions ['colcon_meta']
[0.587s] Level 1:colcon.colcon_core.package_identification:_identify(space_robotics_gz_envs/assets/srb_assets/model/robot/ingenuity) by extension 'colcon_meta'
[0.587s] Level 1:colcon.colcon_core.package_identification:_identify(space_robotics_gz_envs/assets/srb_assets/model/robot/ingenuity) by extensions ['ros']
[0.587s] Level 1:colcon.colcon_core.package_identification:_identify(space_robotics_gz_envs/assets/srb_assets/model/robot/ingenuity) by extension 'ros'
[0.587s] Level 1:colcon.colcon_core.package_identification:_identify(space_robotics_gz_envs/assets/srb_assets/model/robot/ingenuity) by extensions ['cmake', 'python']
[0.587s] Level 1:colcon.colcon_core.package_identification:_identify(space_robotics_gz_envs/assets/srb_assets/model/robot/ingenuity) by extension 'cmake'
[0.587s] Level 1:colcon.colcon_core.package_identification:_identify(space_robotics_gz_envs/assets/srb_assets/model/robot/ingenuity) by extension 'python'
[0.587s] Level 1:colcon.colcon_core.package_identification:_identify(space_robotics_gz_envs/assets/srb_assets/model/robot/ingenuity) by extensions ['python_setup_py']
[0.587s] Level 1:colcon.colcon_core.package_identification:_identify(space_robotics_gz_envs/assets/srb_assets/model/robot/ingenuity) by extension 'python_setup_py'
[0.587s] Level 1:colcon.colcon_core.package_identification:_identify(space_robotics_gz_envs/assets/srb_assets/model/robot/ingenuity/textures) by extensions ['ignore', 'ignore_ament_install']
[0.587s] Level 1:colcon.colcon_core.package_identification:_identify(space_robotics_gz_envs/assets/srb_assets/model/robot/ingenuity/textures) by extension 'ignore'
[0.587s] Level 1:colcon.colcon_core.package_identification:_identify(space_robotics_gz_envs/assets/srb_assets/model/robot/ingenuity/textures) by extension 'ignore_ament_install'
[0.587s] Level 1:colcon.colcon_core.package_identification:_identify(space_robotics_gz_envs/assets/srb_assets/model/robot/ingenuity/textures) by extensions ['colcon_pkg']
[0.588s] Level 1:colcon.colcon_core.package_identification:_identify(space_robotics_gz_envs/assets/srb_assets/model/robot/ingenuity/textures) by extension 'colcon_pkg'
[0.588s] Level 1:colcon.colcon_core.package_identification:_identify(space_robotics_gz_envs/assets/srb_assets/model/robot/ingenuity/textures) by extensions ['colcon_meta']
[0.588s] Level 1:colcon.colcon_core.package_identification:_identify(space_robotics_gz_envs/assets/srb_assets/model/robot/ingenuity/textures) by extension 'colcon_meta'
[0.588s] Level 1:colcon.colcon_core.package_identification:_identify(space_robotics_gz_envs/assets/srb_assets/model/robot/ingenuity/textures) by extensions ['ros']
[0.588s] Level 1:colcon.colcon_core.package_identification:_identify(space_robotics_gz_envs/assets/srb_assets/model/robot/ingenuity/textures) by extension 'ros'
[0.588s] Level 1:colcon.colcon_core.package_identification:_identify(space_robotics_gz_envs/assets/srb_assets/model/robot/ingenuity/textures) by extensions ['cmake', 'python']
[0.588s] Level 1:colcon.colcon_core.package_identification:_identify(space_robotics_gz_envs/assets/srb_assets/model/robot/ingenuity/textures) by extension 'cmake'
[0.588s] Level 1:colcon.colcon_core.package_identification:_identify(space_robotics_gz_envs/assets/srb_assets/model/robot/ingenuity/textures) by extension 'python'
[0.588s] Level 1:colcon.colcon_core.package_identification:_identify(space_robotics_gz_envs/assets/srb_assets/model/robot/ingenuity/textures) by extensions ['python_setup_py']
[0.588s] Level 1:colcon.colcon_core.package_identification:_identify(space_robotics_gz_envs/assets/srb_assets/model/robot/ingenuity/textures) by extension 'python_setup_py'
[0.588s] Level 1:colcon.colcon_core.package_identification:_identify(space_robotics_gz_envs/assets/srb_assets/model/robot/perseverance) by extensions ['ignore', 'ignore_ament_install']
[0.588s] Level 1:colcon.colcon_core.package_identification:_identify(space_robotics_gz_envs/assets/srb_assets/model/robot/perseverance) by extension 'ignore'
[0.588s] Level 1:colcon.colcon_core.package_identification:_identify(space_robotics_gz_envs/assets/srb_assets/model/robot/perseverance) by extension 'ignore_ament_install'
[0.588s] Level 1:colcon.colcon_core.package_identification:_identify(space_robotics_gz_envs/assets/srb_assets/model/robot/perseverance) by extensions ['colcon_pkg']
[0.588s] Level 1:colcon.colcon_core.package_identification:_identify(space_robotics_gz_envs/assets/srb_assets/model/robot/perseverance) by extension 'colcon_pkg'
[0.588s] Level 1:colcon.colcon_core.package_identification:_identify(space_robotics_gz_envs/assets/srb_assets/model/robot/perseverance) by extensions ['colcon_meta']
[0.588s] Level 1:colcon.colcon_core.package_identification:_identify(space_robotics_gz_envs/assets/srb_assets/model/robot/perseverance) by extension 'colcon_meta'
[0.588s] Level 1:colcon.colcon_core.package_identification:_identify(space_robotics_gz_envs/assets/srb_assets/model/robot/perseverance) by extensions ['ros']
[0.588s] Level 1:colcon.colcon_core.package_identification:_identify(space_robotics_gz_envs/assets/srb_assets/model/robot/perseverance) by extension 'ros'
[0.588s] Level 1:colcon.colcon_core.package_identification:_identify(space_robotics_gz_envs/assets/srb_assets/model/robot/perseverance) by extensions ['cmake', 'python']
[0.588s] Level 1:colcon.colcon_core.package_identification:_identify(space_robotics_gz_envs/assets/srb_assets/model/robot/perseverance) by extension 'cmake'
[0.588s] Level 1:colcon.colcon_core.package_identification:_identify(space_robotics_gz_envs/assets/srb_assets/model/robot/perseverance) by extension 'python'
[0.589s] Level 1:colcon.colcon_core.package_identification:_identify(space_robotics_gz_envs/assets/srb_assets/model/robot/perseverance) by extensions ['python_setup_py']
[0.589s] Level 1:colcon.colcon_core.package_identification:_identify(space_robotics_gz_envs/assets/srb_assets/model/robot/perseverance) by extension 'python_setup_py'
[0.589s] Level 1:colcon.colcon_core.package_identification:_identify(space_robotics_gz_envs/assets/srb_assets/model/robot/perseverance/textures) by extensions ['ignore', 'ignore_ament_install']
[0.589s] Level 1:colcon.colcon_core.package_identification:_identify(space_robotics_gz_envs/assets/srb_assets/model/robot/perseverance/textures) by extension 'ignore'
[0.589s] Level 1:colcon.colcon_core.package_identification:_identify(space_robotics_gz_envs/assets/srb_assets/model/robot/perseverance/textures) by extension 'ignore_ament_install'
[0.589s] Level 1:colcon.colcon_core.package_identification:_identify(space_robotics_gz_envs/assets/srb_assets/model/robot/perseverance/textures) by extensions ['colcon_pkg']
[0.589s] Level 1:colcon.colcon_core.package_identification:_identify(space_robotics_gz_envs/assets/srb_assets/model/robot/perseverance/textures) by extension 'colcon_pkg'
[0.589s] Level 1:colcon.colcon_core.package_identification:_identify(space_robotics_gz_envs/assets/srb_assets/model/robot/perseverance/textures) by extensions ['colcon_meta']
[0.589s] Level 1:colcon.colcon_core.package_identification:_identify(space_robotics_gz_envs/assets/srb_assets/model/robot/perseverance/textures) by extension 'colcon_meta'
[0.589s] Level 1:colcon.colcon_core.package_identification:_identify(space_robotics_gz_envs/assets/srb_assets/model/robot/perseverance/textures) by extensions ['ros']
[0.589s] Level 1:colcon.colcon_core.package_identification:_identify(space_robotics_gz_envs/assets/srb_assets/model/robot/perseverance/textures) by extension 'ros'
[0.589s] Level 1:colcon.colcon_core.package_identification:_identify(space_robotics_gz_envs/assets/srb_assets/model/robot/perseverance/textures) by extensions ['cmake', 'python']
[0.589s] Level 1:colcon.colcon_core.package_identification:_identify(space_robotics_gz_envs/assets/srb_assets/model/robot/perseverance/textures) by extension 'cmake'
[0.589s] Level 1:colcon.colcon_core.package_identification:_identify(space_robotics_gz_envs/assets/srb_assets/model/robot/perseverance/textures) by extension 'python'
[0.589s] Level 1:colcon.colcon_core.package_identification:_identify(space_robotics_gz_envs/assets/srb_assets/model/robot/perseverance/textures) by extensions ['python_setup_py']
[0.589s] Level 1:colcon.colcon_core.package_identification:_identify(space_robotics_gz_envs/assets/srb_assets/model/robot/perseverance/textures) by extension 'python_setup_py'
[0.589s] Level 1:colcon.colcon_core.package_identification:_identify(space_robotics_gz_envs/assets/srb_assets/model/terrain) by extensions ['ignore', 'ignore_ament_install']
[0.589s] Level 1:colcon.colcon_core.package_identification:_identify(space_robotics_gz_envs/assets/srb_assets/model/terrain) by extension 'ignore'
[0.590s] Level 1:colcon.colcon_core.package_identification:_identify(space_robotics_gz_envs/assets/srb_assets/model/terrain) by extension 'ignore_ament_install'
[0.590s] Level 1:colcon.colcon_core.package_identification:_identify(space_robotics_gz_envs/assets/srb_assets/model/terrain) by extensions ['colcon_pkg']
[0.590s] Level 1:colcon.colcon_core.package_identification:_identify(space_robotics_gz_envs/assets/srb_assets/model/terrain) by extension 'colcon_pkg'
[0.590s] Level 1:colcon.colcon_core.package_identification:_identify(space_robotics_gz_envs/assets/srb_assets/model/terrain) by extensions ['colcon_meta']
[0.590s] Level 1:colcon.colcon_core.package_identification:_identify(space_robotics_gz_envs/assets/srb_assets/model/terrain) by extension 'colcon_meta'
[0.590s] Level 1:colcon.colcon_core.package_identification:_identify(space_robotics_gz_envs/assets/srb_assets/model/terrain) by extensions ['ros']
[0.590s] Level 1:colcon.colcon_core.package_identification:_identify(space_robotics_gz_envs/assets/srb_assets/model/terrain) by extension 'ros'
[0.590s] Level 1:colcon.colcon_core.package_identification:_identify(space_robotics_gz_envs/assets/srb_assets/model/terrain) by extensions ['cmake', 'python']
[0.590s] Level 1:colcon.colcon_core.package_identification:_identify(space_robotics_gz_envs/assets/srb_assets/model/terrain) by extension 'cmake'
[0.590s] Level 1:colcon.colcon_core.package_identification:_identify(space_robotics_gz_envs/assets/srb_assets/model/terrain) by extension 'python'
[0.590s] Level 1:colcon.colcon_core.package_identification:_identify(space_robotics_gz_envs/assets/srb_assets/model/terrain) by extensions ['python_setup_py']
[0.590s] Level 1:colcon.colcon_core.package_identification:_identify(space_robotics_gz_envs/assets/srb_assets/model/terrain) by extension 'python_setup_py'
[0.590s] Level 1:colcon.colcon_core.package_identification:_identify(space_robotics_gz_envs/assets/srb_assets/model/terrain/lunar_surface_procgen) by extensions ['ignore', 'ignore_ament_install']
[0.590s] Level 1:colcon.colcon_core.package_identification:_identify(space_robotics_gz_envs/assets/srb_assets/model/terrain/lunar_surface_procgen) by extension 'ignore'
[0.590s] Level 1:colcon.colcon_core.package_identification:_identify(space_robotics_gz_envs/assets/srb_assets/model/terrain/lunar_surface_procgen) by extension 'ignore_ament_install'
[0.590s] Level 1:colcon.colcon_core.package_identification:_identify(space_robotics_gz_envs/assets/srb_assets/model/terrain/lunar_surface_procgen) by extensions ['colcon_pkg']
[0.590s] Level 1:colcon.colcon_core.package_identification:_identify(space_robotics_gz_envs/assets/srb_assets/model/terrain/lunar_surface_procgen) by extension 'colcon_pkg'
[0.590s] Level 1:colcon.colcon_core.package_identification:_identify(space_robotics_gz_envs/assets/srb_assets/model/terrain/lunar_surface_procgen) by extensions ['colcon_meta']
[0.590s] Level 1:colcon.colcon_core.package_identification:_identify(space_robotics_gz_envs/assets/srb_assets/model/terrain/lunar_surface_procgen) by extension 'colcon_meta'
[0.590s] Level 1:colcon.colcon_core.package_identification:_identify(space_robotics_gz_envs/assets/srb_assets/model/terrain/lunar_surface_procgen) by extensions ['ros']
[0.590s] Level 1:colcon.colcon_core.package_identification:_identify(space_robotics_gz_envs/assets/srb_assets/model/terrain/lunar_surface_procgen) by extension 'ros'
[0.590s] Level 1:colcon.colcon_core.package_identification:_identify(space_robotics_gz_envs/assets/srb_assets/model/terrain/lunar_surface_procgen) by extensions ['cmake', 'python']
[0.590s] Level 1:colcon.colcon_core.package_identification:_identify(space_robotics_gz_envs/assets/srb_assets/model/terrain/lunar_surface_procgen) by extension 'cmake'
[0.590s] Level 1:colcon.colcon_core.package_identification:_identify(space_robotics_gz_envs/assets/srb_assets/model/terrain/lunar_surface_procgen) by extension 'python'
[0.591s] Level 1:colcon.colcon_core.package_identification:_identify(space_robotics_gz_envs/assets/srb_assets/model/terrain/lunar_surface_procgen) by extensions ['python_setup_py']
[0.591s] Level 1:colcon.colcon_core.package_identification:_identify(space_robotics_gz_envs/assets/srb_assets/model/terrain/lunar_surface_procgen) by extension 'python_setup_py'
[0.591s] Level 1:colcon.colcon_core.package_identification:_identify(space_robotics_gz_envs/assets/srb_assets/model/terrain/martian_surface_procgen) by extensions ['ignore', 'ignore_ament_install']
[0.591s] Level 1:colcon.colcon_core.package_identification:_identify(space_robotics_gz_envs/assets/srb_assets/model/terrain/martian_surface_procgen) by extension 'ignore'
[0.591s] Level 1:colcon.colcon_core.package_identification:_identify(space_robotics_gz_envs/assets/srb_assets/model/terrain/martian_surface_procgen) by extension 'ignore_ament_install'
[0.591s] Level 1:colcon.colcon_core.package_identification:_identify(space_robotics_gz_envs/assets/srb_assets/model/terrain/martian_surface_procgen) by extensions ['colcon_pkg']
[0.591s] Level 1:colcon.colcon_core.package_identification:_identify(space_robotics_gz_envs/assets/srb_assets/model/terrain/martian_surface_procgen) by extension 'colcon_pkg'
[0.591s] Level 1:colcon.colcon_core.package_identification:_identify(space_robotics_gz_envs/assets/srb_assets/model/terrain/martian_surface_procgen) by extensions ['colcon_meta']
[0.591s] Level 1:colcon.colcon_core.package_identification:_identify(space_robotics_gz_envs/assets/srb_assets/model/terrain/martian_surface_procgen) by extension 'colcon_meta'
[0.591s] Level 1:colcon.colcon_core.package_identification:_identify(space_robotics_gz_envs/assets/srb_assets/model/terrain/martian_surface_procgen) by extensions ['ros']
[0.591s] Level 1:colcon.colcon_core.package_identification:_identify(space_robotics_gz_envs/assets/srb_assets/model/terrain/martian_surface_procgen) by extension 'ros'
[0.591s] Level 1:colcon.colcon_core.package_identification:_identify(space_robotics_gz_envs/assets/srb_assets/model/terrain/martian_surface_procgen) by extensions ['cmake', 'python']
[0.591s] Level 1:colcon.colcon_core.package_identification:_identify(space_robotics_gz_envs/assets/srb_assets/model/terrain/martian_surface_procgen) by extension 'cmake'
[0.591s] Level 1:colcon.colcon_core.package_identification:_identify(space_robotics_gz_envs/assets/srb_assets/model/terrain/martian_surface_procgen) by extension 'python'
[0.591s] Level 1:colcon.colcon_core.package_identification:_identify(space_robotics_gz_envs/assets/srb_assets/model/terrain/martian_surface_procgen) by extensions ['python_setup_py']
[0.591s] Level 1:colcon.colcon_core.package_identification:_identify(space_robotics_gz_envs/assets/srb_assets/model/terrain/martian_surface_procgen) by extension 'python_setup_py'
[0.591s] Level 1:colcon.colcon_core.package_identification:_identify(space_robotics_gz_envs/assets/srb_assets/model/vehicle) by extensions ['ignore', 'ignore_ament_install']
[0.591s] Level 1:colcon.colcon_core.package_identification:_identify(space_robotics_gz_envs/assets/srb_assets/model/vehicle) by extension 'ignore'
[0.591s] Level 1:colcon.colcon_core.package_identification:_identify(space_robotics_gz_envs/assets/srb_assets/model/vehicle) by extension 'ignore_ament_install'
[0.591s] Level 1:colcon.colcon_core.package_identification:_identify(space_robotics_gz_envs/assets/srb_assets/model/vehicle) by extensions ['colcon_pkg']
[0.591s] Level 1:colcon.colcon_core.package_identification:_identify(space_robotics_gz_envs/assets/srb_assets/model/vehicle) by extension 'colcon_pkg'
[0.591s] Level 1:colcon.colcon_core.package_identification:_identify(space_robotics_gz_envs/assets/srb_assets/model/vehicle) by extensions ['colcon_meta']
[0.591s] Level 1:colcon.colcon_core.package_identification:_identify(space_robotics_gz_envs/assets/srb_assets/model/vehicle) by extension 'colcon_meta'
[0.591s] Level 1:colcon.colcon_core.package_identification:_identify(space_robotics_gz_envs/assets/srb_assets/model/vehicle) by extensions ['ros']
[0.591s] Level 1:colcon.colcon_core.package_identification:_identify(space_robotics_gz_envs/assets/srb_assets/model/vehicle) by extension 'ros'
[0.592s] Level 1:colcon.colcon_core.package_identification:_identify(space_robotics_gz_envs/assets/srb_assets/model/vehicle) by extensions ['cmake', 'python']
[0.592s] Level 1:colcon.colcon_core.package_identification:_identify(space_robotics_gz_envs/assets/srb_assets/model/vehicle) by extension 'cmake'
[0.592s] Level 1:colcon.colcon_core.package_identification:_identify(space_robotics_gz_envs/assets/srb_assets/model/vehicle) by extension 'python'
[0.592s] Level 1:colcon.colcon_core.package_identification:_identify(space_robotics_gz_envs/assets/srb_assets/model/vehicle) by extensions ['python_setup_py']
[0.592s] Level 1:colcon.colcon_core.package_identification:_identify(space_robotics_gz_envs/assets/srb_assets/model/vehicle) by extension 'python_setup_py'
[0.592s] Level 1:colcon.colcon_core.package_identification:_identify(space_robotics_gz_envs/assets/srb_assets/model/vehicle/construction_rover) by extensions ['ignore', 'ignore_ament_install']
[0.592s] Level 1:colcon.colcon_core.package_identification:_identify(space_robotics_gz_envs/assets/srb_assets/model/vehicle/construction_rover) by extension 'ignore'
[0.592s] Level 1:colcon.colcon_core.package_identification:_identify(space_robotics_gz_envs/assets/srb_assets/model/vehicle/construction_rover) by extension 'ignore_ament_install'
[0.592s] Level 1:colcon.colcon_core.package_identification:_identify(space_robotics_gz_envs/assets/srb_assets/model/vehicle/construction_rover) by extensions ['colcon_pkg']
[0.592s] Level 1:colcon.colcon_core.package_identification:_identify(space_robotics_gz_envs/assets/srb_assets/model/vehicle/construction_rover) by extension 'colcon_pkg'
[0.592s] Level 1:colcon.colcon_core.package_identification:_identify(space_robotics_gz_envs/assets/srb_assets/model/vehicle/construction_rover) by extensions ['colcon_meta']
[0.592s] Level 1:colcon.colcon_core.package_identification:_identify(space_robotics_gz_envs/assets/srb_assets/model/vehicle/construction_rover) by extension 'colcon_meta'
[0.592s] Level 1:colcon.colcon_core.package_identification:_identify(space_robotics_gz_envs/assets/srb_assets/model/vehicle/construction_rover) by extensions ['ros']
[0.592s] Level 1:colcon.colcon_core.package_identification:_identify(space_robotics_gz_envs/assets/srb_assets/model/vehicle/construction_rover) by extension 'ros'
[0.592s] Level 1:colcon.colcon_core.package_identification:_identify(space_robotics_gz_envs/assets/srb_assets/model/vehicle/construction_rover) by extensions ['cmake', 'python']
[0.592s] Level 1:colcon.colcon_core.package_identification:_identify(space_robotics_gz_envs/assets/srb_assets/model/vehicle/construction_rover) by extension 'cmake'
[0.592s] Level 1:colcon.colcon_core.package_identification:_identify(space_robotics_gz_envs/assets/srb_assets/model/vehicle/construction_rover) by extension 'python'
[0.592s] Level 1:colcon.colcon_core.package_identification:_identify(space_robotics_gz_envs/assets/srb_assets/model/vehicle/construction_rover) by extensions ['python_setup_py']
[0.592s] Level 1:colcon.colcon_core.package_identification:_identify(space_robotics_gz_envs/assets/srb_assets/model/vehicle/construction_rover) by extension 'python_setup_py'
[0.592s] Level 1:colcon.colcon_core.package_identification:_identify(space_robotics_gz_envs/assets/srb_assets/model/vehicle/construction_rover/textures) by extensions ['ignore', 'ignore_ament_install']
[0.592s] Level 1:colcon.colcon_core.package_identification:_identify(space_robotics_gz_envs/assets/srb_assets/model/vehicle/construction_rover/textures) by extension 'ignore'
[0.593s] Level 1:colcon.colcon_core.package_identification:_identify(space_robotics_gz_envs/assets/srb_assets/model/vehicle/construction_rover/textures) by extension 'ignore_ament_install'
[0.593s] Level 1:colcon.colcon_core.package_identification:_identify(space_robotics_gz_envs/assets/srb_assets/model/vehicle/construction_rover/textures) by extensions ['colcon_pkg']
[0.593s] Level 1:colcon.colcon_core.package_identification:_identify(space_robotics_gz_envs/assets/srb_assets/model/vehicle/construction_rover/textures) by extension 'colcon_pkg'
[0.593s] Level 1:colcon.colcon_core.package_identification:_identify(space_robotics_gz_envs/assets/srb_assets/model/vehicle/construction_rover/textures) by extensions ['colcon_meta']
[0.593s] Level 1:colcon.colcon_core.package_identification:_identify(space_robotics_gz_envs/assets/srb_assets/model/vehicle/construction_rover/textures) by extension 'colcon_meta'
[0.593s] Level 1:colcon.colcon_core.package_identification:_identify(space_robotics_gz_envs/assets/srb_assets/model/vehicle/construction_rover/textures) by extensions ['ros']
[0.593s] Level 1:colcon.colcon_core.package_identification:_identify(space_robotics_gz_envs/assets/srb_assets/model/vehicle/construction_rover/textures) by extension 'ros'
[0.593s] Level 1:colcon.colcon_core.package_identification:_identify(space_robotics_gz_envs/assets/srb_assets/model/vehicle/construction_rover/textures) by extensions ['cmake', 'python']
[0.593s] Level 1:colcon.colcon_core.package_identification:_identify(space_robotics_gz_envs/assets/srb_assets/model/vehicle/construction_rover/textures) by extension 'cmake'
[0.593s] Level 1:colcon.colcon_core.package_identification:_identify(space_robotics_gz_envs/assets/srb_assets/model/vehicle/construction_rover/textures) by extension 'python'
[0.593s] Level 1:colcon.colcon_core.package_identification:_identify(space_robotics_gz_envs/assets/srb_assets/model/vehicle/construction_rover/textures) by extensions ['python_setup_py']
[0.593s] Level 1:colcon.colcon_core.package_identification:_identify(space_robotics_gz_envs/assets/srb_assets/model/vehicle/construction_rover/textures) by extension 'python_setup_py'
[0.593s] Level 1:colcon.colcon_core.package_identification:_identify(space_robotics_gz_envs/assets/srb_assets/model/vehicle/gateway) by extensions ['ignore', 'ignore_ament_install']
[0.593s] Level 1:colcon.colcon_core.package_identification:_identify(space_robotics_gz_envs/assets/srb_assets/model/vehicle/gateway) by extension 'ignore'
[0.593s] Level 1:colcon.colcon_core.package_identification:_identify(space_robotics_gz_envs/assets/srb_assets/model/vehicle/gateway) by extension 'ignore_ament_install'
[0.593s] Level 1:colcon.colcon_core.package_identification:_identify(space_robotics_gz_envs/assets/srb_assets/model/vehicle/gateway) by extensions ['colcon_pkg']
[0.593s] Level 1:colcon.colcon_core.package_identification:_identify(space_robotics_gz_envs/assets/srb_assets/model/vehicle/gateway) by extension 'colcon_pkg'
[0.594s] Level 1:colcon.colcon_core.package_identification:_identify(space_robotics_gz_envs/assets/srb_assets/model/vehicle/gateway) by extensions ['colcon_meta']
[0.594s] Level 1:colcon.colcon_core.package_identification:_identify(space_robotics_gz_envs/assets/srb_assets/model/vehicle/gateway) by extension 'colcon_meta'
[0.594s] Level 1:colcon.colcon_core.package_identification:_identify(space_robotics_gz_envs/assets/srb_assets/model/vehicle/gateway) by extensions ['ros']
[0.594s] Level 1:colcon.colcon_core.package_identification:_identify(space_robotics_gz_envs/assets/srb_assets/model/vehicle/gateway) by extension 'ros'
[0.594s] Level 1:colcon.colcon_core.package_identification:_identify(space_robotics_gz_envs/assets/srb_assets/model/vehicle/gateway) by extensions ['cmake', 'python']
[0.594s] Level 1:colcon.colcon_core.package_identification:_identify(space_robotics_gz_envs/assets/srb_assets/model/vehicle/gateway) by extension 'cmake'
[0.594s] Level 1:colcon.colcon_core.package_identification:_identify(space_robotics_gz_envs/assets/srb_assets/model/vehicle/gateway) by extension 'python'
[0.594s] Level 1:colcon.colcon_core.package_identification:_identify(space_robotics_gz_envs/assets/srb_assets/model/vehicle/gateway) by extensions ['python_setup_py']
[0.594s] Level 1:colcon.colcon_core.package_identification:_identify(space_robotics_gz_envs/assets/srb_assets/model/vehicle/gateway) by extension 'python_setup_py'
[0.594s] Level 1:colcon.colcon_core.package_identification:_identify(space_robotics_gz_envs/assets/srb_assets/model/vehicle/gateway/textures) by extensions ['ignore', 'ignore_ament_install']
[0.594s] Level 1:colcon.colcon_core.package_identification:_identify(space_robotics_gz_envs/assets/srb_assets/model/vehicle/gateway/textures) by extension 'ignore'
[0.594s] Level 1:colcon.colcon_core.package_identification:_identify(space_robotics_gz_envs/assets/srb_assets/model/vehicle/gateway/textures) by extension 'ignore_ament_install'
[0.594s] Level 1:colcon.colcon_core.package_identification:_identify(space_robotics_gz_envs/assets/srb_assets/model/vehicle/gateway/textures) by extensions ['colcon_pkg']
[0.594s] Level 1:colcon.colcon_core.package_identification:_identify(space_robotics_gz_envs/assets/srb_assets/model/vehicle/gateway/textures) by extension 'colcon_pkg'
[0.594s] Level 1:colcon.colcon_core.package_identification:_identify(space_robotics_gz_envs/assets/srb_assets/model/vehicle/gateway/textures) by extensions ['colcon_meta']
[0.594s] Level 1:colcon.colcon_core.package_identification:_identify(space_robotics_gz_envs/assets/srb_assets/model/vehicle/gateway/textures) by extension 'colcon_meta'
[0.594s] Level 1:colcon.colcon_core.package_identification:_identify(space_robotics_gz_envs/assets/srb_assets/model/vehicle/gateway/textures) by extensions ['ros']
[0.595s] Level 1:colcon.colcon_core.package_identification:_identify(space_robotics_gz_envs/assets/srb_assets/model/vehicle/gateway/textures) by extension 'ros'
[0.595s] Level 1:colcon.colcon_core.package_identification:_identify(space_robotics_gz_envs/assets/srb_assets/model/vehicle/gateway/textures) by extensions ['cmake', 'python']
[0.595s] Level 1:colcon.colcon_core.package_identification:_identify(space_robotics_gz_envs/assets/srb_assets/model/vehicle/gateway/textures) by extension 'cmake'
[0.595s] Level 1:colcon.colcon_core.package_identification:_identify(space_robotics_gz_envs/assets/srb_assets/model/vehicle/gateway/textures) by extension 'python'
[0.595s] Level 1:colcon.colcon_core.package_identification:_identify(space_robotics_gz_envs/assets/srb_assets/model/vehicle/gateway/textures) by extensions ['python_setup_py']
[0.595s] Level 1:colcon.colcon_core.package_identification:_identify(space_robotics_gz_envs/assets/srb_assets/model/vehicle/gateway/textures) by extension 'python_setup_py'
[0.595s] Level 1:colcon.colcon_core.package_identification:_identify(space_robotics_gz_envs/assets/srb_assets/scripts) by extensions ['ignore', 'ignore_ament_install']
[0.595s] Level 1:colcon.colcon_core.package_identification:_identify(space_robotics_gz_envs/assets/srb_assets/scripts) by extension 'ignore'
[0.595s] Level 1:colcon.colcon_core.package_identification:_identify(space_robotics_gz_envs/assets/srb_assets/scripts) by extension 'ignore_ament_install'
[0.595s] Level 1:colcon.colcon_core.package_identification:_identify(space_robotics_gz_envs/assets/srb_assets/scripts) by extensions ['colcon_pkg']
[0.595s] Level 1:colcon.colcon_core.package_identification:_identify(space_robotics_gz_envs/assets/srb_assets/scripts) by extension 'colcon_pkg'
[0.595s] Level 1:colcon.colcon_core.package_identification:_identify(space_robotics_gz_envs/assets/srb_assets/scripts) by extensions ['colcon_meta']
[0.595s] Level 1:colcon.colcon_core.package_identification:_identify(space_robotics_gz_envs/assets/srb_assets/scripts) by extension 'colcon_meta'
[0.595s] Level 1:colcon.colcon_core.package_identification:_identify(space_robotics_gz_envs/assets/srb_assets/scripts) by extensions ['ros']
[0.595s] Level 1:colcon.colcon_core.package_identification:_identify(space_robotics_gz_envs/assets/srb_assets/scripts) by extension 'ros'
[0.596s] Level 1:colcon.colcon_core.package_identification:_identify(space_robotics_gz_envs/assets/srb_assets/scripts) by extensions ['cmake', 'python']
[0.596s] Level 1:colcon.colcon_core.package_identification:_identify(space_robotics_gz_envs/assets/srb_assets/scripts) by extension 'cmake'
[0.596s] Level 1:colcon.colcon_core.package_identification:_identify(space_robotics_gz_envs/assets/srb_assets/scripts) by extension 'python'
[0.596s] Level 1:colcon.colcon_core.package_identification:_identify(space_robotics_gz_envs/assets/srb_assets/scripts) by extensions ['python_setup_py']
[0.596s] Level 1:colcon.colcon_core.package_identification:_identify(space_robotics_gz_envs/assets/srb_assets/scripts) by extension 'python_setup_py'
[0.596s] Level 1:colcon.colcon_core.package_identification:_identify(space_robotics_gz_envs/assets/srb_assets/scripts/blender) by extensions ['ignore', 'ignore_ament_install']
[0.596s] Level 1:colcon.colcon_core.package_identification:_identify(space_robotics_gz_envs/assets/srb_assets/scripts/blender) by extension 'ignore'
[0.596s] Level 1:colcon.colcon_core.package_identification:_identify(space_robotics_gz_envs/assets/srb_assets/scripts/blender) by extension 'ignore_ament_install'
[0.596s] Level 1:colcon.colcon_core.package_identification:_identify(space_robotics_gz_envs/assets/srb_assets/scripts/blender) by extensions ['colcon_pkg']
[0.596s] Level 1:colcon.colcon_core.package_identification:_identify(space_robotics_gz_envs/assets/srb_assets/scripts/blender) by extension 'colcon_pkg'
[0.596s] Level 1:colcon.colcon_core.package_identification:_identify(space_robotics_gz_envs/assets/srb_assets/scripts/blender) by extensions ['colcon_meta']
[0.596s] Level 1:colcon.colcon_core.package_identification:_identify(space_robotics_gz_envs/assets/srb_assets/scripts/blender) by extension 'colcon_meta'
[0.596s] Level 1:colcon.colcon_core.package_identification:_identify(space_robotics_gz_envs/assets/srb_assets/scripts/blender) by extensions ['ros']
[0.596s] Level 1:colcon.colcon_core.package_identification:_identify(space_robotics_gz_envs/assets/srb_assets/scripts/blender) by extension 'ros'
[0.596s] Level 1:colcon.colcon_core.package_identification:_identify(space_robotics_gz_envs/assets/srb_assets/scripts/blender) by extensions ['cmake', 'python']
[0.597s] Level 1:colcon.colcon_core.package_identification:_identify(space_robotics_gz_envs/assets/srb_assets/scripts/blender) by extension 'cmake'
[0.597s] Level 1:colcon.colcon_core.package_identification:_identify(space_robotics_gz_envs/assets/srb_assets/scripts/blender) by extension 'python'
[0.597s] Level 1:colcon.colcon_core.package_identification:_identify(space_robotics_gz_envs/assets/srb_assets/scripts/blender) by extensions ['python_setup_py']
[0.597s] Level 1:colcon.colcon_core.package_identification:_identify(space_robotics_gz_envs/assets/srb_assets/scripts/blender) by extension 'python_setup_py'
[0.597s] Level 1:colcon.colcon_core.package_identification:_identify(space_robotics_gz_envs/scripts) by extensions ['ignore', 'ignore_ament_install']
[0.597s] Level 1:colcon.colcon_core.package_identification:_identify(space_robotics_gz_envs/scripts) by extension 'ignore'
[0.597s] Level 1:colcon.colcon_core.package_identification:_identify(space_robotics_gz_envs/scripts) by extension 'ignore_ament_install'
[0.597s] Level 1:colcon.colcon_core.package_identification:_identify(space_robotics_gz_envs/scripts) by extensions ['colcon_pkg']
[0.597s] Level 1:colcon.colcon_core.package_identification:_identify(space_robotics_gz_envs/scripts) by extension 'colcon_pkg'
[0.597s] Level 1:colcon.colcon_core.package_identification:_identify(space_robotics_gz_envs/scripts) by extensions ['colcon_meta']
[0.597s] Level 1:colcon.colcon_core.package_identification:_identify(space_robotics_gz_envs/scripts) by extension 'colcon_meta'
[0.597s] Level 1:colcon.colcon_core.package_identification:_identify(space_robotics_gz_envs/scripts) by extensions ['ros']
[0.597s] Level 1:colcon.colcon_core.package_identification:_identify(space_robotics_gz_envs/scripts) by extension 'ros'
[0.597s] Level 1:colcon.colcon_core.package_identification:_identify(space_robotics_gz_envs/scripts) by extensions ['cmake', 'python']
[0.597s] Level 1:colcon.colcon_core.package_identification:_identify(space_robotics_gz_envs/scripts) by extension 'cmake'
[0.597s] Level 1:colcon.colcon_core.package_identification:_identify(space_robotics_gz_envs/scripts) by extension 'python'
[0.597s] Level 1:colcon.colcon_core.package_identification:_identify(space_robotics_gz_envs/scripts) by extensions ['python_setup_py']
[0.597s] Level 1:colcon.colcon_core.package_identification:_identify(space_robotics_gz_envs/scripts) by extension 'python_setup_py'
[0.597s] Level 1:colcon.colcon_core.package_identification:_identify(space_robotics_gz_envs/scripts/utils) by extensions ['ignore', 'ignore_ament_install']
[0.598s] Level 1:colcon.colcon_core.package_identification:_identify(space_robotics_gz_envs/scripts/utils) by extension 'ignore'
[0.598s] Level 1:colcon.colcon_core.package_identification:_identify(space_robotics_gz_envs/scripts/utils) by extension 'ignore_ament_install'
[0.598s] Level 1:colcon.colcon_core.package_identification:_identify(space_robotics_gz_envs/scripts/utils) by extensions ['colcon_pkg']
[0.598s] Level 1:colcon.colcon_core.package_identification:_identify(space_robotics_gz_envs/scripts/utils) by extension 'colcon_pkg'
[0.598s] Level 1:colcon.colcon_core.package_identification:_identify(space_robotics_gz_envs/scripts/utils) by extensions ['colcon_meta']
[0.598s] Level 1:colcon.colcon_core.package_identification:_identify(space_robotics_gz_envs/scripts/utils) by extension 'colcon_meta'
[0.598s] Level 1:colcon.colcon_core.package_identification:_identify(space_robotics_gz_envs/scripts/utils) by extensions ['ros']
[0.598s] Level 1:colcon.colcon_core.package_identification:_identify(space_robotics_gz_envs/scripts/utils) by extension 'ros'
[0.598s] Level 1:colcon.colcon_core.package_identification:_identify(space_robotics_gz_envs/scripts/utils) by extensions ['cmake', 'python']
[0.598s] Level 1:colcon.colcon_core.package_identification:_identify(space_robotics_gz_envs/scripts/utils) by extension 'cmake'
[0.598s] Level 1:colcon.colcon_core.package_identification:_identify(space_robotics_gz_envs/scripts/utils) by extension 'python'
[0.598s] Level 1:colcon.colcon_core.package_identification:_identify(space_robotics_gz_envs/scripts/utils) by extensions ['python_setup_py']
[0.598s] Level 1:colcon.colcon_core.package_identification:_identify(space_robotics_gz_envs/scripts/utils) by extension 'python_setup_py'
[0.598s] Level 1:colcon.colcon_core.package_identification:_identify(space_robotics_gz_envs/worlds) by extensions ['ignore', 'ignore_ament_install']
[0.598s] Level 1:colcon.colcon_core.package_identification:_identify(space_robotics_gz_envs/worlds) by extension 'ignore'
[0.598s] Level 1:colcon.colcon_core.package_identification:_identify(space_robotics_gz_envs/worlds) by extension 'ignore_ament_install'
[0.598s] Level 1:colcon.colcon_core.package_identification:_identify(space_robotics_gz_envs/worlds) by extensions ['colcon_pkg']
[0.598s] Level 1:colcon.colcon_core.package_identification:_identify(space_robotics_gz_envs/worlds) by extension 'colcon_pkg'
[0.598s] Level 1:colcon.colcon_core.package_identification:_identify(space_robotics_gz_envs/worlds) by extensions ['colcon_meta']
[0.598s] Level 1:colcon.colcon_core.package_identification:_identify(space_robotics_gz_envs/worlds) by extension 'colcon_meta'
[0.599s] Level 1:colcon.colcon_core.package_identification:_identify(space_robotics_gz_envs/worlds) by extensions ['ros']
[0.599s] Level 1:colcon.colcon_core.package_identification:_identify(space_robotics_gz_envs/worlds) by extension 'ros'
[0.599s] Level 1:colcon.colcon_core.package_identification:_identify(space_robotics_gz_envs/worlds) by extensions ['cmake', 'python']
[0.599s] Level 1:colcon.colcon_core.package_identification:_identify(space_robotics_gz_envs/worlds) by extension 'cmake'
[0.599s] Level 1:colcon.colcon_core.package_identification:_identify(space_robotics_gz_envs/worlds) by extension 'python'
[0.599s] Level 1:colcon.colcon_core.package_identification:_identify(space_robotics_gz_envs/worlds) by extensions ['python_setup_py']
[0.599s] Level 1:colcon.colcon_core.package_identification:_identify(space_robotics_gz_envs/worlds) by extension 'python_setup_py'
[0.599s] Level 1:colcon.colcon_core.package_identification:_identify(src) by extensions ['ignore', 'ignore_ament_install']
[0.599s] Level 1:colcon.colcon_core.package_identification:_identify(src) by extension 'ignore'
[0.599s] Level 1:colcon.colcon_core.package_identification:_identify(src) by extension 'ignore_ament_install'
[0.599s] Level 1:colcon.colcon_core.package_identification:_identify(src) by extensions ['colcon_pkg']
[0.599s] Level 1:colcon.colcon_core.package_identification:_identify(src) by extension 'colcon_pkg'
[0.599s] Level 1:colcon.colcon_core.package_identification:_identify(src) by extensions ['colcon_meta']
[0.599s] Level 1:colcon.colcon_core.package_identification:_identify(src) by extension 'colcon_meta'
[0.599s] Level 1:colcon.colcon_core.package_identification:_identify(src) by extensions ['ros']
[0.599s] Level 1:colcon.colcon_core.package_identification:_identify(src) by extension 'ros'
[0.599s] Level 1:colcon.colcon_core.package_identification:_identify(src) by extensions ['cmake', 'python']
[0.600s] Level 1:colcon.colcon_core.package_identification:_identify(src) by extension 'cmake'
[0.600s] Level 1:colcon.colcon_core.package_identification:_identify(src) by extension 'python'
[0.600s] Level 1:colcon.colcon_core.package_identification:_identify(src) by extensions ['python_setup_py']
[0.600s] Level 1:colcon.colcon_core.package_identification:_identify(src) by extension 'python_setup_py'
[0.600s] Level 1:colcon.colcon_core.package_identification:_identify(src/lunabotics_model) by extensions ['ignore', 'ignore_ament_install']
[0.600s] Level 1:colcon.colcon_core.package_identification:_identify(src/lunabotics_model) by extension 'ignore'
[0.600s] Level 1:colcon.colcon_core.package_identification:_identify(src/lunabotics_model) by extension 'ignore_ament_install'
[0.600s] Level 1:colcon.colcon_core.package_identification:_identify(src/lunabotics_model) by extensions ['colcon_pkg']
[0.600s] Level 1:colcon.colcon_core.package_identification:_identify(src/lunabotics_model) by extension 'colcon_pkg'
[0.600s] Level 1:colcon.colcon_core.package_identification:_identify(src/lunabotics_model) by extensions ['colcon_meta']
[0.600s] Level 1:colcon.colcon_core.package_identification:_identify(src/lunabotics_model) by extension 'colcon_meta'
[0.600s] Level 1:colcon.colcon_core.package_identification:_identify(src/lunabotics_model) by extensions ['ros']
[0.600s] Level 1:colcon.colcon_core.package_identification:_identify(src/lunabotics_model) by extension 'ros'
[0.602s] DEBUG:colcon.colcon_core.package_identification:Package 'src/lunabotics_model' with type 'ros.ament_cmake' and name 'lunabotics_model'
[0.602s] Level 1:colcon.colcon_core.package_discovery:discover_packages(recursive) using defaults
[0.602s] Level 1:colcon.colcon_core.package_discovery:discover_packages(ignore) discover
[0.602s] Level 1:colcon.colcon_core.package_discovery:discover_packages(ignore) using defaults
[0.602s] Level 1:colcon.colcon_core.package_discovery:discover_packages(path) discover
[0.602s] Level 1:colcon.colcon_core.package_discovery:discover_packages(path) using defaults
[0.635s] INFO:colcon.colcon_metadata.metadata.colcon_pkg:Updating descriptor of package 'moon_base_map/ezrassor_sim_gazebo' from colcon.pkg: {'name': 'ezrassor_sim_gazebo', 'hooks': ['share/ezrassor_sim_gazebo/hook/ezrassor_sim_gazebo.sh']}
[0.637s] INFO:colcon.colcon_core.package_selection:Skipping not selected package 'ezrassor_sim_gazebo' in 'moon_base_map/ezrassor_sim_gazebo'
[0.639s] Level 1:colcon.colcon_core.package_discovery:discover_packages(prefix_path) check parameters
[0.639s] Level 1:colcon.colcon_core.package_discovery:discover_packages(prefix_path) discover
[0.643s] DEBUG:colcon.colcon_installed_package_information.package_discovery:Found 2 installed packages in /home/ros2/ws_lsr_nav2_v2/install
[0.644s] DEBUG:colcon.colcon_installed_package_information.package_discovery:Found 2 installed packages in /home/ros2/lsr_ws/install
[0.645s] DEBUG:colcon.colcon_installed_package_information.package_discovery:Found 2 installed packages in /home/ros2/point_lio_ws/install
[0.645s] DEBUG:colcon.colcon_installed_package_information.package_discovery:Found 1 installed packages in /home/ros2/unitree_ws/install
[0.646s] DEBUG:colcon.colcon_installed_package_information.package_discovery:Found 1 installed packages in /home/ros2/ws_pointlio/install
[0.647s] DEBUG:colcon.colcon_installed_package_information.package_discovery:Found 1 installed packages in /home/ros2/ws_lsr_nav2/install
[0.650s] DEBUG:colcon.colcon_installed_package_information.package_discovery:Found 421 installed packages in /opt/ros/jazzy
[0.651s] Level 1:colcon.colcon_core.package_discovery:discover_packages(prefix_path) using defaults
[0.718s] Level 5:colcon.colcon_core.verb:set package 'lunabotics_model' build argument 'cmake_args' from command line to 'None'
[0.718s] Level 5:colcon.colcon_core.verb:set package 'lunabotics_model' build argument 'cmake_target' from command line to 'None'
[0.718s] Level 5:colcon.colcon_core.verb:set package 'lunabotics_model' build argument 'cmake_target_skip_unavailable' from command line to 'False'
[0.718s] Level 5:colcon.colcon_core.verb:set package 'lunabotics_model' build argument 'cmake_clean_cache' from command line to 'False'
[0.719s] Level 5:colcon.colcon_core.verb:set package 'lunabotics_model' build argument 'cmake_clean_first' from command line to 'False'
[0.719s] Level 5:colcon.colcon_core.verb:set package 'lunabotics_model' build argument 'cmake_force_configure' from command line to 'False'
[0.719s] Level 5:colcon.colcon_core.verb:set package 'lunabotics_model' build argument 'ament_cmake_args' from command line to 'None'
[0.719s] Level 5:colcon.colcon_core.verb:set package 'lunabotics_model' build argument 'catkin_cmake_args' from command line to 'None'
[0.719s] Level 5:colcon.colcon_core.verb:set package 'lunabotics_model' build argument 'catkin_skip_building_tests' from command line to 'False'
[0.719s] DEBUG:colcon.colcon_core.verb:Building package 'lunabotics_model' with the following arguments: {'ament_cmake_args': None, 'build_base': '/home/ros2/Documents/NASA/lunabotics_sim/build/lunabotics_model', 'catkin_cmake_args': None, 'catkin_skip_building_tests': False, 'cmake_args': None, 'cmake_clean_cache': False, 'cmake_clean_first': False, 'cmake_force_configure': False, 'cmake_target': None, 'cmake_target_skip_unavailable': False, 'install_base': '/home/ros2/Documents/NASA/lunabotics_sim/install/lunabotics_model', 'merge_install': False, 'path': '/home/ros2/Documents/NASA/lunabotics_sim/src/lunabotics_model', 'symlink_install': True, 'test_result_base': None}
[0.719s] INFO:colcon.colcon_core.executor:Executing jobs using 'parallel' executor
[0.721s] DEBUG:colcon.colcon_parallel_executor.executor.parallel:run_until_complete
[0.721s] INFO:colcon.colcon_ros.task.ament_cmake.build:Building ROS package in '/home/ros2/Documents/NASA/lunabotics_sim/src/lunabotics_model' with build type 'ament_cmake'
[0.721s] INFO:colcon.colcon_cmake.task.cmake.build:Building CMake package in '/home/ros2/Documents/NASA/lunabotics_sim/src/lunabotics_model'
[0.729s] INFO:colcon.colcon_core.plugin_system:Skipping extension 'colcon_core.shell.bat': Not used on non-Windows systems
[0.730s] INFO:colcon.colcon_core.shell:Skip shell extension 'powershell' for command environment: Not usable outside of PowerShell
[0.730s] DEBUG:colcon.colcon_core.shell:Skip shell extension 'dsv' for command environment
[0.745s] DEBUG:colcon.colcon_core.event_handler.log_command:Invoking command in '/home/ros2/Documents/NASA/lunabotics_sim/build/lunabotics_model': CMAKE_PREFIX_PATH=${CMAKE_PREFIX_PATH}:/home/ros2/ws_lsr_nav2_v2/install/lsr_description:/home/ros2/lsr_ws/install/navigation:/home/ros2/lsr_ws/install/lsr_description:/opt/ros/jazzy DEBUGINFOD_URLS=https://debuginfod.ubuntu.com /usr/bin/cmake --build /home/ros2/Documents/NASA/lunabotics_sim/build/lunabotics_model -- -j8 -l8
[1.882s] DEBUG:colcon.colcon_core.event_handler.log_command:Invoked command in '/home/ros2/Documents/NASA/lunabotics_sim/build/lunabotics_model' returned '0': CMAKE_PREFIX_PATH=${CMAKE_PREFIX_PATH}:/home/ros2/ws_lsr_nav2_v2/install/lsr_description:/home/ros2/lsr_ws/install/navigation:/home/ros2/lsr_ws/install/lsr_description:/opt/ros/jazzy DEBUGINFOD_URLS=https://debuginfod.ubuntu.com /usr/bin/cmake --build /home/ros2/Documents/NASA/lunabotics_sim/build/lunabotics_model -- -j8 -l8
[1.898s] DEBUG:colcon.colcon_core.event_handler.log_command:Invoking command in '/home/ros2/Documents/NASA/lunabotics_sim/build/lunabotics_model': CMAKE_PREFIX_PATH=${CMAKE_PREFIX_PATH}:/home/ros2/ws_lsr_nav2_v2/install/lsr_description:/home/ros2/lsr_ws/install/navigation:/home/ros2/lsr_ws/install/lsr_description:/opt/ros/jazzy DEBUGINFOD_URLS=https://debuginfod.ubuntu.com /usr/bin/cmake --install /home/ros2/Documents/NASA/lunabotics_sim/build/lunabotics_model
[2.024s] Level 1:colcon.colcon_core.environment:create_environment_scripts_only(lunabotics_model)
[2.026s] DEBUG:colcon.colcon_core.event_handler.log_command:Invoked command in '/home/ros2/Documents/NASA/lunabotics_sim/build/lunabotics_model' returned '0': CMAKE_PREFIX_PATH=${CMAKE_PREFIX_PATH}:/home/ros2/ws_lsr_nav2_v2/install/lsr_description:/home/ros2/lsr_ws/install/navigation:/home/ros2/lsr_ws/install/lsr_description:/opt/ros/jazzy DEBUGINFOD_URLS=https://debuginfod.ubuntu.com /usr/bin/cmake --install /home/ros2/Documents/NASA/lunabotics_sim/build/lunabotics_model
[2.033s] Level 1:colcon.colcon_core.environment:checking '/home/ros2/Documents/NASA/lunabotics_sim/install/lunabotics_model' for CMake module files
[2.034s] Level 1:colcon.colcon_core.environment:checking '/home/ros2/Documents/NASA/lunabotics_sim/install/lunabotics_model' for CMake config files
[2.035s] Level 1:colcon.colcon_core.shell:create_environment_hook('lunabotics_model', 'cmake_prefix_path')
[2.036s] INFO:colcon.colcon_core.shell:Creating environment hook '/home/ros2/Documents/NASA/lunabotics_sim/install/lunabotics_model/share/lunabotics_model/hook/cmake_prefix_path.ps1'
[2.038s] INFO:colcon.colcon_core.shell:Creating environment descriptor '/home/ros2/Documents/NASA/lunabotics_sim/install/lunabotics_model/share/lunabotics_model/hook/cmake_prefix_path.dsv'
[2.038s] INFO:colcon.colcon_core.shell:Creating environment hook '/home/ros2/Documents/NASA/lunabotics_sim/install/lunabotics_model/share/lunabotics_model/hook/cmake_prefix_path.sh'
[2.039s] Level 1:colcon.colcon_core.environment:checking '/home/ros2/Documents/NASA/lunabotics_sim/install/lunabotics_model/bin'
[2.039s] Level 1:colcon.colcon_core.environment:checking '/home/ros2/Documents/NASA/lunabotics_sim/install/lunabotics_model/lib/pkgconfig/lunabotics_model.pc'
[2.039s] Level 1:colcon.colcon_core.environment:checking '/home/ros2/Documents/NASA/lunabotics_sim/install/lunabotics_model/lib/python3.12/site-packages'
[2.040s] Level 1:colcon.colcon_core.environment:checking '/home/ros2/Documents/NASA/lunabotics_sim/install/lunabotics_model/bin'
[2.040s] INFO:colcon.colcon_core.shell:Creating package script '/home/ros2/Documents/NASA/lunabotics_sim/install/lunabotics_model/share/lunabotics_model/package.ps1'
[2.042s] INFO:colcon.colcon_core.shell:Creating package descriptor '/home/ros2/Documents/NASA/lunabotics_sim/install/lunabotics_model/share/lunabotics_model/package.dsv'
[2.043s] INFO:colcon.colcon_core.shell:Creating package script '/home/ros2/Documents/NASA/lunabotics_sim/install/lunabotics_model/share/lunabotics_model/package.sh'
[2.044s] INFO:colcon.colcon_core.shell:Creating package script '/home/ros2/Documents/NASA/lunabotics_sim/install/lunabotics_model/share/lunabotics_model/package.bash'
[2.045s] INFO:colcon.colcon_core.shell:Creating package script '/home/ros2/Documents/NASA/lunabotics_sim/install/lunabotics_model/share/lunabotics_model/package.zsh'
[2.046s] Level 1:colcon.colcon_core.environment:create_file_with_runtime_dependencies(/home/ros2/Documents/NASA/lunabotics_sim/install/lunabotics_model/share/colcon-core/packages/lunabotics_model)
[2.048s] Level 1:colcon.colcon_core.environment:create_environment_scripts_only(lunabotics_model)
[2.048s] Level 1:colcon.colcon_core.environment:checking '/home/ros2/Documents/NASA/lunabotics_sim/install/lunabotics_model' for CMake module files
[2.049s] Level 1:colcon.colcon_core.environment:checking '/home/ros2/Documents/NASA/lunabotics_sim/install/lunabotics_model' for CMake config files
[2.050s] Level 1:colcon.colcon_core.shell:create_environment_hook('lunabotics_model', 'cmake_prefix_path')
[2.050s] INFO:colcon.colcon_core.shell:Creating environment hook '/home/ros2/Documents/NASA/lunabotics_sim/install/lunabotics_model/share/lunabotics_model/hook/cmake_prefix_path.ps1'
[2.051s] INFO:colcon.colcon_core.shell:Creating environment descriptor '/home/ros2/Documents/NASA/lunabotics_sim/install/lunabotics_model/share/lunabotics_model/hook/cmake_prefix_path.dsv'
[2.051s] INFO:colcon.colcon_core.shell:Creating environment hook '/home/ros2/Documents/NASA/lunabotics_sim/install/lunabotics_model/share/lunabotics_model/hook/cmake_prefix_path.sh'
[2.052s] Level 1:colcon.colcon_core.environment:checking '/home/ros2/Documents/NASA/lunabotics_sim/install/lunabotics_model/bin'
[2.052s] Level 1:colcon.colcon_core.environment:checking '/home/ros2/Documents/NASA/lunabotics_sim/install/lunabotics_model/lib/pkgconfig/lunabotics_model.pc'
[2.053s] Level 1:colcon.colcon_core.environment:checking '/home/ros2/Documents/NASA/lunabotics_sim/install/lunabotics_model/lib/python3.12/site-packages'
[2.053s] Level 1:colcon.colcon_core.environment:checking '/home/ros2/Documents/NASA/lunabotics_sim/install/lunabotics_model/bin'
[2.054s] INFO:colcon.colcon_core.shell:Creating package script '/home/ros2/Documents/NASA/lunabotics_sim/install/lunabotics_model/share/lunabotics_model/package.ps1'
[2.055s] INFO:colcon.colcon_core.shell:Creating package descriptor '/home/ros2/Documents/NASA/lunabotics_sim/install/lunabotics_model/share/lunabotics_model/package.dsv'
[2.055s] INFO:colcon.colcon_core.shell:Creating package script '/home/ros2/Documents/NASA/lunabotics_sim/install/lunabotics_model/share/lunabotics_model/package.sh'
[2.056s] INFO:colcon.colcon_core.shell:Creating package script '/home/ros2/Documents/NASA/lunabotics_sim/install/lunabotics_model/share/lunabotics_model/package.bash'
[2.056s] INFO:colcon.colcon_core.shell:Creating package script '/home/ros2/Documents/NASA/lunabotics_sim/install/lunabotics_model/share/lunabotics_model/package.zsh'
[2.056s] Level 1:colcon.colcon_core.environment:create_file_with_runtime_dependencies(/home/ros2/Documents/NASA/lunabotics_sim/install/lunabotics_model/share/colcon-core/packages/lunabotics_model)
[2.057s] DEBUG:colcon.colcon_parallel_executor.executor.parallel:closing loop
[2.057s] DEBUG:colcon.colcon_parallel_executor.executor.parallel:loop closed
[2.057s] DEBUG:colcon.colcon_parallel_executor.executor.parallel:run_until_complete finished with '0'
[2.057s] DEBUG:colcon.colcon_core.event_reactor:joining thread
[2.071s] INFO:colcon.colcon_core.plugin_system:Skipping extension 'colcon_notification.desktop_notification.terminal_notifier': Not used on non-Darwin systems
[2.071s] INFO:colcon.colcon_core.plugin_system:Skipping extension 'colcon_notification.desktop_notification.win32': Not used on non-Windows systems
[2.071s] INFO:colcon.colcon_notification.desktop_notification:Sending desktop notification using 'notify2'
[2.072s] DEBUG:colcon.colcon_notification.desktop_notification.notify2:Failed to initialize notify2: org.freedesktop.DBus.Error.AccessDenied: Failed to connect to socket /run/user/1000/bus: Operation not permitted
[2.072s] DEBUG:colcon.colcon_core.event_reactor:joined thread
[2.072s] INFO:colcon.colcon_core.shell:Creating prefix script '/home/ros2/Documents/NASA/lunabotics_sim/install/local_setup.ps1'
[2.073s] INFO:colcon.colcon_core.shell:Creating prefix util module '/home/ros2/Documents/NASA/lunabotics_sim/install/_local_setup_util_ps1.py'
[2.075s] INFO:colcon.colcon_core.shell:Creating prefix chain script '/home/ros2/Documents/NASA/lunabotics_sim/install/setup.ps1'
[2.077s] INFO:colcon.colcon_core.shell:Creating prefix script '/home/ros2/Documents/NASA/lunabotics_sim/install/local_setup.sh'
[2.078s] INFO:colcon.colcon_core.shell:Creating prefix util module '/home/ros2/Documents/NASA/lunabotics_sim/install/_local_setup_util_sh.py'
[2.079s] INFO:colcon.colcon_core.shell:Creating prefix chain script '/home/ros2/Documents/NASA/lunabotics_sim/install/setup.sh'
[2.082s] INFO:colcon.colcon_core.shell:Creating prefix script '/home/ros2/Documents/NASA/lunabotics_sim/install/local_setup.bash'
[2.083s] INFO:colcon.colcon_core.shell:Creating prefix chain script '/home/ros2/Documents/NASA/lunabotics_sim/install/setup.bash'
[2.085s] INFO:colcon.colcon_core.shell:Creating prefix script '/home/ros2/Documents/NASA/lunabotics_sim/install/local_setup.zsh'
[2.086s] INFO:colcon.colcon_core.shell:Creating prefix chain script '/home/ros2/Documents/NASA/lunabotics_sim/install/setup.zsh'
