[0.199s] DEBUG:colcon:Command line arguments: ['/usr/bin/colcon', 'build', '--packages-select', 'lunabotics_model', '--symlink-install']
[0.199s] DEBUG:colcon:Parsed command line arguments: Namespace(log_base=None, log_level=None, verb_name='build', build_base='build', install_base='install', merge_install=False, symlink_install=True, test_result_base=None, continue_on_error=False, executor='parallel', parallel_workers=8, event_handlers=None, ignore_user_meta=False, metas=['./colcon.meta'], base_paths=['.'], packages_ignore=None, packages_ignore_regex=None, paths=None, packages_up_to=None, packages_up_to_regex=None, packages_above=None, packages_above_and_dependencies=None, packages_above_depth=None, packages_select_by_dep=None, packages_skip_by_dep=None, packages_skip_up_to=None, packages_select_build_failed=False, packages_skip_build_finished=False, packages_select_test_failures=False, packages_skip_test_passed=False, packages_select=['lunabotics_model'], packages_skip=None, packages_select_regex=None, packages_skip_regex=None, packages_start=None, packages_end=None, allow_overriding=[], cmake_args=None, cmake_target=None, cmake_target_skip_unavailable=False, cmake_clean_cache=False, cmake_clean_first=False, cmake_force_configure=False, ament_cmake_args=None, catkin_cmake_args=None, catkin_skip_building_tests=False, mixin_files=None, mixin=None, verb_parser=<colcon_mixin.mixin.mixin_argument.MixinArgumentDecorator object at 0x7fa5e4be4aa0>, verb_extension=<colcon_core.verb.build.BuildVerb object at 0x7fa5e4d83d40>, main=<bound method BuildVerb.main of <colcon_core.verb.build.BuildVerb object at 0x7fa5e4d83d40>>, mixin_verb=('build',))
[0.245s] Level 1:colcon.colcon_core.package_discovery:discover_packages(colcon_meta) check parameters
[0.245s] Level 1:colcon.colcon_core.package_discovery:discover_packages(recursive) check parameters
[0.245s] Level 1:colcon.colcon_core.package_discovery:discover_packages(ignore) check parameters
[0.245s] Level 1:colcon.colcon_core.package_discovery:discover_packages(path) check parameters
[0.245s] Level 1:colcon.colcon_core.package_discovery:discover_packages(colcon_meta) discover
[0.245s] Level 1:colcon.colcon_core.package_discovery:discover_packages(recursive) discover
[0.245s] INFO:colcon.colcon_core.package_discovery:Crawling recursively for packages in '/home/ros2/Documents/NASA/lunabotics_sim'
[0.245s] Level 1:colcon.colcon_core.package_identification:_identify(.) by extensions ['ignore', 'ignore_ament_install']
[0.245s] Level 1:colcon.colcon_core.package_identification:_identify(.) by extension 'ignore'
[0.245s] Level 1:colcon.colcon_core.package_identification:_identify(.) by extension 'ignore_ament_install'
[0.245s] Level 1:colcon.colcon_core.package_identification:_identify(.) by extensions ['colcon_pkg']
[0.245s] Level 1:colcon.colcon_core.package_identification:_identify(.) by extension 'colcon_pkg'
[0.245s] Level 1:colcon.colcon_core.package_identification:_identify(.) by extensions ['colcon_meta']
[0.245s] Level 1:colcon.colcon_core.package_identification:_identify(.) by extension 'colcon_meta'
[0.245s] Level 1:colcon.colcon_core.package_identification:_identify(.) by extensions ['ros']
[0.245s] Level 1:colcon.colcon_core.package_identification:_identify(.) by extension 'ros'
[0.270s] Level 1:colcon.colcon_core.package_identification:_identify(.) by extensions ['cmake', 'python']
[0.270s] Level 1:colcon.colcon_core.package_identification:_identify(.) by extension 'cmake'
[0.270s] Level 1:colcon.colcon_core.package_identification:_identify(.) by extension 'python'
[0.270s] Level 1:colcon.colcon_core.package_identification:_identify(.) by extensions ['python_setup_py']
[0.270s] Level 1:colcon.colcon_core.package_identification:_identify(.) by extension 'python_setup_py'
[0.270s] Level 1:colcon.colcon_core.package_identification:_identify(Assembly 1) by extensions ['ignore', 'ignore_ament_install']
[0.270s] Level 1:colcon.colcon_core.package_identification:_identify(Assembly 1) by extension 'ignore'
[0.270s] Level 1:colcon.colcon_core.package_identification:_identify(Assembly 1) by extension 'ignore_ament_install'
[0.270s] Level 1:colcon.colcon_core.package_identification:_identify(Assembly 1) by extensions ['colcon_pkg']
[0.270s] Level 1:colcon.colcon_core.package_identification:_identify(Assembly 1) by extension 'colcon_pkg'
[0.270s] Level 1:colcon.colcon_core.package_identification:_identify(Assembly 1) by extensions ['colcon_meta']
[0.270s] Level 1:colcon.colcon_core.package_identification:_identify(Assembly 1) by extension 'colcon_meta'
[0.270s] Level 1:colcon.colcon_core.package_identification:_identify(Assembly 1) by extensions ['ros']
[0.270s] Level 1:colcon.colcon_core.package_identification:_identify(Assembly 1) by extension 'ros'
[0.270s] Level 1:colcon.colcon_core.package_identification:_identify(Assembly 1) by extensions ['cmake', 'python']
[0.270s] Level 1:colcon.colcon_core.package_identification:_identify(Assembly 1) by extension 'cmake'
[0.271s] Level 1:colcon.colcon_core.package_identification:_identify(Assembly 1) by extension 'python'
[0.271s] Level 1:colcon.colcon_core.package_identification:_identify(Assembly 1) by extensions ['python_setup_py']
[0.271s] Level 1:colcon.colcon_core.package_identification:_identify(Assembly 1) by extension 'python_setup_py'
[0.271s] Level 1:colcon.colcon_core.package_identification:_identify(Assembly 1/assembly_1) by extensions ['ignore', 'ignore_ament_install']
[0.271s] Level 1:colcon.colcon_core.package_identification:_identify(Assembly 1/assembly_1) by extension 'ignore'
[0.271s] Level 1:colcon.colcon_core.package_identification:_identify(Assembly 1/assembly_1) by extension 'ignore_ament_install'
[0.271s] Level 1:colcon.colcon_core.package_identification:_identify(Assembly 1/assembly_1) by extensions ['colcon_pkg']
[0.271s] Level 1:colcon.colcon_core.package_identification:_identify(Assembly 1/assembly_1) by extension 'colcon_pkg'
[0.271s] Level 1:colcon.colcon_core.package_identification:_identify(Assembly 1/assembly_1) by extensions ['colcon_meta']
[0.271s] Level 1:colcon.colcon_core.package_identification:_identify(Assembly 1/assembly_1) by extension 'colcon_meta'
[0.271s] Level 1:colcon.colcon_core.package_identification:_identify(Assembly 1/assembly_1) by extensions ['ros']
[0.271s] Level 1:colcon.colcon_core.package_identification:_identify(Assembly 1/assembly_1) by extension 'ros'
[0.271s] Level 1:colcon.colcon_core.package_identification:_identify(Assembly 1/assembly_1) by extensions ['cmake', 'python']
[0.271s] Level 1:colcon.colcon_core.package_identification:_identify(Assembly 1/assembly_1) by extension 'cmake'
[0.271s] Level 1:colcon.colcon_core.package_identification:_identify(Assembly 1/assembly_1) by extension 'python'
[0.271s] Level 1:colcon.colcon_core.package_identification:_identify(Assembly 1/assembly_1) by extensions ['python_setup_py']
[0.271s] Level 1:colcon.colcon_core.package_identification:_identify(Assembly 1/assembly_1) by extension 'python_setup_py'
[0.271s] Level 1:colcon.colcon_core.package_identification:_identify(Assembly 1/assembly_1/launch) by extensions ['ignore', 'ignore_ament_install']
[0.272s] Level 1:colcon.colcon_core.package_identification:_identify(Assembly 1/assembly_1/launch) by extension 'ignore'
[0.272s] Level 1:colcon.colcon_core.package_identification:_identify(Assembly 1/assembly_1/launch) by extension 'ignore_ament_install'
[0.272s] Level 1:colcon.colcon_core.package_identification:_identify(Assembly 1/assembly_1/launch) by extensions ['colcon_pkg']
[0.272s] Level 1:colcon.colcon_core.package_identification:_identify(Assembly 1/assembly_1/launch) by extension 'colcon_pkg'
[0.272s] Level 1:colcon.colcon_core.package_identification:_identify(Assembly 1/assembly_1/launch) by extensions ['colcon_meta']
[0.272s] Level 1:colcon.colcon_core.package_identification:_identify(Assembly 1/assembly_1/launch) by extension 'colcon_meta'
[0.272s] Level 1:colcon.colcon_core.package_identification:_identify(Assembly 1/assembly_1/launch) by extensions ['ros']
[0.272s] Level 1:colcon.colcon_core.package_identification:_identify(Assembly 1/assembly_1/launch) by extension 'ros'
[0.272s] Level 1:colcon.colcon_core.package_identification:_identify(Assembly 1/assembly_1/launch) by extensions ['cmake', 'python']
[0.272s] Level 1:colcon.colcon_core.package_identification:_identify(Assembly 1/assembly_1/launch) by extension 'cmake'
[0.272s] Level 1:colcon.colcon_core.package_identification:_identify(Assembly 1/assembly_1/launch) by extension 'python'
[0.272s] Level 1:colcon.colcon_core.package_identification:_identify(Assembly 1/assembly_1/launch) by extensions ['python_setup_py']
[0.272s] Level 1:colcon.colcon_core.package_identification:_identify(Assembly 1/assembly_1/launch) by extension 'python_setup_py'
[0.272s] Level 1:colcon.colcon_core.package_identification:_identify(Assembly 1/assembly_1/meshes) by extensions ['ignore', 'ignore_ament_install']
[0.272s] Level 1:colcon.colcon_core.package_identification:_identify(Assembly 1/assembly_1/meshes) by extension 'ignore'
[0.272s] Level 1:colcon.colcon_core.package_identification:_identify(Assembly 1/assembly_1/meshes) by extension 'ignore_ament_install'
[0.272s] Level 1:colcon.colcon_core.package_identification:_identify(Assembly 1/assembly_1/meshes) by extensions ['colcon_pkg']
[0.272s] Level 1:colcon.colcon_core.package_identification:_identify(Assembly 1/assembly_1/meshes) by extension 'colcon_pkg'
[0.273s] Level 1:colcon.colcon_core.package_identification:_identify(Assembly 1/assembly_1/meshes) by extensions ['colcon_meta']
[0.273s] Level 1:colcon.colcon_core.package_identification:_identify(Assembly 1/assembly_1/meshes) by extension 'colcon_meta'
[0.273s] Level 1:colcon.colcon_core.package_identification:_identify(Assembly 1/assembly_1/meshes) by extensions ['ros']
[0.273s] Level 1:colcon.colcon_core.package_identification:_identify(Assembly 1/assembly_1/meshes) by extension 'ros'
[0.273s] Level 1:colcon.colcon_core.package_identification:_identify(Assembly 1/assembly_1/meshes) by extensions ['cmake', 'python']
[0.273s] Level 1:colcon.colcon_core.package_identification:_identify(Assembly 1/assembly_1/meshes) by extension 'cmake'
[0.273s] Level 1:colcon.colcon_core.package_identification:_identify(Assembly 1/assembly_1/meshes) by extension 'python'
[0.273s] Level 1:colcon.colcon_core.package_identification:_identify(Assembly 1/assembly_1/meshes) by extensions ['python_setup_py']
[0.273s] Level 1:colcon.colcon_core.package_identification:_identify(Assembly 1/assembly_1/meshes) by extension 'python_setup_py'
[0.273s] Level 1:colcon.colcon_core.package_identification:_identify(Assembly 1/assembly_1/urdf) by extensions ['ignore', 'ignore_ament_install']
[0.273s] Level 1:colcon.colcon_core.package_identification:_identify(Assembly 1/assembly_1/urdf) by extension 'ignore'
[0.273s] Level 1:colcon.colcon_core.package_identification:_identify(Assembly 1/assembly_1/urdf) by extension 'ignore_ament_install'
[0.273s] Level 1:colcon.colcon_core.package_identification:_identify(Assembly 1/assembly_1/urdf) by extensions ['colcon_pkg']
[0.273s] Level 1:colcon.colcon_core.package_identification:_identify(Assembly 1/assembly_1/urdf) by extension 'colcon_pkg'
[0.273s] Level 1:colcon.colcon_core.package_identification:_identify(Assembly 1/assembly_1/urdf) by extensions ['colcon_meta']
[0.273s] Level 1:colcon.colcon_core.package_identification:_identify(Assembly 1/assembly_1/urdf) by extension 'colcon_meta'
[0.273s] Level 1:colcon.colcon_core.package_identification:_identify(Assembly 1/assembly_1/urdf) by extensions ['ros']
[0.273s] Level 1:colcon.colcon_core.package_identification:_identify(Assembly 1/assembly_1/urdf) by extension 'ros'
[0.273s] Level 1:colcon.colcon_core.package_identification:_identify(Assembly 1/assembly_1/urdf) by extensions ['cmake', 'python']
[0.273s] Level 1:colcon.colcon_core.package_identification:_identify(Assembly 1/assembly_1/urdf) by extension 'cmake'
[0.273s] Level 1:colcon.colcon_core.package_identification:_identify(Assembly 1/assembly_1/urdf) by extension 'python'
[0.273s] Level 1:colcon.colcon_core.package_identification:_identify(Assembly 1/assembly_1/urdf) by extensions ['python_setup_py']
[0.273s] Level 1:colcon.colcon_core.package_identification:_identify(Assembly 1/assembly_1/urdf) by extension 'python_setup_py'
[0.273s] Level 1:colcon.colcon_core.package_identification:_identify(Screenshots) by extensions ['ignore', 'ignore_ament_install']
[0.273s] Level 1:colcon.colcon_core.package_identification:_identify(Screenshots) by extension 'ignore'
[0.274s] Level 1:colcon.colcon_core.package_identification:_identify(Screenshots) by extension 'ignore_ament_install'
[0.274s] Level 1:colcon.colcon_core.package_identification:_identify(Screenshots) by extensions ['colcon_pkg']
[0.274s] Level 1:colcon.colcon_core.package_identification:_identify(Screenshots) by extension 'colcon_pkg'
[0.274s] Level 1:colcon.colcon_core.package_identification:_identify(Screenshots) by extensions ['colcon_meta']
[0.274s] Level 1:colcon.colcon_core.package_identification:_identify(Screenshots) by extension 'colcon_meta'
[0.274s] Level 1:colcon.colcon_core.package_identification:_identify(Screenshots) by extensions ['ros']
[0.274s] Level 1:colcon.colcon_core.package_identification:_identify(Screenshots) by extension 'ros'
[0.274s] Level 1:colcon.colcon_core.package_identification:_identify(Screenshots) by extensions ['cmake', 'python']
[0.274s] Level 1:colcon.colcon_core.package_identification:_identify(Screenshots) by extension 'cmake'
[0.274s] Level 1:colcon.colcon_core.package_identification:_identify(Screenshots) by extension 'python'
[0.274s] Level 1:colcon.colcon_core.package_identification:_identify(Screenshots) by extensions ['python_setup_py']
[0.274s] Level 1:colcon.colcon_core.package_identification:_identify(Screenshots) by extension 'python_setup_py'
[0.274s] Level 1:colcon.colcon_core.package_identification:_identify(build) by extensions ['ignore', 'ignore_ament_install']
[0.274s] Level 1:colcon.colcon_core.package_identification:_identify(build) by extension 'ignore'
[0.274s] Level 1:colcon.colcon_core.package_identification:_identify(build) ignored
[0.274s] Level 1:colcon.colcon_core.package_identification:_identify(install) by extensions ['ignore', 'ignore_ament_install']
[0.274s] Level 1:colcon.colcon_core.package_identification:_identify(install) by extension 'ignore'
[0.275s] Level 1:colcon.colcon_core.package_identification:_identify(install) ignored
[0.275s] Level 1:colcon.colcon_core.package_identification:_identify(log) by extensions ['ignore', 'ignore_ament_install']
[0.275s] Level 1:colcon.colcon_core.package_identification:_identify(log) by extension 'ignore'
[0.275s] Level 1:colcon.colcon_core.package_identification:_identify(log) ignored
[0.275s] Level 1:colcon.colcon_core.package_identification:_identify(moon_base_map) by extensions ['ignore', 'ignore_ament_install']
[0.275s] Level 1:colcon.colcon_core.package_identification:_identify(moon_base_map) by extension 'ignore'
[0.275s] Level 1:colcon.colcon_core.package_identification:_identify(moon_base_map) by extension 'ignore_ament_install'
[0.275s] Level 1:colcon.colcon_core.package_identification:_identify(moon_base_map) by extensions ['colcon_pkg']
[0.275s] Level 1:colcon.colcon_core.package_identification:_identify(moon_base_map) by extension 'colcon_pkg'
[0.275s] Level 1:colcon.colcon_core.package_identification:_identify(moon_base_map) by extensions ['colcon_meta']
[0.275s] Level 1:colcon.colcon_core.package_identification:_identify(moon_base_map) by extension 'colcon_meta'
[0.275s] Level 1:colcon.colcon_core.package_identification:_identify(moon_base_map) by extensions ['ros']
[0.275s] Level 1:colcon.colcon_core.package_identification:_identify(moon_base_map) by extension 'ros'
[0.275s] Level 1:colcon.colcon_core.package_identification:_identify(moon_base_map) by extensions ['cmake', 'python']
[0.275s] Level 1:colcon.colcon_core.package_identification:_identify(moon_base_map) by extension 'cmake'
[0.275s] Level 1:colcon.colcon_core.package_identification:_identify(moon_base_map) by extension 'python'
[0.275s] Level 1:colcon.colcon_core.package_identification:_identify(moon_base_map) by extensions ['python_setup_py']
[0.275s] Level 1:colcon.colcon_core.package_identification:_identify(moon_base_map) by extension 'python_setup_py'
[0.275s] Level 1:colcon.colcon_core.package_identification:_identify(moon_base_map/ezrassor_sim_gazebo) by extensions ['ignore', 'ignore_ament_install']
[0.276s] Level 1:colcon.colcon_core.package_identification:_identify(moon_base_map/ezrassor_sim_gazebo) by extension 'ignore'
[0.276s] Level 1:colcon.colcon_core.package_identification:_identify(moon_base_map/ezrassor_sim_gazebo) by extension 'ignore_ament_install'
[0.276s] Level 1:colcon.colcon_core.package_identification:_identify(moon_base_map/ezrassor_sim_gazebo) by extensions ['colcon_pkg']
[0.276s] Level 1:colcon.colcon_core.package_identification:_identify(moon_base_map/ezrassor_sim_gazebo) by extension 'colcon_pkg'
[0.276s] INFO:colcon.colcon_metadata.metadata.colcon_pkg:Setting name 'ezrassor_sim_gazebo' of package 'moon_base_map/ezrassor_sim_gazebo' from colcon.pkg
[0.276s] DEBUG:colcon.colcon_core.package_identification:Package 'moon_base_map/ezrassor_sim_gazebo' with type 'None' and name 'ezrassor_sim_gazebo'
[0.276s] Level 1:colcon.colcon_core.package_identification:_identify(moon_base_map/ezrassor_sim_gazebo) by extensions ['colcon_meta']
[0.276s] Level 1:colcon.colcon_core.package_identification:_identify(moon_base_map/ezrassor_sim_gazebo) by extension 'colcon_meta'
[0.276s] Level 1:colcon.colcon_core.package_identification:_identify(moon_base_map/ezrassor_sim_gazebo) by extensions ['ros']
[0.276s] Level 1:colcon.colcon_core.package_identification:_identify(moon_base_map/ezrassor_sim_gazebo) by extension 'ros'
[0.280s] DEBUG:colcon.colcon_core.package_identification:Package 'moon_base_map/ezrassor_sim_gazebo' with type 'ros.ament_python' and name 'ezrassor_sim_gazebo'
[0.280s] Level 1:colcon.colcon_core.package_identification:_identify(space_robotics_gz_envs) by extensions ['ignore', 'ignore_ament_install']
[0.280s] Level 1:colcon.colcon_core.package_identification:_identify(space_robotics_gz_envs) by extension 'ignore'
[0.281s] Level 1:colcon.colcon_core.package_identification:_identify(space_robotics_gz_envs) by extension 'ignore_ament_install'
[0.281s] Level 1:colcon.colcon_core.package_identification:_identify(space_robotics_gz_envs) by extensions ['colcon_pkg']
[0.281s] Level 1:colcon.colcon_core.package_identification:_identify(space_robotics_gz_envs) by extension 'colcon_pkg'
[0.281s] Level 1:colcon.colcon_core.package_identification:_identify(space_robotics_gz_envs) by extensions ['colcon_meta']
[0.281s] Level 1:colcon.colcon_core.package_identification:_identify(space_robotics_gz_envs) by extension 'colcon_meta'
[0.281s] Level 1:colcon.colcon_core.package_identification:_identify(space_robotics_gz_envs) by extensions ['ros']
[0.281s] Level 1:colcon.colcon_core.package_identification:_identify(space_robotics_gz_envs) by extension 'ros'
[0.281s] Level 1:colcon.colcon_core.package_identification:_identify(space_robotics_gz_envs) by extensions ['cmake', 'python']
[0.281s] Level 1:colcon.colcon_core.package_identification:_identify(space_robotics_gz_envs) by extension 'cmake'
[0.281s] Level 1:colcon.colcon_core.package_identification:_identify(space_robotics_gz_envs) by extension 'python'
[0.281s] Level 1:colcon.colcon_core.package_identification:_identify(space_robotics_gz_envs) by extensions ['python_setup_py']
[0.281s] Level 1:colcon.colcon_core.package_identification:_identify(space_robotics_gz_envs) by extension 'python_setup_py'
[0.281s] Level 1:colcon.colcon_core.package_identification:_identify(space_robotics_gz_envs/assets) by extensions ['ignore', 'ignore_ament_install']
[0.281s] Level 1:colcon.colcon_core.package_identification:_identify(space_robotics_gz_envs/assets) by extension 'ignore'
[0.281s] Level 1:colcon.colcon_core.package_identification:_identify(space_robotics_gz_envs/assets) by extension 'ignore_ament_install'
[0.281s] Level 1:colcon.colcon_core.package_identification:_identify(space_robotics_gz_envs/assets) by extensions ['colcon_pkg']
[0.281s] Level 1:colcon.colcon_core.package_identification:_identify(space_robotics_gz_envs/assets) by extension 'colcon_pkg'
[0.281s] Level 1:colcon.colcon_core.package_identification:_identify(space_robotics_gz_envs/assets) by extensions ['colcon_meta']
[0.281s] Level 1:colcon.colcon_core.package_identification:_identify(space_robotics_gz_envs/assets) by extension 'colcon_meta'
[0.281s] Level 1:colcon.colcon_core.package_identification:_identify(space_robotics_gz_envs/assets) by extensions ['ros']
[0.281s] Level 1:colcon.colcon_core.package_identification:_identify(space_robotics_gz_envs/assets) by extension 'ros'
[0.281s] Level 1:colcon.colcon_core.package_identification:_identify(space_robotics_gz_envs/assets) by extensions ['cmake', 'python']
[0.281s] Level 1:colcon.colcon_core.package_identification:_identify(space_robotics_gz_envs/assets) by extension 'cmake'
[0.281s] Level 1:colcon.colcon_core.package_identification:_identify(space_robotics_gz_envs/assets) by extension 'python'
[0.281s] Level 1:colcon.colcon_core.package_identification:_identify(space_robotics_gz_envs/assets) by extensions ['python_setup_py']
[0.281s] Level 1:colcon.colcon_core.package_identification:_identify(space_robotics_gz_envs/assets) by extension 'python_setup_py'
[0.282s] Level 1:colcon.colcon_core.package_identification:_identify(space_robotics_gz_envs/assets/cache) by extensions ['ignore', 'ignore_ament_install']
[0.282s] Level 1:colcon.colcon_core.package_identification:_identify(space_robotics_gz_envs/assets/cache) by extension 'ignore'
[0.282s] Level 1:colcon.colcon_core.package_identification:_identify(space_robotics_gz_envs/assets/cache) by extension 'ignore_ament_install'
[0.282s] Level 1:colcon.colcon_core.package_identification:_identify(space_robotics_gz_envs/assets/cache) by extensions ['colcon_pkg']
[0.282s] Level 1:colcon.colcon_core.package_identification:_identify(space_robotics_gz_envs/assets/cache) by extension 'colcon_pkg'
[0.282s] Level 1:colcon.colcon_core.package_identification:_identify(space_robotics_gz_envs/assets/cache) by extensions ['colcon_meta']
[0.282s] Level 1:colcon.colcon_core.package_identification:_identify(space_robotics_gz_envs/assets/cache) by extension 'colcon_meta'
[0.282s] Level 1:colcon.colcon_core.package_identification:_identify(space_robotics_gz_envs/assets/cache) by extensions ['ros']
[0.282s] Level 1:colcon.colcon_core.package_identification:_identify(space_robotics_gz_envs/assets/cache) by extension 'ros'
[0.282s] Level 1:colcon.colcon_core.package_identification:_identify(space_robotics_gz_envs/assets/cache) by extensions ['cmake', 'python']
[0.282s] Level 1:colcon.colcon_core.package_identification:_identify(space_robotics_gz_envs/assets/cache) by extension 'cmake'
[0.282s] Level 1:colcon.colcon_core.package_identification:_identify(space_robotics_gz_envs/assets/cache) by extension 'python'
[0.282s] Level 1:colcon.colcon_core.package_identification:_identify(space_robotics_gz_envs/assets/cache) by extensions ['python_setup_py']
[0.282s] Level 1:colcon.colcon_core.package_identification:_identify(space_robotics_gz_envs/assets/cache) by extension 'python_setup_py'
[0.282s] Level 1:colcon.colcon_core.package_identification:_identify(space_robotics_gz_envs/assets/cache/lunar_rock0) by extensions ['ignore', 'ignore_ament_install']
[0.282s] Level 1:colcon.colcon_core.package_identification:_identify(space_robotics_gz_envs/assets/cache/lunar_rock0) by extension 'ignore'
[0.282s] Level 1:colcon.colcon_core.package_identification:_identify(space_robotics_gz_envs/assets/cache/lunar_rock0) by extension 'ignore_ament_install'
[0.282s] Level 1:colcon.colcon_core.package_identification:_identify(space_robotics_gz_envs/assets/cache/lunar_rock0) by extensions ['colcon_pkg']
[0.282s] Level 1:colcon.colcon_core.package_identification:_identify(space_robotics_gz_envs/assets/cache/lunar_rock0) by extension 'colcon_pkg'
[0.282s] Level 1:colcon.colcon_core.package_identification:_identify(space_robotics_gz_envs/assets/cache/lunar_rock0) by extensions ['colcon_meta']
[0.282s] Level 1:colcon.colcon_core.package_identification:_identify(space_robotics_gz_envs/assets/cache/lunar_rock0) by extension 'colcon_meta'
[0.282s] Level 1:colcon.colcon_core.package_identification:_identify(space_robotics_gz_envs/assets/cache/lunar_rock0) by extensions ['ros']
[0.282s] Level 1:colcon.colcon_core.package_identification:_identify(space_robotics_gz_envs/assets/cache/lunar_rock0) by extension 'ros'
[0.282s] Level 1:colcon.colcon_core.package_identification:_identify(space_robotics_gz_envs/assets/cache/lunar_rock0) by extensions ['cmake', 'python']
[0.282s] Level 1:colcon.colcon_core.package_identification:_identify(space_robotics_gz_envs/assets/cache/lunar_rock0) by extension 'cmake'
[0.282s] Level 1:colcon.colcon_core.package_identification:_identify(space_robotics_gz_envs/assets/cache/lunar_rock0) by extension 'python'
[0.283s] Level 1:colcon.colcon_core.package_identification:_identify(space_robotics_gz_envs/assets/cache/lunar_rock0) by extensions ['python_setup_py']
[0.283s] Level 1:colcon.colcon_core.package_identification:_identify(space_robotics_gz_envs/assets/cache/lunar_rock0) by extension 'python_setup_py'
[0.283s] Level 1:colcon.colcon_core.package_identification:_identify(space_robotics_gz_envs/assets/cache/lunar_rock0/meshes) by extensions ['ignore', 'ignore_ament_install']
[0.283s] Level 1:colcon.colcon_core.package_identification:_identify(space_robotics_gz_envs/assets/cache/lunar_rock0/meshes) by extension 'ignore'
[0.283s] Level 1:colcon.colcon_core.package_identification:_identify(space_robotics_gz_envs/assets/cache/lunar_rock0/meshes) by extension 'ignore_ament_install'
[0.283s] Level 1:colcon.colcon_core.package_identification:_identify(space_robotics_gz_envs/assets/cache/lunar_rock0/meshes) by extensions ['colcon_pkg']
[0.283s] Level 1:colcon.colcon_core.package_identification:_identify(space_robotics_gz_envs/assets/cache/lunar_rock0/meshes) by extension 'colcon_pkg'
[0.283s] Level 1:colcon.colcon_core.package_identification:_identify(space_robotics_gz_envs/assets/cache/lunar_rock0/meshes) by extensions ['colcon_meta']
[0.283s] Level 1:colcon.colcon_core.package_identification:_identify(space_robotics_gz_envs/assets/cache/lunar_rock0/meshes) by extension 'colcon_meta'
[0.283s] Level 1:colcon.colcon_core.package_identification:_identify(space_robotics_gz_envs/assets/cache/lunar_rock0/meshes) by extensions ['ros']
[0.283s] Level 1:colcon.colcon_core.package_identification:_identify(space_robotics_gz_envs/assets/cache/lunar_rock0/meshes) by extension 'ros'
[0.283s] Level 1:colcon.colcon_core.package_identification:_identify(space_robotics_gz_envs/assets/cache/lunar_rock0/meshes) by extensions ['cmake', 'python']
[0.283s] Level 1:colcon.colcon_core.package_identification:_identify(space_robotics_gz_envs/assets/cache/lunar_rock0/meshes) by extension 'cmake'
[0.283s] Level 1:colcon.colcon_core.package_identification:_identify(space_robotics_gz_envs/assets/cache/lunar_rock0/meshes) by extension 'python'
[0.283s] Level 1:colcon.colcon_core.package_identification:_identify(space_robotics_gz_envs/assets/cache/lunar_rock0/meshes) by extensions ['python_setup_py']
[0.283s] Level 1:colcon.colcon_core.package_identification:_identify(space_robotics_gz_envs/assets/cache/lunar_rock0/meshes) by extension 'python_setup_py'
[0.283s] Level 1:colcon.colcon_core.package_identification:_identify(space_robotics_gz_envs/assets/cache/lunar_rock0/thumbnails) by extensions ['ignore', 'ignore_ament_install']
[0.283s] Level 1:colcon.colcon_core.package_identification:_identify(space_robotics_gz_envs/assets/cache/lunar_rock0/thumbnails) by extension 'ignore'
[0.283s] Level 1:colcon.colcon_core.package_identification:_identify(space_robotics_gz_envs/assets/cache/lunar_rock0/thumbnails) by extension 'ignore_ament_install'
[0.283s] Level 1:colcon.colcon_core.package_identification:_identify(space_robotics_gz_envs/assets/cache/lunar_rock0/thumbnails) by extensions ['colcon_pkg']
[0.283s] Level 1:colcon.colcon_core.package_identification:_identify(space_robotics_gz_envs/assets/cache/lunar_rock0/thumbnails) by extension 'colcon_pkg'
[0.284s] Level 1:colcon.colcon_core.package_identification:_identify(space_robotics_gz_envs/assets/cache/lunar_rock0/thumbnails) by extensions ['colcon_meta']
[0.284s] Level 1:colcon.colcon_core.package_identification:_identify(space_robotics_gz_envs/assets/cache/lunar_rock0/thumbnails) by extension 'colcon_meta'
[0.284s] Level 1:colcon.colcon_core.package_identification:_identify(space_robotics_gz_envs/assets/cache/lunar_rock0/thumbnails) by extensions ['ros']
[0.284s] Level 1:colcon.colcon_core.package_identification:_identify(space_robotics_gz_envs/assets/cache/lunar_rock0/thumbnails) by extension 'ros'
[0.284s] Level 1:colcon.colcon_core.package_identification:_identify(space_robotics_gz_envs/assets/cache/lunar_rock0/thumbnails) by extensions ['cmake', 'python']
[0.284s] Level 1:colcon.colcon_core.package_identification:_identify(space_robotics_gz_envs/assets/cache/lunar_rock0/thumbnails) by extension 'cmake'
[0.284s] Level 1:colcon.colcon_core.package_identification:_identify(space_robotics_gz_envs/assets/cache/lunar_rock0/thumbnails) by extension 'python'
[0.284s] Level 1:colcon.colcon_core.package_identification:_identify(space_robotics_gz_envs/assets/cache/lunar_rock0/thumbnails) by extensions ['python_setup_py']
[0.284s] Level 1:colcon.colcon_core.package_identification:_identify(space_robotics_gz_envs/assets/cache/lunar_rock0/thumbnails) by extension 'python_setup_py'
[0.284s] Level 1:colcon.colcon_core.package_identification:_identify(space_robotics_gz_envs/assets/cache/lunar_rock1) by extensions ['ignore', 'ignore_ament_install']
[0.284s] Level 1:colcon.colcon_core.package_identification:_identify(space_robotics_gz_envs/assets/cache/lunar_rock1) by extension 'ignore'
[0.284s] Level 1:colcon.colcon_core.package_identification:_identify(space_robotics_gz_envs/assets/cache/lunar_rock1) by extension 'ignore_ament_install'
[0.284s] Level 1:colcon.colcon_core.package_identification:_identify(space_robotics_gz_envs/assets/cache/lunar_rock1) by extensions ['colcon_pkg']
[0.284s] Level 1:colcon.colcon_core.package_identification:_identify(space_robotics_gz_envs/assets/cache/lunar_rock1) by extension 'colcon_pkg'
[0.284s] Level 1:colcon.colcon_core.package_identification:_identify(space_robotics_gz_envs/assets/cache/lunar_rock1) by extensions ['colcon_meta']
[0.284s] Level 1:colcon.colcon_core.package_identification:_identify(space_robotics_gz_envs/assets/cache/lunar_rock1) by extension 'colcon_meta'
[0.284s] Level 1:colcon.colcon_core.package_identification:_identify(space_robotics_gz_envs/assets/cache/lunar_rock1) by extensions ['ros']
[0.284s] Level 1:colcon.colcon_core.package_identification:_identify(space_robotics_gz_envs/assets/cache/lunar_rock1) by extension 'ros'
[0.284s] Level 1:colcon.colcon_core.package_identification:_identify(space_robotics_gz_envs/assets/cache/lunar_rock1) by extensions ['cmake', 'python']
[0.284s] Level 1:colcon.colcon_core.package_identification:_identify(space_robotics_gz_envs/assets/cache/lunar_rock1) by extension 'cmake'
[0.284s] Level 1:colcon.colcon_core.package_identification:_identify(space_robotics_gz_envs/assets/cache/lunar_rock1) by extension 'python'
[0.284s] Level 1:colcon.colcon_core.package_identification:_identify(space_robotics_gz_envs/assets/cache/lunar_rock1) by extensions ['python_setup_py']
[0.284s] Level 1:colcon.colcon_core.package_identification:_identify(space_robotics_gz_envs/assets/cache/lunar_rock1) by extension 'python_setup_py'
[0.285s] Level 1:colcon.colcon_core.package_identification:_identify(space_robotics_gz_envs/assets/cache/lunar_rock1/meshes) by extensions ['ignore', 'ignore_ament_install']
[0.285s] Level 1:colcon.colcon_core.package_identification:_identify(space_robotics_gz_envs/assets/cache/lunar_rock1/meshes) by extension 'ignore'
[0.285s] Level 1:colcon.colcon_core.package_identification:_identify(space_robotics_gz_envs/assets/cache/lunar_rock1/meshes) by extension 'ignore_ament_install'
[0.285s] Level 1:colcon.colcon_core.package_identification:_identify(space_robotics_gz_envs/assets/cache/lunar_rock1/meshes) by extensions ['colcon_pkg']
[0.285s] Level 1:colcon.colcon_core.package_identification:_identify(space_robotics_gz_envs/assets/cache/lunar_rock1/meshes) by extension 'colcon_pkg'
[0.285s] Level 1:colcon.colcon_core.package_identification:_identify(space_robotics_gz_envs/assets/cache/lunar_rock1/meshes) by extensions ['colcon_meta']
[0.285s] Level 1:colcon.colcon_core.package_identification:_identify(space_robotics_gz_envs/assets/cache/lunar_rock1/meshes) by extension 'colcon_meta'
[0.285s] Level 1:colcon.colcon_core.package_identification:_identify(space_robotics_gz_envs/assets/cache/lunar_rock1/meshes) by extensions ['ros']
[0.285s] Level 1:colcon.colcon_core.package_identification:_identify(space_robotics_gz_envs/assets/cache/lunar_rock1/meshes) by extension 'ros'
[0.285s] Level 1:colcon.colcon_core.package_identification:_identify(space_robotics_gz_envs/assets/cache/lunar_rock1/meshes) by extensions ['cmake', 'python']
[0.285s] Level 1:colcon.colcon_core.package_identification:_identify(space_robotics_gz_envs/assets/cache/lunar_rock1/meshes) by extension 'cmake'
[0.285s] Level 1:colcon.colcon_core.package_identification:_identify(space_robotics_gz_envs/assets/cache/lunar_rock1/meshes) by extension 'python'
[0.285s] Level 1:colcon.colcon_core.package_identification:_identify(space_robotics_gz_envs/assets/cache/lunar_rock1/meshes) by extensions ['python_setup_py']
[0.285s] Level 1:colcon.colcon_core.package_identification:_identify(space_robotics_gz_envs/assets/cache/lunar_rock1/meshes) by extension 'python_setup_py'
[0.285s] Level 1:colcon.colcon_core.package_identification:_identify(space_robotics_gz_envs/assets/cache/lunar_rock1/thumbnails) by extensions ['ignore', 'ignore_ament_install']
[0.285s] Level 1:colcon.colcon_core.package_identification:_identify(space_robotics_gz_envs/assets/cache/lunar_rock1/thumbnails) by extension 'ignore'
[0.285s] Level 1:colcon.colcon_core.package_identification:_identify(space_robotics_gz_envs/assets/cache/lunar_rock1/thumbnails) by extension 'ignore_ament_install'
[0.285s] Level 1:colcon.colcon_core.package_identification:_identify(space_robotics_gz_envs/assets/cache/lunar_rock1/thumbnails) by extensions ['colcon_pkg']
[0.285s] Level 1:colcon.colcon_core.package_identification:_identify(space_robotics_gz_envs/assets/cache/lunar_rock1/thumbnails) by extension 'colcon_pkg'
[0.285s] Level 1:colcon.colcon_core.package_identification:_identify(space_robotics_gz_envs/assets/cache/lunar_rock1/thumbnails) by extensions ['colcon_meta']
[0.285s] Level 1:colcon.colcon_core.package_identification:_identify(space_robotics_gz_envs/assets/cache/lunar_rock1/thumbnails) by extension 'colcon_meta'
[0.285s] Level 1:colcon.colcon_core.package_identification:_identify(space_robotics_gz_envs/assets/cache/lunar_rock1/thumbnails) by extensions ['ros']
[0.285s] Level 1:colcon.colcon_core.package_identification:_identify(space_robotics_gz_envs/assets/cache/lunar_rock1/thumbnails) by extension 'ros'
[0.286s] Level 1:colcon.colcon_core.package_identification:_identify(space_robotics_gz_envs/assets/cache/lunar_rock1/thumbnails) by extensions ['cmake', 'python']
[0.286s] Level 1:colcon.colcon_core.package_identification:_identify(space_robotics_gz_envs/assets/cache/lunar_rock1/thumbnails) by extension 'cmake'
[0.286s] Level 1:colcon.colcon_core.package_identification:_identify(space_robotics_gz_envs/assets/cache/lunar_rock1/thumbnails) by extension 'python'
[0.286s] Level 1:colcon.colcon_core.package_identification:_identify(space_robotics_gz_envs/assets/cache/lunar_rock1/thumbnails) by extensions ['python_setup_py']
[0.286s] Level 1:colcon.colcon_core.package_identification:_identify(space_robotics_gz_envs/assets/cache/lunar_rock1/thumbnails) by extension 'python_setup_py'
[0.286s] Level 1:colcon.colcon_core.package_identification:_identify(space_robotics_gz_envs/assets/cache/lunar_rock10) by extensions ['ignore', 'ignore_ament_install']
[0.286s] Level 1:colcon.colcon_core.package_identification:_identify(space_robotics_gz_envs/assets/cache/lunar_rock10) by extension 'ignore'
[0.286s] Level 1:colcon.colcon_core.package_identification:_identify(space_robotics_gz_envs/assets/cache/lunar_rock10) by extension 'ignore_ament_install'
[0.286s] Level 1:colcon.colcon_core.package_identification:_identify(space_robotics_gz_envs/assets/cache/lunar_rock10) by extensions ['colcon_pkg']
[0.286s] Level 1:colcon.colcon_core.package_identification:_identify(space_robotics_gz_envs/assets/cache/lunar_rock10) by extension 'colcon_pkg'
[0.286s] Level 1:colcon.colcon_core.package_identification:_identify(space_robotics_gz_envs/assets/cache/lunar_rock10) by extensions ['colcon_meta']
[0.286s] Level 1:colcon.colcon_core.package_identification:_identify(space_robotics_gz_envs/assets/cache/lunar_rock10) by extension 'colcon_meta'
[0.286s] Level 1:colcon.colcon_core.package_identification:_identify(space_robotics_gz_envs/assets/cache/lunar_rock10) by extensions ['ros']
[0.286s] Level 1:colcon.colcon_core.package_identification:_identify(space_robotics_gz_envs/assets/cache/lunar_rock10) by extension 'ros'
[0.286s] Level 1:colcon.colcon_core.package_identification:_identify(space_robotics_gz_envs/assets/cache/lunar_rock10) by extensions ['cmake', 'python']
[0.286s] Level 1:colcon.colcon_core.package_identification:_identify(space_robotics_gz_envs/assets/cache/lunar_rock10) by extension 'cmake'
[0.286s] Level 1:colcon.colcon_core.package_identification:_identify(space_robotics_gz_envs/assets/cache/lunar_rock10) by extension 'python'
[0.286s] Level 1:colcon.colcon_core.package_identification:_identify(space_robotics_gz_envs/assets/cache/lunar_rock10) by extensions ['python_setup_py']
[0.286s] Level 1:colcon.colcon_core.package_identification:_identify(space_robotics_gz_envs/assets/cache/lunar_rock10) by extension 'python_setup_py'
[0.286s] Level 1:colcon.colcon_core.package_identification:_identify(space_robotics_gz_envs/assets/cache/lunar_rock10/meshes) by extensions ['ignore', 'ignore_ament_install']
[0.286s] Level 1:colcon.colcon_core.package_identification:_identify(space_robotics_gz_envs/assets/cache/lunar_rock10/meshes) by extension 'ignore'
[0.287s] Level 1:colcon.colcon_core.package_identification:_identify(space_robotics_gz_envs/assets/cache/lunar_rock10/meshes) by extension 'ignore_ament_install'
[0.287s] Level 1:colcon.colcon_core.package_identification:_identify(space_robotics_gz_envs/assets/cache/lunar_rock10/meshes) by extensions ['colcon_pkg']
[0.287s] Level 1:colcon.colcon_core.package_identification:_identify(space_robotics_gz_envs/assets/cache/lunar_rock10/meshes) by extension 'colcon_pkg'
[0.287s] Level 1:colcon.colcon_core.package_identification:_identify(space_robotics_gz_envs/assets/cache/lunar_rock10/meshes) by extensions ['colcon_meta']
[0.287s] Level 1:colcon.colcon_core.package_identification:_identify(space_robotics_gz_envs/assets/cache/lunar_rock10/meshes) by extension 'colcon_meta'
[0.287s] Level 1:colcon.colcon_core.package_identification:_identify(space_robotics_gz_envs/assets/cache/lunar_rock10/meshes) by extensions ['ros']
[0.287s] Level 1:colcon.colcon_core.package_identification:_identify(space_robotics_gz_envs/assets/cache/lunar_rock10/meshes) by extension 'ros'
[0.287s] Level 1:colcon.colcon_core.package_identification:_identify(space_robotics_gz_envs/assets/cache/lunar_rock10/meshes) by extensions ['cmake', 'python']
[0.287s] Level 1:colcon.colcon_core.package_identification:_identify(space_robotics_gz_envs/assets/cache/lunar_rock10/meshes) by extension 'cmake'
[0.287s] Level 1:colcon.colcon_core.package_identification:_identify(space_robotics_gz_envs/assets/cache/lunar_rock10/meshes) by extension 'python'
[0.287s] Level 1:colcon.colcon_core.package_identification:_identify(space_robotics_gz_envs/assets/cache/lunar_rock10/meshes) by extensions ['python_setup_py']
[0.287s] Level 1:colcon.colcon_core.package_identification:_identify(space_robotics_gz_envs/assets/cache/lunar_rock10/meshes) by extension 'python_setup_py'
[0.287s] Level 1:colcon.colcon_core.package_identification:_identify(space_robotics_gz_envs/assets/cache/lunar_rock10/thumbnails) by extensions ['ignore', 'ignore_ament_install']
[0.287s] Level 1:colcon.colcon_core.package_identification:_identify(space_robotics_gz_envs/assets/cache/lunar_rock10/thumbnails) by extension 'ignore'
[0.287s] Level 1:colcon.colcon_core.package_identification:_identify(space_robotics_gz_envs/assets/cache/lunar_rock10/thumbnails) by extension 'ignore_ament_install'
[0.287s] Level 1:colcon.colcon_core.package_identification:_identify(space_robotics_gz_envs/assets/cache/lunar_rock10/thumbnails) by extensions ['colcon_pkg']
[0.287s] Level 1:colcon.colcon_core.package_identification:_identify(space_robotics_gz_envs/assets/cache/lunar_rock10/thumbnails) by extension 'colcon_pkg'
[0.287s] Level 1:colcon.colcon_core.package_identification:_identify(space_robotics_gz_envs/assets/cache/lunar_rock10/thumbnails) by extensions ['colcon_meta']
[0.287s] Level 1:colcon.colcon_core.package_identification:_identify(space_robotics_gz_envs/assets/cache/lunar_rock10/thumbnails) by extension 'colcon_meta'
[0.287s] Level 1:colcon.colcon_core.package_identification:_identify(space_robotics_gz_envs/assets/cache/lunar_rock10/thumbnails) by extensions ['ros']
[0.287s] Level 1:colcon.colcon_core.package_identification:_identify(space_robotics_gz_envs/assets/cache/lunar_rock10/thumbnails) by extension 'ros'
[0.287s] Level 1:colcon.colcon_core.package_identification:_identify(space_robotics_gz_envs/assets/cache/lunar_rock10/thumbnails) by extensions ['cmake', 'python']
[0.288s] Level 1:colcon.colcon_core.package_identification:_identify(space_robotics_gz_envs/assets/cache/lunar_rock10/thumbnails) by extension 'cmake'
[0.288s] Level 1:colcon.colcon_core.package_identification:_identify(space_robotics_gz_envs/assets/cache/lunar_rock10/thumbnails) by extension 'python'
[0.288s] Level 1:colcon.colcon_core.package_identification:_identify(space_robotics_gz_envs/assets/cache/lunar_rock10/thumbnails) by extensions ['python_setup_py']
[0.288s] Level 1:colcon.colcon_core.package_identification:_identify(space_robotics_gz_envs/assets/cache/lunar_rock10/thumbnails) by extension 'python_setup_py'
[0.288s] Level 1:colcon.colcon_core.package_identification:_identify(space_robotics_gz_envs/assets/cache/lunar_rock11) by extensions ['ignore', 'ignore_ament_install']
[0.288s] Level 1:colcon.colcon_core.package_identification:_identify(space_robotics_gz_envs/assets/cache/lunar_rock11) by extension 'ignore'
[0.288s] Level 1:colcon.colcon_core.package_identification:_identify(space_robotics_gz_envs/assets/cache/lunar_rock11) by extension 'ignore_ament_install'
[0.288s] Level 1:colcon.colcon_core.package_identification:_identify(space_robotics_gz_envs/assets/cache/lunar_rock11) by extensions ['colcon_pkg']
[0.288s] Level 1:colcon.colcon_core.package_identification:_identify(space_robotics_gz_envs/assets/cache/lunar_rock11) by extension 'colcon_pkg'
[0.288s] Level 1:colcon.colcon_core.package_identification:_identify(space_robotics_gz_envs/assets/cache/lunar_rock11) by extensions ['colcon_meta']
[0.288s] Level 1:colcon.colcon_core.package_identification:_identify(space_robotics_gz_envs/assets/cache/lunar_rock11) by extension 'colcon_meta'
[0.288s] Level 1:colcon.colcon_core.package_identification:_identify(space_robotics_gz_envs/assets/cache/lunar_rock11) by extensions ['ros']
[0.288s] Level 1:colcon.colcon_core.package_identification:_identify(space_robotics_gz_envs/assets/cache/lunar_rock11) by extension 'ros'
[0.288s] Level 1:colcon.colcon_core.package_identification:_identify(space_robotics_gz_envs/assets/cache/lunar_rock11) by extensions ['cmake', 'python']
[0.288s] Level 1:colcon.colcon_core.package_identification:_identify(space_robotics_gz_envs/assets/cache/lunar_rock11) by extension 'cmake'
[0.288s] Level 1:colcon.colcon_core.package_identification:_identify(space_robotics_gz_envs/assets/cache/lunar_rock11) by extension 'python'
[0.288s] Level 1:colcon.colcon_core.package_identification:_identify(space_robotics_gz_envs/assets/cache/lunar_rock11) by extensions ['python_setup_py']
[0.289s] Level 1:colcon.colcon_core.package_identification:_identify(space_robotics_gz_envs/assets/cache/lunar_rock11) by extension 'python_setup_py'
[0.289s] Level 1:colcon.colcon_core.package_identification:_identify(space_robotics_gz_envs/assets/cache/lunar_rock11/meshes) by extensions ['ignore', 'ignore_ament_install']
[0.289s] Level 1:colcon.colcon_core.package_identification:_identify(space_robotics_gz_envs/assets/cache/lunar_rock11/meshes) by extension 'ignore'
[0.289s] Level 1:colcon.colcon_core.package_identification:_identify(space_robotics_gz_envs/assets/cache/lunar_rock11/meshes) by extension 'ignore_ament_install'
[0.289s] Level 1:colcon.colcon_core.package_identification:_identify(space_robotics_gz_envs/assets/cache/lunar_rock11/meshes) by extensions ['colcon_pkg']
[0.289s] Level 1:colcon.colcon_core.package_identification:_identify(space_robotics_gz_envs/assets/cache/lunar_rock11/meshes) by extension 'colcon_pkg'
[0.289s] Level 1:colcon.colcon_core.package_identification:_identify(space_robotics_gz_envs/assets/cache/lunar_rock11/meshes) by extensions ['colcon_meta']
[0.289s] Level 1:colcon.colcon_core.package_identification:_identify(space_robotics_gz_envs/assets/cache/lunar_rock11/meshes) by extension 'colcon_meta'
[0.289s] Level 1:colcon.colcon_core.package_identification:_identify(space_robotics_gz_envs/assets/cache/lunar_rock11/meshes) by extensions ['ros']
[0.289s] Level 1:colcon.colcon_core.package_identification:_identify(space_robotics_gz_envs/assets/cache/lunar_rock11/meshes) by extension 'ros'
[0.289s] Level 1:colcon.colcon_core.package_identification:_identify(space_robotics_gz_envs/assets/cache/lunar_rock11/meshes) by extensions ['cmake', 'python']
[0.289s] Level 1:colcon.colcon_core.package_identification:_identify(space_robotics_gz_envs/assets/cache/lunar_rock11/meshes) by extension 'cmake'
[0.289s] Level 1:colcon.colcon_core.package_identification:_identify(space_robotics_gz_envs/assets/cache/lunar_rock11/meshes) by extension 'python'
[0.289s] Level 1:colcon.colcon_core.package_identification:_identify(space_robotics_gz_envs/assets/cache/lunar_rock11/meshes) by extensions ['python_setup_py']
[0.289s] Level 1:colcon.colcon_core.package_identification:_identify(space_robotics_gz_envs/assets/cache/lunar_rock11/meshes) by extension 'python_setup_py'
[0.289s] Level 1:colcon.colcon_core.package_identification:_identify(space_robotics_gz_envs/assets/cache/lunar_rock11/thumbnails) by extensions ['ignore', 'ignore_ament_install']
[0.289s] Level 1:colcon.colcon_core.package_identification:_identify(space_robotics_gz_envs/assets/cache/lunar_rock11/thumbnails) by extension 'ignore'
[0.289s] Level 1:colcon.colcon_core.package_identification:_identify(space_robotics_gz_envs/assets/cache/lunar_rock11/thumbnails) by extension 'ignore_ament_install'
[0.290s] Level 1:colcon.colcon_core.package_identification:_identify(space_robotics_gz_envs/assets/cache/lunar_rock11/thumbnails) by extensions ['colcon_pkg']
[0.290s] Level 1:colcon.colcon_core.package_identification:_identify(space_robotics_gz_envs/assets/cache/lunar_rock11/thumbnails) by extension 'colcon_pkg'
[0.290s] Level 1:colcon.colcon_core.package_identification:_identify(space_robotics_gz_envs/assets/cache/lunar_rock11/thumbnails) by extensions ['colcon_meta']
[0.290s] Level 1:colcon.colcon_core.package_identification:_identify(space_robotics_gz_envs/assets/cache/lunar_rock11/thumbnails) by extension 'colcon_meta'
[0.290s] Level 1:colcon.colcon_core.package_identification:_identify(space_robotics_gz_envs/assets/cache/lunar_rock11/thumbnails) by extensions ['ros']
[0.290s] Level 1:colcon.colcon_core.package_identification:_identify(space_robotics_gz_envs/assets/cache/lunar_rock11/thumbnails) by extension 'ros'
[0.290s] Level 1:colcon.colcon_core.package_identification:_identify(space_robotics_gz_envs/assets/cache/lunar_rock11/thumbnails) by extensions ['cmake', 'python']
[0.290s] Level 1:colcon.colcon_core.package_identification:_identify(space_robotics_gz_envs/assets/cache/lunar_rock11/thumbnails) by extension 'cmake'
[0.290s] Level 1:colcon.colcon_core.package_identification:_identify(space_robotics_gz_envs/assets/cache/lunar_rock11/thumbnails) by extension 'python'
[0.290s] Level 1:colcon.colcon_core.package_identification:_identify(space_robotics_gz_envs/assets/cache/lunar_rock11/thumbnails) by extensions ['python_setup_py']
[0.290s] Level 1:colcon.colcon_core.package_identification:_identify(space_robotics_gz_envs/assets/cache/lunar_rock11/thumbnails) by extension 'python_setup_py'
[0.290s] Level 1:colcon.colcon_core.package_identification:_identify(space_robotics_gz_envs/assets/cache/lunar_rock12) by extensions ['ignore', 'ignore_ament_install']
[0.290s] Level 1:colcon.colcon_core.package_identification:_identify(space_robotics_gz_envs/assets/cache/lunar_rock12) by extension 'ignore'
[0.290s] Level 1:colcon.colcon_core.package_identification:_identify(space_robotics_gz_envs/assets/cache/lunar_rock12) by extension 'ignore_ament_install'
[0.290s] Level 1:colcon.colcon_core.package_identification:_identify(space_robotics_gz_envs/assets/cache/lunar_rock12) by extensions ['colcon_pkg']
[0.290s] Level 1:colcon.colcon_core.package_identification:_identify(space_robotics_gz_envs/assets/cache/lunar_rock12) by extension 'colcon_pkg'
[0.290s] Level 1:colcon.colcon_core.package_identification:_identify(space_robotics_gz_envs/assets/cache/lunar_rock12) by extensions ['colcon_meta']
[0.290s] Level 1:colcon.colcon_core.package_identification:_identify(space_robotics_gz_envs/assets/cache/lunar_rock12) by extension 'colcon_meta'
[0.290s] Level 1:colcon.colcon_core.package_identification:_identify(space_robotics_gz_envs/assets/cache/lunar_rock12) by extensions ['ros']
[0.290s] Level 1:colcon.colcon_core.package_identification:_identify(space_robotics_gz_envs/assets/cache/lunar_rock12) by extension 'ros'
[0.290s] Level 1:colcon.colcon_core.package_identification:_identify(space_robotics_gz_envs/assets/cache/lunar_rock12) by extensions ['cmake', 'python']
[0.290s] Level 1:colcon.colcon_core.package_identification:_identify(space_robotics_gz_envs/assets/cache/lunar_rock12) by extension 'cmake'
[0.290s] Level 1:colcon.colcon_core.package_identification:_identify(space_robotics_gz_envs/assets/cache/lunar_rock12) by extension 'python'
[0.290s] Level 1:colcon.colcon_core.package_identification:_identify(space_robotics_gz_envs/assets/cache/lunar_rock12) by extensions ['python_setup_py']
[0.290s] Level 1:colcon.colcon_core.package_identification:_identify(space_robotics_gz_envs/assets/cache/lunar_rock12) by extension 'python_setup_py'
[0.291s] Level 1:colcon.colcon_core.package_identification:_identify(space_robotics_gz_envs/assets/cache/lunar_rock12/meshes) by extensions ['ignore', 'ignore_ament_install']
[0.291s] Level 1:colcon.colcon_core.package_identification:_identify(space_robotics_gz_envs/assets/cache/lunar_rock12/meshes) by extension 'ignore'
[0.291s] Level 1:colcon.colcon_core.package_identification:_identify(space_robotics_gz_envs/assets/cache/lunar_rock12/meshes) by extension 'ignore_ament_install'
[0.291s] Level 1:colcon.colcon_core.package_identification:_identify(space_robotics_gz_envs/assets/cache/lunar_rock12/meshes) by extensions ['colcon_pkg']
[0.291s] Level 1:colcon.colcon_core.package_identification:_identify(space_robotics_gz_envs/assets/cache/lunar_rock12/meshes) by extension 'colcon_pkg'
[0.291s] Level 1:colcon.colcon_core.package_identification:_identify(space_robotics_gz_envs/assets/cache/lunar_rock12/meshes) by extensions ['colcon_meta']
[0.291s] Level 1:colcon.colcon_core.package_identification:_identify(space_robotics_gz_envs/assets/cache/lunar_rock12/meshes) by extension 'colcon_meta'
[0.291s] Level 1:colcon.colcon_core.package_identification:_identify(space_robotics_gz_envs/assets/cache/lunar_rock12/meshes) by extensions ['ros']
[0.291s] Level 1:colcon.colcon_core.package_identification:_identify(space_robotics_gz_envs/assets/cache/lunar_rock12/meshes) by extension 'ros'
[0.291s] Level 1:colcon.colcon_core.package_identification:_identify(space_robotics_gz_envs/assets/cache/lunar_rock12/meshes) by extensions ['cmake', 'python']
[0.291s] Level 1:colcon.colcon_core.package_identification:_identify(space_robotics_gz_envs/assets/cache/lunar_rock12/meshes) by extension 'cmake'
[0.291s] Level 1:colcon.colcon_core.package_identification:_identify(space_robotics_gz_envs/assets/cache/lunar_rock12/meshes) by extension 'python'
[0.291s] Level 1:colcon.colcon_core.package_identification:_identify(space_robotics_gz_envs/assets/cache/lunar_rock12/meshes) by extensions ['python_setup_py']
[0.291s] Level 1:colcon.colcon_core.package_identification:_identify(space_robotics_gz_envs/assets/cache/lunar_rock12/meshes) by extension 'python_setup_py'
[0.291s] Level 1:colcon.colcon_core.package_identification:_identify(space_robotics_gz_envs/assets/cache/lunar_rock12/thumbnails) by extensions ['ignore', 'ignore_ament_install']
[0.291s] Level 1:colcon.colcon_core.package_identification:_identify(space_robotics_gz_envs/assets/cache/lunar_rock12/thumbnails) by extension 'ignore'
[0.291s] Level 1:colcon.colcon_core.package_identification:_identify(space_robotics_gz_envs/assets/cache/lunar_rock12/thumbnails) by extension 'ignore_ament_install'
[0.291s] Level 1:colcon.colcon_core.package_identification:_identify(space_robotics_gz_envs/assets/cache/lunar_rock12/thumbnails) by extensions ['colcon_pkg']
[0.291s] Level 1:colcon.colcon_core.package_identification:_identify(space_robotics_gz_envs/assets/cache/lunar_rock12/thumbnails) by extension 'colcon_pkg'
[0.291s] Level 1:colcon.colcon_core.package_identification:_identify(space_robotics_gz_envs/assets/cache/lunar_rock12/thumbnails) by extensions ['colcon_meta']
[0.291s] Level 1:colcon.colcon_core.package_identification:_identify(space_robotics_gz_envs/assets/cache/lunar_rock12/thumbnails) by extension 'colcon_meta'
[0.292s] Level 1:colcon.colcon_core.package_identification:_identify(space_robotics_gz_envs/assets/cache/lunar_rock12/thumbnails) by extensions ['ros']
[0.292s] Level 1:colcon.colcon_core.package_identification:_identify(space_robotics_gz_envs/assets/cache/lunar_rock12/thumbnails) by extension 'ros'
[0.292s] Level 1:colcon.colcon_core.package_identification:_identify(space_robotics_gz_envs/assets/cache/lunar_rock12/thumbnails) by extensions ['cmake', 'python']
[0.292s] Level 1:colcon.colcon_core.package_identification:_identify(space_robotics_gz_envs/assets/cache/lunar_rock12/thumbnails) by extension 'cmake'
[0.292s] Level 1:colcon.colcon_core.package_identification:_identify(space_robotics_gz_envs/assets/cache/lunar_rock12/thumbnails) by extension 'python'
[0.292s] Level 1:colcon.colcon_core.package_identification:_identify(space_robotics_gz_envs/assets/cache/lunar_rock12/thumbnails) by extensions ['python_setup_py']
[0.292s] Level 1:colcon.colcon_core.package_identification:_identify(space_robotics_gz_envs/assets/cache/lunar_rock12/thumbnails) by extension 'python_setup_py'
[0.292s] Level 1:colcon.colcon_core.package_identification:_identify(space_robotics_gz_envs/assets/cache/lunar_rock13) by extensions ['ignore', 'ignore_ament_install']
[0.292s] Level 1:colcon.colcon_core.package_identification:_identify(space_robotics_gz_envs/assets/cache/lunar_rock13) by extension 'ignore'
[0.292s] Level 1:colcon.colcon_core.package_identification:_identify(space_robotics_gz_envs/assets/cache/lunar_rock13) by extension 'ignore_ament_install'
[0.292s] Level 1:colcon.colcon_core.package_identification:_identify(space_robotics_gz_envs/assets/cache/lunar_rock13) by extensions ['colcon_pkg']
[0.292s] Level 1:colcon.colcon_core.package_identification:_identify(space_robotics_gz_envs/assets/cache/lunar_rock13) by extension 'colcon_pkg'
[0.292s] Level 1:colcon.colcon_core.package_identification:_identify(space_robotics_gz_envs/assets/cache/lunar_rock13) by extensions ['colcon_meta']
[0.292s] Level 1:colcon.colcon_core.package_identification:_identify(space_robotics_gz_envs/assets/cache/lunar_rock13) by extension 'colcon_meta'
[0.292s] Level 1:colcon.colcon_core.package_identification:_identify(space_robotics_gz_envs/assets/cache/lunar_rock13) by extensions ['ros']
[0.292s] Level 1:colcon.colcon_core.package_identification:_identify(space_robotics_gz_envs/assets/cache/lunar_rock13) by extension 'ros'
[0.292s] Level 1:colcon.colcon_core.package_identification:_identify(space_robotics_gz_envs/assets/cache/lunar_rock13) by extensions ['cmake', 'python']
[0.292s] Level 1:colcon.colcon_core.package_identification:_identify(space_robotics_gz_envs/assets/cache/lunar_rock13) by extension 'cmake'
[0.292s] Level 1:colcon.colcon_core.package_identification:_identify(space_robotics_gz_envs/assets/cache/lunar_rock13) by extension 'python'
[0.292s] Level 1:colcon.colcon_core.package_identification:_identify(space_robotics_gz_envs/assets/cache/lunar_rock13) by extensions ['python_setup_py']
[0.292s] Level 1:colcon.colcon_core.package_identification:_identify(space_robotics_gz_envs/assets/cache/lunar_rock13) by extension 'python_setup_py'
[0.292s] Level 1:colcon.colcon_core.package_identification:_identify(space_robotics_gz_envs/assets/cache/lunar_rock13/meshes) by extensions ['ignore', 'ignore_ament_install']
[0.292s] Level 1:colcon.colcon_core.package_identification:_identify(space_robotics_gz_envs/assets/cache/lunar_rock13/meshes) by extension 'ignore'
[0.292s] Level 1:colcon.colcon_core.package_identification:_identify(space_robotics_gz_envs/assets/cache/lunar_rock13/meshes) by extension 'ignore_ament_install'
[0.292s] Level 1:colcon.colcon_core.package_identification:_identify(space_robotics_gz_envs/assets/cache/lunar_rock13/meshes) by extensions ['colcon_pkg']
[0.292s] Level 1:colcon.colcon_core.package_identification:_identify(space_robotics_gz_envs/assets/cache/lunar_rock13/meshes) by extension 'colcon_pkg'
[0.292s] Level 1:colcon.colcon_core.package_identification:_identify(space_robotics_gz_envs/assets/cache/lunar_rock13/meshes) by extensions ['colcon_meta']
[0.292s] Level 1:colcon.colcon_core.package_identification:_identify(space_robotics_gz_envs/assets/cache/lunar_rock13/meshes) by extension 'colcon_meta'
[0.292s] Level 1:colcon.colcon_core.package_identification:_identify(space_robotics_gz_envs/assets/cache/lunar_rock13/meshes) by extensions ['ros']
[0.292s] Level 1:colcon.colcon_core.package_identification:_identify(space_robotics_gz_envs/assets/cache/lunar_rock13/meshes) by extension 'ros'
[0.293s] Level 1:colcon.colcon_core.package_identification:_identify(space_robotics_gz_envs/assets/cache/lunar_rock13/meshes) by extensions ['cmake', 'python']
[0.293s] Level 1:colcon.colcon_core.package_identification:_identify(space_robotics_gz_envs/assets/cache/lunar_rock13/meshes) by extension 'cmake'
[0.293s] Level 1:colcon.colcon_core.package_identification:_identify(space_robotics_gz_envs/assets/cache/lunar_rock13/meshes) by extension 'python'
[0.293s] Level 1:colcon.colcon_core.package_identification:_identify(space_robotics_gz_envs/assets/cache/lunar_rock13/meshes) by extensions ['python_setup_py']
[0.293s] Level 1:colcon.colcon_core.package_identification:_identify(space_robotics_gz_envs/assets/cache/lunar_rock13/meshes) by extension 'python_setup_py'
[0.293s] Level 1:colcon.colcon_core.package_identification:_identify(space_robotics_gz_envs/assets/cache/lunar_rock13/thumbnails) by extensions ['ignore', 'ignore_ament_install']
[0.293s] Level 1:colcon.colcon_core.package_identification:_identify(space_robotics_gz_envs/assets/cache/lunar_rock13/thumbnails) by extension 'ignore'
[0.293s] Level 1:colcon.colcon_core.package_identification:_identify(space_robotics_gz_envs/assets/cache/lunar_rock13/thumbnails) by extension 'ignore_ament_install'
[0.293s] Level 1:colcon.colcon_core.package_identification:_identify(space_robotics_gz_envs/assets/cache/lunar_rock13/thumbnails) by extensions ['colcon_pkg']
[0.293s] Level 1:colcon.colcon_core.package_identification:_identify(space_robotics_gz_envs/assets/cache/lunar_rock13/thumbnails) by extension 'colcon_pkg'
[0.293s] Level 1:colcon.colcon_core.package_identification:_identify(space_robotics_gz_envs/assets/cache/lunar_rock13/thumbnails) by extensions ['colcon_meta']
[0.293s] Level 1:colcon.colcon_core.package_identification:_identify(space_robotics_gz_envs/assets/cache/lunar_rock13/thumbnails) by extension 'colcon_meta'
[0.293s] Level 1:colcon.colcon_core.package_identification:_identify(space_robotics_gz_envs/assets/cache/lunar_rock13/thumbnails) by extensions ['ros']
[0.293s] Level 1:colcon.colcon_core.package_identification:_identify(space_robotics_gz_envs/assets/cache/lunar_rock13/thumbnails) by extension 'ros'
[0.293s] Level 1:colcon.colcon_core.package_identification:_identify(space_robotics_gz_envs/assets/cache/lunar_rock13/thumbnails) by extensions ['cmake', 'python']
[0.293s] Level 1:colcon.colcon_core.package_identification:_identify(space_robotics_gz_envs/assets/cache/lunar_rock13/thumbnails) by extension 'cmake'
[0.293s] Level 1:colcon.colcon_core.package_identification:_identify(space_robotics_gz_envs/assets/cache/lunar_rock13/thumbnails) by extension 'python'
[0.293s] Level 1:colcon.colcon_core.package_identification:_identify(space_robotics_gz_envs/assets/cache/lunar_rock13/thumbnails) by extensions ['python_setup_py']
[0.293s] Level 1:colcon.colcon_core.package_identification:_identify(space_robotics_gz_envs/assets/cache/lunar_rock13/thumbnails) by extension 'python_setup_py'
[0.293s] Level 1:colcon.colcon_core.package_identification:_identify(space_robotics_gz_envs/assets/cache/lunar_rock14) by extensions ['ignore', 'ignore_ament_install']
[0.293s] Level 1:colcon.colcon_core.package_identification:_identify(space_robotics_gz_envs/assets/cache/lunar_rock14) by extension 'ignore'
[0.293s] Level 1:colcon.colcon_core.package_identification:_identify(space_robotics_gz_envs/assets/cache/lunar_rock14) by extension 'ignore_ament_install'
[0.293s] Level 1:colcon.colcon_core.package_identification:_identify(space_robotics_gz_envs/assets/cache/lunar_rock14) by extensions ['colcon_pkg']
[0.293s] Level 1:colcon.colcon_core.package_identification:_identify(space_robotics_gz_envs/assets/cache/lunar_rock14) by extension 'colcon_pkg'
[0.293s] Level 1:colcon.colcon_core.package_identification:_identify(space_robotics_gz_envs/assets/cache/lunar_rock14) by extensions ['colcon_meta']
[0.293s] Level 1:colcon.colcon_core.package_identification:_identify(space_robotics_gz_envs/assets/cache/lunar_rock14) by extension 'colcon_meta'
[0.294s] Level 1:colcon.colcon_core.package_identification:_identify(space_robotics_gz_envs/assets/cache/lunar_rock14) by extensions ['ros']
[0.294s] Level 1:colcon.colcon_core.package_identification:_identify(space_robotics_gz_envs/assets/cache/lunar_rock14) by extension 'ros'
[0.294s] Level 1:colcon.colcon_core.package_identification:_identify(space_robotics_gz_envs/assets/cache/lunar_rock14) by extensions ['cmake', 'python']
[0.294s] Level 1:colcon.colcon_core.package_identification:_identify(space_robotics_gz_envs/assets/cache/lunar_rock14) by extension 'cmake'
[0.294s] Level 1:colcon.colcon_core.package_identification:_identify(space_robotics_gz_envs/assets/cache/lunar_rock14) by extension 'python'
[0.294s] Level 1:colcon.colcon_core.package_identification:_identify(space_robotics_gz_envs/assets/cache/lunar_rock14) by extensions ['python_setup_py']
[0.294s] Level 1:colcon.colcon_core.package_identification:_identify(space_robotics_gz_envs/assets/cache/lunar_rock14) by extension 'python_setup_py'
[0.294s] Level 1:colcon.colcon_core.package_identification:_identify(space_robotics_gz_envs/assets/cache/lunar_rock14/meshes) by extensions ['ignore', 'ignore_ament_install']
[0.294s] Level 1:colcon.colcon_core.package_identification:_identify(space_robotics_gz_envs/assets/cache/lunar_rock14/meshes) by extension 'ignore'
[0.294s] Level 1:colcon.colcon_core.package_identification:_identify(space_robotics_gz_envs/assets/cache/lunar_rock14/meshes) by extension 'ignore_ament_install'
[0.294s] Level 1:colcon.colcon_core.package_identification:_identify(space_robotics_gz_envs/assets/cache/lunar_rock14/meshes) by extensions ['colcon_pkg']
[0.294s] Level 1:colcon.colcon_core.package_identification:_identify(space_robotics_gz_envs/assets/cache/lunar_rock14/meshes) by extension 'colcon_pkg'
[0.294s] Level 1:colcon.colcon_core.package_identification:_identify(space_robotics_gz_envs/assets/cache/lunar_rock14/meshes) by extensions ['colcon_meta']
[0.294s] Level 1:colcon.colcon_core.package_identification:_identify(space_robotics_gz_envs/assets/cache/lunar_rock14/meshes) by extension 'colcon_meta'
[0.294s] Level 1:colcon.colcon_core.package_identification:_identify(space_robotics_gz_envs/assets/cache/lunar_rock14/meshes) by extensions ['ros']
[0.294s] Level 1:colcon.colcon_core.package_identification:_identify(space_robotics_gz_envs/assets/cache/lunar_rock14/meshes) by extension 'ros'
[0.294s] Level 1:colcon.colcon_core.package_identification:_identify(space_robotics_gz_envs/assets/cache/lunar_rock14/meshes) by extensions ['cmake', 'python']
[0.294s] Level 1:colcon.colcon_core.package_identification:_identify(space_robotics_gz_envs/assets/cache/lunar_rock14/meshes) by extension 'cmake'
[0.294s] Level 1:colcon.colcon_core.package_identification:_identify(space_robotics_gz_envs/assets/cache/lunar_rock14/meshes) by extension 'python'
[0.294s] Level 1:colcon.colcon_core.package_identification:_identify(space_robotics_gz_envs/assets/cache/lunar_rock14/meshes) by extensions ['python_setup_py']
[0.294s] Level 1:colcon.colcon_core.package_identification:_identify(space_robotics_gz_envs/assets/cache/lunar_rock14/meshes) by extension 'python_setup_py'
[0.294s] Level 1:colcon.colcon_core.package_identification:_identify(space_robotics_gz_envs/assets/cache/lunar_rock14/thumbnails) by extensions ['ignore', 'ignore_ament_install']
[0.294s] Level 1:colcon.colcon_core.package_identification:_identify(space_robotics_gz_envs/assets/cache/lunar_rock14/thumbnails) by extension 'ignore'
[0.294s] Level 1:colcon.colcon_core.package_identification:_identify(space_robotics_gz_envs/assets/cache/lunar_rock14/thumbnails) by extension 'ignore_ament_install'
[0.294s] Level 1:colcon.colcon_core.package_identification:_identify(space_robotics_gz_envs/assets/cache/lunar_rock14/thumbnails) by extensions ['colcon_pkg']
[0.294s] Level 1:colcon.colcon_core.package_identification:_identify(space_robotics_gz_envs/assets/cache/lunar_rock14/thumbnails) by extension 'colcon_pkg'
[0.295s] Level 1:colcon.colcon_core.package_identification:_identify(space_robotics_gz_envs/assets/cache/lunar_rock14/thumbnails) by extensions ['colcon_meta']
[0.295s] Level 1:colcon.colcon_core.package_identification:_identify(space_robotics_gz_envs/assets/cache/lunar_rock14/thumbnails) by extension 'colcon_meta'
[0.295s] Level 1:colcon.colcon_core.package_identification:_identify(space_robotics_gz_envs/assets/cache/lunar_rock14/thumbnails) by extensions ['ros']
[0.295s] Level 1:colcon.colcon_core.package_identification:_identify(space_robotics_gz_envs/assets/cache/lunar_rock14/thumbnails) by extension 'ros'
[0.295s] Level 1:colcon.colcon_core.package_identification:_identify(space_robotics_gz_envs/assets/cache/lunar_rock14/thumbnails) by extensions ['cmake', 'python']
[0.295s] Level 1:colcon.colcon_core.package_identification:_identify(space_robotics_gz_envs/assets/cache/lunar_rock14/thumbnails) by extension 'cmake'
[0.295s] Level 1:colcon.colcon_core.package_identification:_identify(space_robotics_gz_envs/assets/cache/lunar_rock14/thumbnails) by extension 'python'
[0.295s] Level 1:colcon.colcon_core.package_identification:_identify(space_robotics_gz_envs/assets/cache/lunar_rock14/thumbnails) by extensions ['python_setup_py']
[0.295s] Level 1:colcon.colcon_core.package_identification:_identify(space_robotics_gz_envs/assets/cache/lunar_rock14/thumbnails) by extension 'python_setup_py'
[0.295s] Level 1:colcon.colcon_core.package_identification:_identify(space_robotics_gz_envs/assets/cache/lunar_rock15) by extensions ['ignore', 'ignore_ament_install']
[0.295s] Level 1:colcon.colcon_core.package_identification:_identify(space_robotics_gz_envs/assets/cache/lunar_rock15) by extension 'ignore'
[0.295s] Level 1:colcon.colcon_core.package_identification:_identify(space_robotics_gz_envs/assets/cache/lunar_rock15) by extension 'ignore_ament_install'
[0.295s] Level 1:colcon.colcon_core.package_identification:_identify(space_robotics_gz_envs/assets/cache/lunar_rock15) by extensions ['colcon_pkg']
[0.295s] Level 1:colcon.colcon_core.package_identification:_identify(space_robotics_gz_envs/assets/cache/lunar_rock15) by extension 'colcon_pkg'
[0.295s] Level 1:colcon.colcon_core.package_identification:_identify(space_robotics_gz_envs/assets/cache/lunar_rock15) by extensions ['colcon_meta']
[0.295s] Level 1:colcon.colcon_core.package_identification:_identify(space_robotics_gz_envs/assets/cache/lunar_rock15) by extension 'colcon_meta'
[0.295s] Level 1:colcon.colcon_core.package_identification:_identify(space_robotics_gz_envs/assets/cache/lunar_rock15) by extensions ['ros']
[0.295s] Level 1:colcon.colcon_core.package_identification:_identify(space_robotics_gz_envs/assets/cache/lunar_rock15) by extension 'ros'
[0.295s] Level 1:colcon.colcon_core.package_identification:_identify(space_robotics_gz_envs/assets/cache/lunar_rock15) by extensions ['cmake', 'python']
[0.295s] Level 1:colcon.colcon_core.package_identification:_identify(space_robotics_gz_envs/assets/cache/lunar_rock15) by extension 'cmake'
[0.295s] Level 1:colcon.colcon_core.package_identification:_identify(space_robotics_gz_envs/assets/cache/lunar_rock15) by extension 'python'
[0.295s] Level 1:colcon.colcon_core.package_identification:_identify(space_robotics_gz_envs/assets/cache/lunar_rock15) by extensions ['python_setup_py']
[0.295s] Level 1:colcon.colcon_core.package_identification:_identify(space_robotics_gz_envs/assets/cache/lunar_rock15) by extension 'python_setup_py'
[0.295s] Level 1:colcon.colcon_core.package_identification:_identify(space_robotics_gz_envs/assets/cache/lunar_rock15/meshes) by extensions ['ignore', 'ignore_ament_install']
[0.295s] Level 1:colcon.colcon_core.package_identification:_identify(space_robotics_gz_envs/assets/cache/lunar_rock15/meshes) by extension 'ignore'
[0.295s] Level 1:colcon.colcon_core.package_identification:_identify(space_robotics_gz_envs/assets/cache/lunar_rock15/meshes) by extension 'ignore_ament_install'
[0.296s] Level 1:colcon.colcon_core.package_identification:_identify(space_robotics_gz_envs/assets/cache/lunar_rock15/meshes) by extensions ['colcon_pkg']
[0.296s] Level 1:colcon.colcon_core.package_identification:_identify(space_robotics_gz_envs/assets/cache/lunar_rock15/meshes) by extension 'colcon_pkg'
[0.296s] Level 1:colcon.colcon_core.package_identification:_identify(space_robotics_gz_envs/assets/cache/lunar_rock15/meshes) by extensions ['colcon_meta']
[0.296s] Level 1:colcon.colcon_core.package_identification:_identify(space_robotics_gz_envs/assets/cache/lunar_rock15/meshes) by extension 'colcon_meta'
[0.296s] Level 1:colcon.colcon_core.package_identification:_identify(space_robotics_gz_envs/assets/cache/lunar_rock15/meshes) by extensions ['ros']
[0.296s] Level 1:colcon.colcon_core.package_identification:_identify(space_robotics_gz_envs/assets/cache/lunar_rock15/meshes) by extension 'ros'
[0.296s] Level 1:colcon.colcon_core.package_identification:_identify(space_robotics_gz_envs/assets/cache/lunar_rock15/meshes) by extensions ['cmake', 'python']
[0.296s] Level 1:colcon.colcon_core.package_identification:_identify(space_robotics_gz_envs/assets/cache/lunar_rock15/meshes) by extension 'cmake'
[0.296s] Level 1:colcon.colcon_core.package_identification:_identify(space_robotics_gz_envs/assets/cache/lunar_rock15/meshes) by extension 'python'
[0.296s] Level 1:colcon.colcon_core.package_identification:_identify(space_robotics_gz_envs/assets/cache/lunar_rock15/meshes) by extensions ['python_setup_py']
[0.296s] Level 1:colcon.colcon_core.package_identification:_identify(space_robotics_gz_envs/assets/cache/lunar_rock15/meshes) by extension 'python_setup_py'
[0.296s] Level 1:colcon.colcon_core.package_identification:_identify(space_robotics_gz_envs/assets/cache/lunar_rock15/thumbnails) by extensions ['ignore', 'ignore_ament_install']
[0.296s] Level 1:colcon.colcon_core.package_identification:_identify(space_robotics_gz_envs/assets/cache/lunar_rock15/thumbnails) by extension 'ignore'
[0.296s] Level 1:colcon.colcon_core.package_identification:_identify(space_robotics_gz_envs/assets/cache/lunar_rock15/thumbnails) by extension 'ignore_ament_install'
[0.296s] Level 1:colcon.colcon_core.package_identification:_identify(space_robotics_gz_envs/assets/cache/lunar_rock15/thumbnails) by extensions ['colcon_pkg']
[0.296s] Level 1:colcon.colcon_core.package_identification:_identify(space_robotics_gz_envs/assets/cache/lunar_rock15/thumbnails) by extension 'colcon_pkg'
[0.296s] Level 1:colcon.colcon_core.package_identification:_identify(space_robotics_gz_envs/assets/cache/lunar_rock15/thumbnails) by extensions ['colcon_meta']
[0.296s] Level 1:colcon.colcon_core.package_identification:_identify(space_robotics_gz_envs/assets/cache/lunar_rock15/thumbnails) by extension 'colcon_meta'
[0.296s] Level 1:colcon.colcon_core.package_identification:_identify(space_robotics_gz_envs/assets/cache/lunar_rock15/thumbnails) by extensions ['ros']
[0.296s] Level 1:colcon.colcon_core.package_identification:_identify(space_robotics_gz_envs/assets/cache/lunar_rock15/thumbnails) by extension 'ros'
[0.296s] Level 1:colcon.colcon_core.package_identification:_identify(space_robotics_gz_envs/assets/cache/lunar_rock15/thumbnails) by extensions ['cmake', 'python']
[0.296s] Level 1:colcon.colcon_core.package_identification:_identify(space_robotics_gz_envs/assets/cache/lunar_rock15/thumbnails) by extension 'cmake'
[0.296s] Level 1:colcon.colcon_core.package_identification:_identify(space_robotics_gz_envs/assets/cache/lunar_rock15/thumbnails) by extension 'python'
[0.296s] Level 1:colcon.colcon_core.package_identification:_identify(space_robotics_gz_envs/assets/cache/lunar_rock15/thumbnails) by extensions ['python_setup_py']
[0.296s] Level 1:colcon.colcon_core.package_identification:_identify(space_robotics_gz_envs/assets/cache/lunar_rock15/thumbnails) by extension 'python_setup_py'
[0.296s] Level 1:colcon.colcon_core.package_identification:_identify(space_robotics_gz_envs/assets/cache/lunar_rock2) by extensions ['ignore', 'ignore_ament_install']
[0.296s] Level 1:colcon.colcon_core.package_identification:_identify(space_robotics_gz_envs/assets/cache/lunar_rock2) by extension 'ignore'
[0.296s] Level 1:colcon.colcon_core.package_identification:_identify(space_robotics_gz_envs/assets/cache/lunar_rock2) by extension 'ignore_ament_install'
[0.297s] Level 1:colcon.colcon_core.package_identification:_identify(space_robotics_gz_envs/assets/cache/lunar_rock2) by extensions ['colcon_pkg']
[0.297s] Level 1:colcon.colcon_core.package_identification:_identify(space_robotics_gz_envs/assets/cache/lunar_rock2) by extension 'colcon_pkg'
[0.297s] Level 1:colcon.colcon_core.package_identification:_identify(space_robotics_gz_envs/assets/cache/lunar_rock2) by extensions ['colcon_meta']
[0.297s] Level 1:colcon.colcon_core.package_identification:_identify(space_robotics_gz_envs/assets/cache/lunar_rock2) by extension 'colcon_meta'
[0.297s] Level 1:colcon.colcon_core.package_identification:_identify(space_robotics_gz_envs/assets/cache/lunar_rock2) by extensions ['ros']
[0.297s] Level 1:colcon.colcon_core.package_identification:_identify(space_robotics_gz_envs/assets/cache/lunar_rock2) by extension 'ros'
[0.297s] Level 1:colcon.colcon_core.package_identification:_identify(space_robotics_gz_envs/assets/cache/lunar_rock2) by extensions ['cmake', 'python']
[0.297s] Level 1:colcon.colcon_core.package_identification:_identify(space_robotics_gz_envs/assets/cache/lunar_rock2) by extension 'cmake'
[0.297s] Level 1:colcon.colcon_core.package_identification:_identify(space_robotics_gz_envs/assets/cache/lunar_rock2) by extension 'python'
[0.297s] Level 1:colcon.colcon_core.package_identification:_identify(space_robotics_gz_envs/assets/cache/lunar_rock2) by extensions ['python_setup_py']
[0.297s] Level 1:colcon.colcon_core.package_identification:_identify(space_robotics_gz_envs/assets/cache/lunar_rock2) by extension 'python_setup_py'
[0.297s] Level 1:colcon.colcon_core.package_identification:_identify(space_robotics_gz_envs/assets/cache/lunar_rock2/meshes) by extensions ['ignore', 'ignore_ament_install']
[0.297s] Level 1:colcon.colcon_core.package_identification:_identify(space_robotics_gz_envs/assets/cache/lunar_rock2/meshes) by extension 'ignore'
[0.297s] Level 1:colcon.colcon_core.package_identification:_identify(space_robotics_gz_envs/assets/cache/lunar_rock2/meshes) by extension 'ignore_ament_install'
[0.297s] Level 1:colcon.colcon_core.package_identification:_identify(space_robotics_gz_envs/assets/cache/lunar_rock2/meshes) by extensions ['colcon_pkg']
[0.297s] Level 1:colcon.colcon_core.package_identification:_identify(space_robotics_gz_envs/assets/cache/lunar_rock2/meshes) by extension 'colcon_pkg'
[0.297s] Level 1:colcon.colcon_core.package_identification:_identify(space_robotics_gz_envs/assets/cache/lunar_rock2/meshes) by extensions ['colcon_meta']
[0.297s] Level 1:colcon.colcon_core.package_identification:_identify(space_robotics_gz_envs/assets/cache/lunar_rock2/meshes) by extension 'colcon_meta'
[0.297s] Level 1:colcon.colcon_core.package_identification:_identify(space_robotics_gz_envs/assets/cache/lunar_rock2/meshes) by extensions ['ros']
[0.297s] Level 1:colcon.colcon_core.package_identification:_identify(space_robotics_gz_envs/assets/cache/lunar_rock2/meshes) by extension 'ros'
[0.297s] Level 1:colcon.colcon_core.package_identification:_identify(space_robotics_gz_envs/assets/cache/lunar_rock2/meshes) by extensions ['cmake', 'python']
[0.297s] Level 1:colcon.colcon_core.package_identification:_identify(space_robotics_gz_envs/assets/cache/lunar_rock2/meshes) by extension 'cmake'
[0.297s] Level 1:colcon.colcon_core.package_identification:_identify(space_robotics_gz_envs/assets/cache/lunar_rock2/meshes) by extension 'python'
[0.297s] Level 1:colcon.colcon_core.package_identification:_identify(space_robotics_gz_envs/assets/cache/lunar_rock2/meshes) by extensions ['python_setup_py']
[0.297s] Level 1:colcon.colcon_core.package_identification:_identify(space_robotics_gz_envs/assets/cache/lunar_rock2/meshes) by extension 'python_setup_py'
[0.297s] Level 1:colcon.colcon_core.package_identification:_identify(space_robotics_gz_envs/assets/cache/lunar_rock2/thumbnails) by extensions ['ignore', 'ignore_ament_install']
[0.297s] Level 1:colcon.colcon_core.package_identification:_identify(space_robotics_gz_envs/assets/cache/lunar_rock2/thumbnails) by extension 'ignore'
[0.297s] Level 1:colcon.colcon_core.package_identification:_identify(space_robotics_gz_envs/assets/cache/lunar_rock2/thumbnails) by extension 'ignore_ament_install'
[0.297s] Level 1:colcon.colcon_core.package_identification:_identify(space_robotics_gz_envs/assets/cache/lunar_rock2/thumbnails) by extensions ['colcon_pkg']
[0.297s] Level 1:colcon.colcon_core.package_identification:_identify(space_robotics_gz_envs/assets/cache/lunar_rock2/thumbnails) by extension 'colcon_pkg'
[0.297s] Level 1:colcon.colcon_core.package_identification:_identify(space_robotics_gz_envs/assets/cache/lunar_rock2/thumbnails) by extensions ['colcon_meta']
[0.297s] Level 1:colcon.colcon_core.package_identification:_identify(space_robotics_gz_envs/assets/cache/lunar_rock2/thumbnails) by extension 'colcon_meta'
[0.298s] Level 1:colcon.colcon_core.package_identification:_identify(space_robotics_gz_envs/assets/cache/lunar_rock2/thumbnails) by extensions ['ros']
[0.298s] Level 1:colcon.colcon_core.package_identification:_identify(space_robotics_gz_envs/assets/cache/lunar_rock2/thumbnails) by extension 'ros'
[0.298s] Level 1:colcon.colcon_core.package_identification:_identify(space_robotics_gz_envs/assets/cache/lunar_rock2/thumbnails) by extensions ['cmake', 'python']
[0.298s] Level 1:colcon.colcon_core.package_identification:_identify(space_robotics_gz_envs/assets/cache/lunar_rock2/thumbnails) by extension 'cmake'
[0.298s] Level 1:colcon.colcon_core.package_identification:_identify(space_robotics_gz_envs/assets/cache/lunar_rock2/thumbnails) by extension 'python'
[0.298s] Level 1:colcon.colcon_core.package_identification:_identify(space_robotics_gz_envs/assets/cache/lunar_rock2/thumbnails) by extensions ['python_setup_py']
[0.298s] Level 1:colcon.colcon_core.package_identification:_identify(space_robotics_gz_envs/assets/cache/lunar_rock2/thumbnails) by extension 'python_setup_py'
[0.298s] Level 1:colcon.colcon_core.package_identification:_identify(space_robotics_gz_envs/assets/cache/lunar_rock3) by extensions ['ignore', 'ignore_ament_install']
[0.298s] Level 1:colcon.colcon_core.package_identification:_identify(space_robotics_gz_envs/assets/cache/lunar_rock3) by extension 'ignore'
[0.298s] Level 1:colcon.colcon_core.package_identification:_identify(space_robotics_gz_envs/assets/cache/lunar_rock3) by extension 'ignore_ament_install'
[0.298s] Level 1:colcon.colcon_core.package_identification:_identify(space_robotics_gz_envs/assets/cache/lunar_rock3) by extensions ['colcon_pkg']
[0.298s] Level 1:colcon.colcon_core.package_identification:_identify(space_robotics_gz_envs/assets/cache/lunar_rock3) by extension 'colcon_pkg'
[0.298s] Level 1:colcon.colcon_core.package_identification:_identify(space_robotics_gz_envs/assets/cache/lunar_rock3) by extensions ['colcon_meta']
[0.298s] Level 1:colcon.colcon_core.package_identification:_identify(space_robotics_gz_envs/assets/cache/lunar_rock3) by extension 'colcon_meta'
[0.298s] Level 1:colcon.colcon_core.package_identification:_identify(space_robotics_gz_envs/assets/cache/lunar_rock3) by extensions ['ros']
[0.298s] Level 1:colcon.colcon_core.package_identification:_identify(space_robotics_gz_envs/assets/cache/lunar_rock3) by extension 'ros'
[0.298s] Level 1:colcon.colcon_core.package_identification:_identify(space_robotics_gz_envs/assets/cache/lunar_rock3) by extensions ['cmake', 'python']
[0.298s] Level 1:colcon.colcon_core.package_identification:_identify(space_robotics_gz_envs/assets/cache/lunar_rock3) by extension 'cmake'
[0.298s] Level 1:colcon.colcon_core.package_identification:_identify(space_robotics_gz_envs/assets/cache/lunar_rock3) by extension 'python'
[0.298s] Level 1:colcon.colcon_core.package_identification:_identify(space_robotics_gz_envs/assets/cache/lunar_rock3) by extensions ['python_setup_py']
[0.298s] Level 1:colcon.colcon_core.package_identification:_identify(space_robotics_gz_envs/assets/cache/lunar_rock3) by extension 'python_setup_py'
[0.298s] Level 1:colcon.colcon_core.package_identification:_identify(space_robotics_gz_envs/assets/cache/lunar_rock3/meshes) by extensions ['ignore', 'ignore_ament_install']
[0.298s] Level 1:colcon.colcon_core.package_identification:_identify(space_robotics_gz_envs/assets/cache/lunar_rock3/meshes) by extension 'ignore'
[0.298s] Level 1:colcon.colcon_core.package_identification:_identify(space_robotics_gz_envs/assets/cache/lunar_rock3/meshes) by extension 'ignore_ament_install'
[0.298s] Level 1:colcon.colcon_core.package_identification:_identify(space_robotics_gz_envs/assets/cache/lunar_rock3/meshes) by extensions ['colcon_pkg']
[0.298s] Level 1:colcon.colcon_core.package_identification:_identify(space_robotics_gz_envs/assets/cache/lunar_rock3/meshes) by extension 'colcon_pkg'
[0.298s] Level 1:colcon.colcon_core.package_identification:_identify(space_robotics_gz_envs/assets/cache/lunar_rock3/meshes) by extensions ['colcon_meta']
[0.299s] Level 1:colcon.colcon_core.package_identification:_identify(space_robotics_gz_envs/assets/cache/lunar_rock3/meshes) by extension 'colcon_meta'
[0.299s] Level 1:colcon.colcon_core.package_identification:_identify(space_robotics_gz_envs/assets/cache/lunar_rock3/meshes) by extensions ['ros']
[0.299s] Level 1:colcon.colcon_core.package_identification:_identify(space_robotics_gz_envs/assets/cache/lunar_rock3/meshes) by extension 'ros'
[0.299s] Level 1:colcon.colcon_core.package_identification:_identify(space_robotics_gz_envs/assets/cache/lunar_rock3/meshes) by extensions ['cmake', 'python']
[0.299s] Level 1:colcon.colcon_core.package_identification:_identify(space_robotics_gz_envs/assets/cache/lunar_rock3/meshes) by extension 'cmake'
[0.299s] Level 1:colcon.colcon_core.package_identification:_identify(space_robotics_gz_envs/assets/cache/lunar_rock3/meshes) by extension 'python'
[0.299s] Level 1:colcon.colcon_core.package_identification:_identify(space_robotics_gz_envs/assets/cache/lunar_rock3/meshes) by extensions ['python_setup_py']
[0.299s] Level 1:colcon.colcon_core.package_identification:_identify(space_robotics_gz_envs/assets/cache/lunar_rock3/meshes) by extension 'python_setup_py'
[0.299s] Level 1:colcon.colcon_core.package_identification:_identify(space_robotics_gz_envs/assets/cache/lunar_rock3/thumbnails) by extensions ['ignore', 'ignore_ament_install']
[0.299s] Level 1:colcon.colcon_core.package_identification:_identify(space_robotics_gz_envs/assets/cache/lunar_rock3/thumbnails) by extension 'ignore'
[0.299s] Level 1:colcon.colcon_core.package_identification:_identify(space_robotics_gz_envs/assets/cache/lunar_rock3/thumbnails) by extension 'ignore_ament_install'
[0.299s] Level 1:colcon.colcon_core.package_identification:_identify(space_robotics_gz_envs/assets/cache/lunar_rock3/thumbnails) by extensions ['colcon_pkg']
[0.299s] Level 1:colcon.colcon_core.package_identification:_identify(space_robotics_gz_envs/assets/cache/lunar_rock3/thumbnails) by extension 'colcon_pkg'
[0.299s] Level 1:colcon.colcon_core.package_identification:_identify(space_robotics_gz_envs/assets/cache/lunar_rock3/thumbnails) by extensions ['colcon_meta']
[0.299s] Level 1:colcon.colcon_core.package_identification:_identify(space_robotics_gz_envs/assets/cache/lunar_rock3/thumbnails) by extension 'colcon_meta'
[0.299s] Level 1:colcon.colcon_core.package_identification:_identify(space_robotics_gz_envs/assets/cache/lunar_rock3/thumbnails) by extensions ['ros']
[0.299s] Level 1:colcon.colcon_core.package_identification:_identify(space_robotics_gz_envs/assets/cache/lunar_rock3/thumbnails) by extension 'ros'
[0.299s] Level 1:colcon.colcon_core.package_identification:_identify(space_robotics_gz_envs/assets/cache/lunar_rock3/thumbnails) by extensions ['cmake', 'python']
[0.299s] Level 1:colcon.colcon_core.package_identification:_identify(space_robotics_gz_envs/assets/cache/lunar_rock3/thumbnails) by extension 'cmake'
[0.299s] Level 1:colcon.colcon_core.package_identification:_identify(space_robotics_gz_envs/assets/cache/lunar_rock3/thumbnails) by extension 'python'
[0.299s] Level 1:colcon.colcon_core.package_identification:_identify(space_robotics_gz_envs/assets/cache/lunar_rock3/thumbnails) by extensions ['python_setup_py']
[0.299s] Level 1:colcon.colcon_core.package_identification:_identify(space_robotics_gz_envs/assets/cache/lunar_rock3/thumbnails) by extension 'python_setup_py'
[0.299s] Level 1:colcon.colcon_core.package_identification:_identify(space_robotics_gz_envs/assets/cache/lunar_rock4) by extensions ['ignore', 'ignore_ament_install']
[0.299s] Level 1:colcon.colcon_core.package_identification:_identify(space_robotics_gz_envs/assets/cache/lunar_rock4) by extension 'ignore'
[0.299s] Level 1:colcon.colcon_core.package_identification:_identify(space_robotics_gz_envs/assets/cache/lunar_rock4) by extension 'ignore_ament_install'
[0.299s] Level 1:colcon.colcon_core.package_identification:_identify(space_robotics_gz_envs/assets/cache/lunar_rock4) by extensions ['colcon_pkg']
[0.299s] Level 1:colcon.colcon_core.package_identification:_identify(space_robotics_gz_envs/assets/cache/lunar_rock4) by extension 'colcon_pkg'
[0.300s] Level 1:colcon.colcon_core.package_identification:_identify(space_robotics_gz_envs/assets/cache/lunar_rock4) by extensions ['colcon_meta']
[0.300s] Level 1:colcon.colcon_core.package_identification:_identify(space_robotics_gz_envs/assets/cache/lunar_rock4) by extension 'colcon_meta'
[0.300s] Level 1:colcon.colcon_core.package_identification:_identify(space_robotics_gz_envs/assets/cache/lunar_rock4) by extensions ['ros']
[0.300s] Level 1:colcon.colcon_core.package_identification:_identify(space_robotics_gz_envs/assets/cache/lunar_rock4) by extension 'ros'
[0.300s] Level 1:colcon.colcon_core.package_identification:_identify(space_robotics_gz_envs/assets/cache/lunar_rock4) by extensions ['cmake', 'python']
[0.300s] Level 1:colcon.colcon_core.package_identification:_identify(space_robotics_gz_envs/assets/cache/lunar_rock4) by extension 'cmake'
[0.300s] Level 1:colcon.colcon_core.package_identification:_identify(space_robotics_gz_envs/assets/cache/lunar_rock4) by extension 'python'
[0.300s] Level 1:colcon.colcon_core.package_identification:_identify(space_robotics_gz_envs/assets/cache/lunar_rock4) by extensions ['python_setup_py']
[0.300s] Level 1:colcon.colcon_core.package_identification:_identify(space_robotics_gz_envs/assets/cache/lunar_rock4) by extension 'python_setup_py'
[0.300s] Level 1:colcon.colcon_core.package_identification:_identify(space_robotics_gz_envs/assets/cache/lunar_rock4/meshes) by extensions ['ignore', 'ignore_ament_install']
[0.300s] Level 1:colcon.colcon_core.package_identification:_identify(space_robotics_gz_envs/assets/cache/lunar_rock4/meshes) by extension 'ignore'
[0.300s] Level 1:colcon.colcon_core.package_identification:_identify(space_robotics_gz_envs/assets/cache/lunar_rock4/meshes) by extension 'ignore_ament_install'
[0.300s] Level 1:colcon.colcon_core.package_identification:_identify(space_robotics_gz_envs/assets/cache/lunar_rock4/meshes) by extensions ['colcon_pkg']
[0.300s] Level 1:colcon.colcon_core.package_identification:_identify(space_robotics_gz_envs/assets/cache/lunar_rock4/meshes) by extension 'colcon_pkg'
[0.300s] Level 1:colcon.colcon_core.package_identification:_identify(space_robotics_gz_envs/assets/cache/lunar_rock4/meshes) by extensions ['colcon_meta']
[0.300s] Level 1:colcon.colcon_core.package_identification:_identify(space_robotics_gz_envs/assets/cache/lunar_rock4/meshes) by extension 'colcon_meta'
[0.300s] Level 1:colcon.colcon_core.package_identification:_identify(space_robotics_gz_envs/assets/cache/lunar_rock4/meshes) by extensions ['ros']
[0.300s] Level 1:colcon.colcon_core.package_identification:_identify(space_robotics_gz_envs/assets/cache/lunar_rock4/meshes) by extension 'ros'
[0.300s] Level 1:colcon.colcon_core.package_identification:_identify(space_robotics_gz_envs/assets/cache/lunar_rock4/meshes) by extensions ['cmake', 'python']
[0.300s] Level 1:colcon.colcon_core.package_identification:_identify(space_robotics_gz_envs/assets/cache/lunar_rock4/meshes) by extension 'cmake'
[0.300s] Level 1:colcon.colcon_core.package_identification:_identify(space_robotics_gz_envs/assets/cache/lunar_rock4/meshes) by extension 'python'
[0.300s] Level 1:colcon.colcon_core.package_identification:_identify(space_robotics_gz_envs/assets/cache/lunar_rock4/meshes) by extensions ['python_setup_py']
[0.300s] Level 1:colcon.colcon_core.package_identification:_identify(space_robotics_gz_envs/assets/cache/lunar_rock4/meshes) by extension 'python_setup_py'
[0.301s] Level 1:colcon.colcon_core.package_identification:_identify(space_robotics_gz_envs/assets/cache/lunar_rock4/thumbnails) by extensions ['ignore', 'ignore_ament_install']
[0.301s] Level 1:colcon.colcon_core.package_identification:_identify(space_robotics_gz_envs/assets/cache/lunar_rock4/thumbnails) by extension 'ignore'
[0.301s] Level 1:colcon.colcon_core.package_identification:_identify(space_robotics_gz_envs/assets/cache/lunar_rock4/thumbnails) by extension 'ignore_ament_install'
[0.301s] Level 1:colcon.colcon_core.package_identification:_identify(space_robotics_gz_envs/assets/cache/lunar_rock4/thumbnails) by extensions ['colcon_pkg']
[0.301s] Level 1:colcon.colcon_core.package_identification:_identify(space_robotics_gz_envs/assets/cache/lunar_rock4/thumbnails) by extension 'colcon_pkg'
[0.301s] Level 1:colcon.colcon_core.package_identification:_identify(space_robotics_gz_envs/assets/cache/lunar_rock4/thumbnails) by extensions ['colcon_meta']
[0.301s] Level 1:colcon.colcon_core.package_identification:_identify(space_robotics_gz_envs/assets/cache/lunar_rock4/thumbnails) by extension 'colcon_meta'
[0.301s] Level 1:colcon.colcon_core.package_identification:_identify(space_robotics_gz_envs/assets/cache/lunar_rock4/thumbnails) by extensions ['ros']
[0.301s] Level 1:colcon.colcon_core.package_identification:_identify(space_robotics_gz_envs/assets/cache/lunar_rock4/thumbnails) by extension 'ros'
[0.301s] Level 1:colcon.colcon_core.package_identification:_identify(space_robotics_gz_envs/assets/cache/lunar_rock4/thumbnails) by extensions ['cmake', 'python']
[0.301s] Level 1:colcon.colcon_core.package_identification:_identify(space_robotics_gz_envs/assets/cache/lunar_rock4/thumbnails) by extension 'cmake'
[0.301s] Level 1:colcon.colcon_core.package_identification:_identify(space_robotics_gz_envs/assets/cache/lunar_rock4/thumbnails) by extension 'python'
[0.301s] Level 1:colcon.colcon_core.package_identification:_identify(space_robotics_gz_envs/assets/cache/lunar_rock4/thumbnails) by extensions ['python_setup_py']
[0.301s] Level 1:colcon.colcon_core.package_identification:_identify(space_robotics_gz_envs/assets/cache/lunar_rock4/thumbnails) by extension 'python_setup_py'
[0.301s] Level 1:colcon.colcon_core.package_identification:_identify(space_robotics_gz_envs/assets/cache/lunar_rock5) by extensions ['ignore', 'ignore_ament_install']
[0.301s] Level 1:colcon.colcon_core.package_identification:_identify(space_robotics_gz_envs/assets/cache/lunar_rock5) by extension 'ignore'
[0.301s] Level 1:colcon.colcon_core.package_identification:_identify(space_robotics_gz_envs/assets/cache/lunar_rock5) by extension 'ignore_ament_install'
[0.301s] Level 1:colcon.colcon_core.package_identification:_identify(space_robotics_gz_envs/assets/cache/lunar_rock5) by extensions ['colcon_pkg']
[0.301s] Level 1:colcon.colcon_core.package_identification:_identify(space_robotics_gz_envs/assets/cache/lunar_rock5) by extension 'colcon_pkg'
[0.301s] Level 1:colcon.colcon_core.package_identification:_identify(space_robotics_gz_envs/assets/cache/lunar_rock5) by extensions ['colcon_meta']
[0.301s] Level 1:colcon.colcon_core.package_identification:_identify(space_robotics_gz_envs/assets/cache/lunar_rock5) by extension 'colcon_meta'
[0.301s] Level 1:colcon.colcon_core.package_identification:_identify(space_robotics_gz_envs/assets/cache/lunar_rock5) by extensions ['ros']
[0.301s] Level 1:colcon.colcon_core.package_identification:_identify(space_robotics_gz_envs/assets/cache/lunar_rock5) by extension 'ros'
[0.301s] Level 1:colcon.colcon_core.package_identification:_identify(space_robotics_gz_envs/assets/cache/lunar_rock5) by extensions ['cmake', 'python']
[0.301s] Level 1:colcon.colcon_core.package_identification:_identify(space_robotics_gz_envs/assets/cache/lunar_rock5) by extension 'cmake'
[0.301s] Level 1:colcon.colcon_core.package_identification:_identify(space_robotics_gz_envs/assets/cache/lunar_rock5) by extension 'python'
[0.302s] Level 1:colcon.colcon_core.package_identification:_identify(space_robotics_gz_envs/assets/cache/lunar_rock5) by extensions ['python_setup_py']
[0.302s] Level 1:colcon.colcon_core.package_identification:_identify(space_robotics_gz_envs/assets/cache/lunar_rock5) by extension 'python_setup_py'
[0.302s] Level 1:colcon.colcon_core.package_identification:_identify(space_robotics_gz_envs/assets/cache/lunar_rock5/meshes) by extensions ['ignore', 'ignore_ament_install']
[0.302s] Level 1:colcon.colcon_core.package_identification:_identify(space_robotics_gz_envs/assets/cache/lunar_rock5/meshes) by extension 'ignore'
[0.302s] Level 1:colcon.colcon_core.package_identification:_identify(space_robotics_gz_envs/assets/cache/lunar_rock5/meshes) by extension 'ignore_ament_install'
[0.302s] Level 1:colcon.colcon_core.package_identification:_identify(space_robotics_gz_envs/assets/cache/lunar_rock5/meshes) by extensions ['colcon_pkg']
[0.302s] Level 1:colcon.colcon_core.package_identification:_identify(space_robotics_gz_envs/assets/cache/lunar_rock5/meshes) by extension 'colcon_pkg'
[0.302s] Level 1:colcon.colcon_core.package_identification:_identify(space_robotics_gz_envs/assets/cache/lunar_rock5/meshes) by extensions ['colcon_meta']
[0.302s] Level 1:colcon.colcon_core.package_identification:_identify(space_robotics_gz_envs/assets/cache/lunar_rock5/meshes) by extension 'colcon_meta'
[0.302s] Level 1:colcon.colcon_core.package_identification:_identify(space_robotics_gz_envs/assets/cache/lunar_rock5/meshes) by extensions ['ros']
[0.302s] Level 1:colcon.colcon_core.package_identification:_identify(space_robotics_gz_envs/assets/cache/lunar_rock5/meshes) by extension 'ros'
[0.302s] Level 1:colcon.colcon_core.package_identification:_identify(space_robotics_gz_envs/assets/cache/lunar_rock5/meshes) by extensions ['cmake', 'python']
[0.302s] Level 1:colcon.colcon_core.package_identification:_identify(space_robotics_gz_envs/assets/cache/lunar_rock5/meshes) by extension 'cmake'
[0.302s] Level 1:colcon.colcon_core.package_identification:_identify(space_robotics_gz_envs/assets/cache/lunar_rock5/meshes) by extension 'python'
[0.302s] Level 1:colcon.colcon_core.package_identification:_identify(space_robotics_gz_envs/assets/cache/lunar_rock5/meshes) by extensions ['python_setup_py']
[0.302s] Level 1:colcon.colcon_core.package_identification:_identify(space_robotics_gz_envs/assets/cache/lunar_rock5/meshes) by extension 'python_setup_py'
[0.302s] Level 1:colcon.colcon_core.package_identification:_identify(space_robotics_gz_envs/assets/cache/lunar_rock5/thumbnails) by extensions ['ignore', 'ignore_ament_install']
[0.302s] Level 1:colcon.colcon_core.package_identification:_identify(space_robotics_gz_envs/assets/cache/lunar_rock5/thumbnails) by extension 'ignore'
[0.302s] Level 1:colcon.colcon_core.package_identification:_identify(space_robotics_gz_envs/assets/cache/lunar_rock5/thumbnails) by extension 'ignore_ament_install'
[0.302s] Level 1:colcon.colcon_core.package_identification:_identify(space_robotics_gz_envs/assets/cache/lunar_rock5/thumbnails) by extensions ['colcon_pkg']
[0.303s] Level 1:colcon.colcon_core.package_identification:_identify(space_robotics_gz_envs/assets/cache/lunar_rock5/thumbnails) by extension 'colcon_pkg'
[0.303s] Level 1:colcon.colcon_core.package_identification:_identify(space_robotics_gz_envs/assets/cache/lunar_rock5/thumbnails) by extensions ['colcon_meta']
[0.303s] Level 1:colcon.colcon_core.package_identification:_identify(space_robotics_gz_envs/assets/cache/lunar_rock5/thumbnails) by extension 'colcon_meta'
[0.303s] Level 1:colcon.colcon_core.package_identification:_identify(space_robotics_gz_envs/assets/cache/lunar_rock5/thumbnails) by extensions ['ros']
[0.303s] Level 1:colcon.colcon_core.package_identification:_identify(space_robotics_gz_envs/assets/cache/lunar_rock5/thumbnails) by extension 'ros'
[0.303s] Level 1:colcon.colcon_core.package_identification:_identify(space_robotics_gz_envs/assets/cache/lunar_rock5/thumbnails) by extensions ['cmake', 'python']
[0.303s] Level 1:colcon.colcon_core.package_identification:_identify(space_robotics_gz_envs/assets/cache/lunar_rock5/thumbnails) by extension 'cmake'
[0.303s] Level 1:colcon.colcon_core.package_identification:_identify(space_robotics_gz_envs/assets/cache/lunar_rock5/thumbnails) by extension 'python'
[0.303s] Level 1:colcon.colcon_core.package_identification:_identify(space_robotics_gz_envs/assets/cache/lunar_rock5/thumbnails) by extensions ['python_setup_py']
[0.303s] Level 1:colcon.colcon_core.package_identification:_identify(space_robotics_gz_envs/assets/cache/lunar_rock5/thumbnails) by extension 'python_setup_py'
[0.303s] Level 1:colcon.colcon_core.package_identification:_identify(space_robotics_gz_envs/assets/cache/lunar_rock6) by extensions ['ignore', 'ignore_ament_install']
[0.303s] Level 1:colcon.colcon_core.package_identification:_identify(space_robotics_gz_envs/assets/cache/lunar_rock6) by extension 'ignore'
[0.303s] Level 1:colcon.colcon_core.package_identification:_identify(space_robotics_gz_envs/assets/cache/lunar_rock6) by extension 'ignore_ament_install'
[0.303s] Level 1:colcon.colcon_core.package_identification:_identify(space_robotics_gz_envs/assets/cache/lunar_rock6) by extensions ['colcon_pkg']
[0.303s] Level 1:colcon.colcon_core.package_identification:_identify(space_robotics_gz_envs/assets/cache/lunar_rock6) by extension 'colcon_pkg'
[0.303s] Level 1:colcon.colcon_core.package_identification:_identify(space_robotics_gz_envs/assets/cache/lunar_rock6) by extensions ['colcon_meta']
[0.303s] Level 1:colcon.colcon_core.package_identification:_identify(space_robotics_gz_envs/assets/cache/lunar_rock6) by extension 'colcon_meta'
[0.303s] Level 1:colcon.colcon_core.package_identification:_identify(space_robotics_gz_envs/assets/cache/lunar_rock6) by extensions ['ros']
[0.303s] Level 1:colcon.colcon_core.package_identification:_identify(space_robotics_gz_envs/assets/cache/lunar_rock6) by extension 'ros'
[0.303s] Level 1:colcon.colcon_core.package_identification:_identify(space_robotics_gz_envs/assets/cache/lunar_rock6) by extensions ['cmake', 'python']
[0.303s] Level 1:colcon.colcon_core.package_identification:_identify(space_robotics_gz_envs/assets/cache/lunar_rock6) by extension 'cmake'
[0.303s] Level 1:colcon.colcon_core.package_identification:_identify(space_robotics_gz_envs/assets/cache/lunar_rock6) by extension 'python'
[0.303s] Level 1:colcon.colcon_core.package_identification:_identify(space_robotics_gz_envs/assets/cache/lunar_rock6) by extensions ['python_setup_py']
[0.304s] Level 1:colcon.colcon_core.package_identification:_identify(space_robotics_gz_envs/assets/cache/lunar_rock6) by extension 'python_setup_py'
[0.304s] Level 1:colcon.colcon_core.package_identification:_identify(space_robotics_gz_envs/assets/cache/lunar_rock6/meshes) by extensions ['ignore', 'ignore_ament_install']
[0.304s] Level 1:colcon.colcon_core.package_identification:_identify(space_robotics_gz_envs/assets/cache/lunar_rock6/meshes) by extension 'ignore'
[0.304s] Level 1:colcon.colcon_core.package_identification:_identify(space_robotics_gz_envs/assets/cache/lunar_rock6/meshes) by extension 'ignore_ament_install'
[0.304s] Level 1:colcon.colcon_core.package_identification:_identify(space_robotics_gz_envs/assets/cache/lunar_rock6/meshes) by extensions ['colcon_pkg']
[0.304s] Level 1:colcon.colcon_core.package_identification:_identify(space_robotics_gz_envs/assets/cache/lunar_rock6/meshes) by extension 'colcon_pkg'
[0.304s] Level 1:colcon.colcon_core.package_identification:_identify(space_robotics_gz_envs/assets/cache/lunar_rock6/meshes) by extensions ['colcon_meta']
[0.304s] Level 1:colcon.colcon_core.package_identification:_identify(space_robotics_gz_envs/assets/cache/lunar_rock6/meshes) by extension 'colcon_meta'
[0.304s] Level 1:colcon.colcon_core.package_identification:_identify(space_robotics_gz_envs/assets/cache/lunar_rock6/meshes) by extensions ['ros']
[0.304s] Level 1:colcon.colcon_core.package_identification:_identify(space_robotics_gz_envs/assets/cache/lunar_rock6/meshes) by extension 'ros'
[0.304s] Level 1:colcon.colcon_core.package_identification:_identify(space_robotics_gz_envs/assets/cache/lunar_rock6/meshes) by extensions ['cmake', 'python']
[0.304s] Level 1:colcon.colcon_core.package_identification:_identify(space_robotics_gz_envs/assets/cache/lunar_rock6/meshes) by extension 'cmake'
[0.304s] Level 1:colcon.colcon_core.package_identification:_identify(space_robotics_gz_envs/assets/cache/lunar_rock6/meshes) by extension 'python'
[0.304s] Level 1:colcon.colcon_core.package_identification:_identify(space_robotics_gz_envs/assets/cache/lunar_rock6/meshes) by extensions ['python_setup_py']
[0.304s] Level 1:colcon.colcon_core.package_identification:_identify(space_robotics_gz_envs/assets/cache/lunar_rock6/meshes) by extension 'python_setup_py'
[0.304s] Level 1:colcon.colcon_core.package_identification:_identify(space_robotics_gz_envs/assets/cache/lunar_rock6/thumbnails) by extensions ['ignore', 'ignore_ament_install']
[0.304s] Level 1:colcon.colcon_core.package_identification:_identify(space_robotics_gz_envs/assets/cache/lunar_rock6/thumbnails) by extension 'ignore'
[0.304s] Level 1:colcon.colcon_core.package_identification:_identify(space_robotics_gz_envs/assets/cache/lunar_rock6/thumbnails) by extension 'ignore_ament_install'
[0.305s] Level 1:colcon.colcon_core.package_identification:_identify(space_robotics_gz_envs/assets/cache/lunar_rock6/thumbnails) by extensions ['colcon_pkg']
[0.305s] Level 1:colcon.colcon_core.package_identification:_identify(space_robotics_gz_envs/assets/cache/lunar_rock6/thumbnails) by extension 'colcon_pkg'
[0.305s] Level 1:colcon.colcon_core.package_identification:_identify(space_robotics_gz_envs/assets/cache/lunar_rock6/thumbnails) by extensions ['colcon_meta']
[0.305s] Level 1:colcon.colcon_core.package_identification:_identify(space_robotics_gz_envs/assets/cache/lunar_rock6/thumbnails) by extension 'colcon_meta'
[0.305s] Level 1:colcon.colcon_core.package_identification:_identify(space_robotics_gz_envs/assets/cache/lunar_rock6/thumbnails) by extensions ['ros']
[0.305s] Level 1:colcon.colcon_core.package_identification:_identify(space_robotics_gz_envs/assets/cache/lunar_rock6/thumbnails) by extension 'ros'
[0.305s] Level 1:colcon.colcon_core.package_identification:_identify(space_robotics_gz_envs/assets/cache/lunar_rock6/thumbnails) by extensions ['cmake', 'python']
[0.305s] Level 1:colcon.colcon_core.package_identification:_identify(space_robotics_gz_envs/assets/cache/lunar_rock6/thumbnails) by extension 'cmake'
[0.305s] Level 1:colcon.colcon_core.package_identification:_identify(space_robotics_gz_envs/assets/cache/lunar_rock6/thumbnails) by extension 'python'
[0.305s] Level 1:colcon.colcon_core.package_identification:_identify(space_robotics_gz_envs/assets/cache/lunar_rock6/thumbnails) by extensions ['python_setup_py']
[0.305s] Level 1:colcon.colcon_core.package_identification:_identify(space_robotics_gz_envs/assets/cache/lunar_rock6/thumbnails) by extension 'python_setup_py'
[0.305s] Level 1:colcon.colcon_core.package_identification:_identify(space_robotics_gz_envs/assets/cache/lunar_rock7) by extensions ['ignore', 'ignore_ament_install']
[0.305s] Level 1:colcon.colcon_core.package_identification:_identify(space_robotics_gz_envs/assets/cache/lunar_rock7) by extension 'ignore'
[0.305s] Level 1:colcon.colcon_core.package_identification:_identify(space_robotics_gz_envs/assets/cache/lunar_rock7) by extension 'ignore_ament_install'
[0.305s] Level 1:colcon.colcon_core.package_identification:_identify(space_robotics_gz_envs/assets/cache/lunar_rock7) by extensions ['colcon_pkg']
[0.305s] Level 1:colcon.colcon_core.package_identification:_identify(space_robotics_gz_envs/assets/cache/lunar_rock7) by extension 'colcon_pkg'
[0.305s] Level 1:colcon.colcon_core.package_identification:_identify(space_robotics_gz_envs/assets/cache/lunar_rock7) by extensions ['colcon_meta']
[0.305s] Level 1:colcon.colcon_core.package_identification:_identify(space_robotics_gz_envs/assets/cache/lunar_rock7) by extension 'colcon_meta'
[0.305s] Level 1:colcon.colcon_core.package_identification:_identify(space_robotics_gz_envs/assets/cache/lunar_rock7) by extensions ['ros']
[0.305s] Level 1:colcon.colcon_core.package_identification:_identify(space_robotics_gz_envs/assets/cache/lunar_rock7) by extension 'ros'
[0.305s] Level 1:colcon.colcon_core.package_identification:_identify(space_robotics_gz_envs/assets/cache/lunar_rock7) by extensions ['cmake', 'python']
[0.306s] Level 1:colcon.colcon_core.package_identification:_identify(space_robotics_gz_envs/assets/cache/lunar_rock7) by extension 'cmake'
[0.306s] Level 1:colcon.colcon_core.package_identification:_identify(space_robotics_gz_envs/assets/cache/lunar_rock7) by extension 'python'
[0.306s] Level 1:colcon.colcon_core.package_identification:_identify(space_robotics_gz_envs/assets/cache/lunar_rock7) by extensions ['python_setup_py']
[0.306s] Level 1:colcon.colcon_core.package_identification:_identify(space_robotics_gz_envs/assets/cache/lunar_rock7) by extension 'python_setup_py'
[0.306s] Level 1:colcon.colcon_core.package_identification:_identify(space_robotics_gz_envs/assets/cache/lunar_rock7/meshes) by extensions ['ignore', 'ignore_ament_install']
[0.306s] Level 1:colcon.colcon_core.package_identification:_identify(space_robotics_gz_envs/assets/cache/lunar_rock7/meshes) by extension 'ignore'
[0.306s] Level 1:colcon.colcon_core.package_identification:_identify(space_robotics_gz_envs/assets/cache/lunar_rock7/meshes) by extension 'ignore_ament_install'
[0.306s] Level 1:colcon.colcon_core.package_identification:_identify(space_robotics_gz_envs/assets/cache/lunar_rock7/meshes) by extensions ['colcon_pkg']
[0.306s] Level 1:colcon.colcon_core.package_identification:_identify(space_robotics_gz_envs/assets/cache/lunar_rock7/meshes) by extension 'colcon_pkg'
[0.306s] Level 1:colcon.colcon_core.package_identification:_identify(space_robotics_gz_envs/assets/cache/lunar_rock7/meshes) by extensions ['colcon_meta']
[0.306s] Level 1:colcon.colcon_core.package_identification:_identify(space_robotics_gz_envs/assets/cache/lunar_rock7/meshes) by extension 'colcon_meta'
[0.306s] Level 1:colcon.colcon_core.package_identification:_identify(space_robotics_gz_envs/assets/cache/lunar_rock7/meshes) by extensions ['ros']
[0.306s] Level 1:colcon.colcon_core.package_identification:_identify(space_robotics_gz_envs/assets/cache/lunar_rock7/meshes) by extension 'ros'
[0.306s] Level 1:colcon.colcon_core.package_identification:_identify(space_robotics_gz_envs/assets/cache/lunar_rock7/meshes) by extensions ['cmake', 'python']
[0.306s] Level 1:colcon.colcon_core.package_identification:_identify(space_robotics_gz_envs/assets/cache/lunar_rock7/meshes) by extension 'cmake'
[0.306s] Level 1:colcon.colcon_core.package_identification:_identify(space_robotics_gz_envs/assets/cache/lunar_rock7/meshes) by extension 'python'
[0.306s] Level 1:colcon.colcon_core.package_identification:_identify(space_robotics_gz_envs/assets/cache/lunar_rock7/meshes) by extensions ['python_setup_py']
[0.306s] Level 1:colcon.colcon_core.package_identification:_identify(space_robotics_gz_envs/assets/cache/lunar_rock7/meshes) by extension 'python_setup_py'
[0.307s] Level 1:colcon.colcon_core.package_identification:_identify(space_robotics_gz_envs/assets/cache/lunar_rock7/thumbnails) by extensions ['ignore', 'ignore_ament_install']
[0.307s] Level 1:colcon.colcon_core.package_identification:_identify(space_robotics_gz_envs/assets/cache/lunar_rock7/thumbnails) by extension 'ignore'
[0.307s] Level 1:colcon.colcon_core.package_identification:_identify(space_robotics_gz_envs/assets/cache/lunar_rock7/thumbnails) by extension 'ignore_ament_install'
[0.307s] Level 1:colcon.colcon_core.package_identification:_identify(space_robotics_gz_envs/assets/cache/lunar_rock7/thumbnails) by extensions ['colcon_pkg']
[0.307s] Level 1:colcon.colcon_core.package_identification:_identify(space_robotics_gz_envs/assets/cache/lunar_rock7/thumbnails) by extension 'colcon_pkg'
[0.307s] Level 1:colcon.colcon_core.package_identification:_identify(space_robotics_gz_envs/assets/cache/lunar_rock7/thumbnails) by extensions ['colcon_meta']
[0.307s] Level 1:colcon.colcon_core.package_identification:_identify(space_robotics_gz_envs/assets/cache/lunar_rock7/thumbnails) by extension 'colcon_meta'
[0.307s] Level 1:colcon.colcon_core.package_identification:_identify(space_robotics_gz_envs/assets/cache/lunar_rock7/thumbnails) by extensions ['ros']
[0.307s] Level 1:colcon.colcon_core.package_identification:_identify(space_robotics_gz_envs/assets/cache/lunar_rock7/thumbnails) by extension 'ros'
[0.307s] Level 1:colcon.colcon_core.package_identification:_identify(space_robotics_gz_envs/assets/cache/lunar_rock7/thumbnails) by extensions ['cmake', 'python']
[0.307s] Level 1:colcon.colcon_core.package_identification:_identify(space_robotics_gz_envs/assets/cache/lunar_rock7/thumbnails) by extension 'cmake'
[0.307s] Level 1:colcon.colcon_core.package_identification:_identify(space_robotics_gz_envs/assets/cache/lunar_rock7/thumbnails) by extension 'python'
[0.307s] Level 1:colcon.colcon_core.package_identification:_identify(space_robotics_gz_envs/assets/cache/lunar_rock7/thumbnails) by extensions ['python_setup_py']
[0.307s] Level 1:colcon.colcon_core.package_identification:_identify(space_robotics_gz_envs/assets/cache/lunar_rock7/thumbnails) by extension 'python_setup_py'
[0.307s] Level 1:colcon.colcon_core.package_identification:_identify(space_robotics_gz_envs/assets/cache/lunar_rock8) by extensions ['ignore', 'ignore_ament_install']
[0.308s] Level 1:colcon.colcon_core.package_identification:_identify(space_robotics_gz_envs/assets/cache/lunar_rock8) by extension 'ignore'
[0.308s] Level 1:colcon.colcon_core.package_identification:_identify(space_robotics_gz_envs/assets/cache/lunar_rock8) by extension 'ignore_ament_install'
[0.308s] Level 1:colcon.colcon_core.package_identification:_identify(space_robotics_gz_envs/assets/cache/lunar_rock8) by extensions ['colcon_pkg']
[0.308s] Level 1:colcon.colcon_core.package_identification:_identify(space_robotics_gz_envs/assets/cache/lunar_rock8) by extension 'colcon_pkg'
[0.308s] Level 1:colcon.colcon_core.package_identification:_identify(space_robotics_gz_envs/assets/cache/lunar_rock8) by extensions ['colcon_meta']
[0.308s] Level 1:colcon.colcon_core.package_identification:_identify(space_robotics_gz_envs/assets/cache/lunar_rock8) by extension 'colcon_meta'
[0.308s] Level 1:colcon.colcon_core.package_identification:_identify(space_robotics_gz_envs/assets/cache/lunar_rock8) by extensions ['ros']
[0.308s] Level 1:colcon.colcon_core.package_identification:_identify(space_robotics_gz_envs/assets/cache/lunar_rock8) by extension 'ros'
[0.308s] Level 1:colcon.colcon_core.package_identification:_identify(space_robotics_gz_envs/assets/cache/lunar_rock8) by extensions ['cmake', 'python']
[0.308s] Level 1:colcon.colcon_core.package_identification:_identify(space_robotics_gz_envs/assets/cache/lunar_rock8) by extension 'cmake'
[0.308s] Level 1:colcon.colcon_core.package_identification:_identify(space_robotics_gz_envs/assets/cache/lunar_rock8) by extension 'python'
[0.308s] Level 1:colcon.colcon_core.package_identification:_identify(space_robotics_gz_envs/assets/cache/lunar_rock8) by extensions ['python_setup_py']
[0.308s] Level 1:colcon.colcon_core.package_identification:_identify(space_robotics_gz_envs/assets/cache/lunar_rock8) by extension 'python_setup_py'
[0.308s] Level 1:colcon.colcon_core.package_identification:_identify(space_robotics_gz_envs/assets/cache/lunar_rock8/meshes) by extensions ['ignore', 'ignore_ament_install']
[0.308s] Level 1:colcon.colcon_core.package_identification:_identify(space_robotics_gz_envs/assets/cache/lunar_rock8/meshes) by extension 'ignore'
[0.308s] Level 1:colcon.colcon_core.package_identification:_identify(space_robotics_gz_envs/assets/cache/lunar_rock8/meshes) by extension 'ignore_ament_install'
[0.308s] Level 1:colcon.colcon_core.package_identification:_identify(space_robotics_gz_envs/assets/cache/lunar_rock8/meshes) by extensions ['colcon_pkg']
[0.308s] Level 1:colcon.colcon_core.package_identification:_identify(space_robotics_gz_envs/assets/cache/lunar_rock8/meshes) by extension 'colcon_pkg'
[0.308s] Level 1:colcon.colcon_core.package_identification:_identify(space_robotics_gz_envs/assets/cache/lunar_rock8/meshes) by extensions ['colcon_meta']
[0.309s] Level 1:colcon.colcon_core.package_identification:_identify(space_robotics_gz_envs/assets/cache/lunar_rock8/meshes) by extension 'colcon_meta'
[0.309s] Level 1:colcon.colcon_core.package_identification:_identify(space_robotics_gz_envs/assets/cache/lunar_rock8/meshes) by extensions ['ros']
[0.309s] Level 1:colcon.colcon_core.package_identification:_identify(space_robotics_gz_envs/assets/cache/lunar_rock8/meshes) by extension 'ros'
[0.309s] Level 1:colcon.colcon_core.package_identification:_identify(space_robotics_gz_envs/assets/cache/lunar_rock8/meshes) by extensions ['cmake', 'python']
[0.309s] Level 1:colcon.colcon_core.package_identification:_identify(space_robotics_gz_envs/assets/cache/lunar_rock8/meshes) by extension 'cmake'
[0.309s] Level 1:colcon.colcon_core.package_identification:_identify(space_robotics_gz_envs/assets/cache/lunar_rock8/meshes) by extension 'python'
[0.309s] Level 1:colcon.colcon_core.package_identification:_identify(space_robotics_gz_envs/assets/cache/lunar_rock8/meshes) by extensions ['python_setup_py']
[0.309s] Level 1:colcon.colcon_core.package_identification:_identify(space_robotics_gz_envs/assets/cache/lunar_rock8/meshes) by extension 'python_setup_py'
[0.309s] Level 1:colcon.colcon_core.package_identification:_identify(space_robotics_gz_envs/assets/cache/lunar_rock8/thumbnails) by extensions ['ignore', 'ignore_ament_install']
[0.309s] Level 1:colcon.colcon_core.package_identification:_identify(space_robotics_gz_envs/assets/cache/lunar_rock8/thumbnails) by extension 'ignore'
[0.309s] Level 1:colcon.colcon_core.package_identification:_identify(space_robotics_gz_envs/assets/cache/lunar_rock8/thumbnails) by extension 'ignore_ament_install'
[0.309s] Level 1:colcon.colcon_core.package_identification:_identify(space_robotics_gz_envs/assets/cache/lunar_rock8/thumbnails) by extensions ['colcon_pkg']
[0.309s] Level 1:colcon.colcon_core.package_identification:_identify(space_robotics_gz_envs/assets/cache/lunar_rock8/thumbnails) by extension 'colcon_pkg'
[0.309s] Level 1:colcon.colcon_core.package_identification:_identify(space_robotics_gz_envs/assets/cache/lunar_rock8/thumbnails) by extensions ['colcon_meta']
[0.309s] Level 1:colcon.colcon_core.package_identification:_identify(space_robotics_gz_envs/assets/cache/lunar_rock8/thumbnails) by extension 'colcon_meta'
[0.309s] Level 1:colcon.colcon_core.package_identification:_identify(space_robotics_gz_envs/assets/cache/lunar_rock8/thumbnails) by extensions ['ros']
[0.309s] Level 1:colcon.colcon_core.package_identification:_identify(space_robotics_gz_envs/assets/cache/lunar_rock8/thumbnails) by extension 'ros'
[0.309s] Level 1:colcon.colcon_core.package_identification:_identify(space_robotics_gz_envs/assets/cache/lunar_rock8/thumbnails) by extensions ['cmake', 'python']
[0.310s] Level 1:colcon.colcon_core.package_identification:_identify(space_robotics_gz_envs/assets/cache/lunar_rock8/thumbnails) by extension 'cmake'
[0.310s] Level 1:colcon.colcon_core.package_identification:_identify(space_robotics_gz_envs/assets/cache/lunar_rock8/thumbnails) by extension 'python'
[0.310s] Level 1:colcon.colcon_core.package_identification:_identify(space_robotics_gz_envs/assets/cache/lunar_rock8/thumbnails) by extensions ['python_setup_py']
[0.310s] Level 1:colcon.colcon_core.package_identification:_identify(space_robotics_gz_envs/assets/cache/lunar_rock8/thumbnails) by extension 'python_setup_py'
[0.310s] Level 1:colcon.colcon_core.package_identification:_identify(space_robotics_gz_envs/assets/cache/lunar_rock9) by extensions ['ignore', 'ignore_ament_install']
[0.310s] Level 1:colcon.colcon_core.package_identification:_identify(space_robotics_gz_envs/assets/cache/lunar_rock9) by extension 'ignore'
[0.310s] Level 1:colcon.colcon_core.package_identification:_identify(space_robotics_gz_envs/assets/cache/lunar_rock9) by extension 'ignore_ament_install'
[0.310s] Level 1:colcon.colcon_core.package_identification:_identify(space_robotics_gz_envs/assets/cache/lunar_rock9) by extensions ['colcon_pkg']
[0.310s] Level 1:colcon.colcon_core.package_identification:_identify(space_robotics_gz_envs/assets/cache/lunar_rock9) by extension 'colcon_pkg'
[0.310s] Level 1:colcon.colcon_core.package_identification:_identify(space_robotics_gz_envs/assets/cache/lunar_rock9) by extensions ['colcon_meta']
[0.310s] Level 1:colcon.colcon_core.package_identification:_identify(space_robotics_gz_envs/assets/cache/lunar_rock9) by extension 'colcon_meta'
[0.310s] Level 1:colcon.colcon_core.package_identification:_identify(space_robotics_gz_envs/assets/cache/lunar_rock9) by extensions ['ros']
[0.310s] Level 1:colcon.colcon_core.package_identification:_identify(space_robotics_gz_envs/assets/cache/lunar_rock9) by extension 'ros'
[0.310s] Level 1:colcon.colcon_core.package_identification:_identify(space_robotics_gz_envs/assets/cache/lunar_rock9) by extensions ['cmake', 'python']
[0.310s] Level 1:colcon.colcon_core.package_identification:_identify(space_robotics_gz_envs/assets/cache/lunar_rock9) by extension 'cmake'
[0.310s] Level 1:colcon.colcon_core.package_identification:_identify(space_robotics_gz_envs/assets/cache/lunar_rock9) by extension 'python'
[0.310s] Level 1:colcon.colcon_core.package_identification:_identify(space_robotics_gz_envs/assets/cache/lunar_rock9) by extensions ['python_setup_py']
[0.310s] Level 1:colcon.colcon_core.package_identification:_identify(space_robotics_gz_envs/assets/cache/lunar_rock9) by extension 'python_setup_py'
[0.310s] Level 1:colcon.colcon_core.package_identification:_identify(space_robotics_gz_envs/assets/cache/lunar_rock9/meshes) by extensions ['ignore', 'ignore_ament_install']
[0.311s] Level 1:colcon.colcon_core.package_identification:_identify(space_robotics_gz_envs/assets/cache/lunar_rock9/meshes) by extension 'ignore'
[0.311s] Level 1:colcon.colcon_core.package_identification:_identify(space_robotics_gz_envs/assets/cache/lunar_rock9/meshes) by extension 'ignore_ament_install'
[0.311s] Level 1:colcon.colcon_core.package_identification:_identify(space_robotics_gz_envs/assets/cache/lunar_rock9/meshes) by extensions ['colcon_pkg']
[0.311s] Level 1:colcon.colcon_core.package_identification:_identify(space_robotics_gz_envs/assets/cache/lunar_rock9/meshes) by extension 'colcon_pkg'
[0.311s] Level 1:colcon.colcon_core.package_identification:_identify(space_robotics_gz_envs/assets/cache/lunar_rock9/meshes) by extensions ['colcon_meta']
[0.311s] Level 1:colcon.colcon_core.package_identification:_identify(space_robotics_gz_envs/assets/cache/lunar_rock9/meshes) by extension 'colcon_meta'
[0.311s] Level 1:colcon.colcon_core.package_identification:_identify(space_robotics_gz_envs/assets/cache/lunar_rock9/meshes) by extensions ['ros']
[0.311s] Level 1:colcon.colcon_core.package_identification:_identify(space_robotics_gz_envs/assets/cache/lunar_rock9/meshes) by extension 'ros'
[0.311s] Level 1:colcon.colcon_core.package_identification:_identify(space_robotics_gz_envs/assets/cache/lunar_rock9/meshes) by extensions ['cmake', 'python']
[0.311s] Level 1:colcon.colcon_core.package_identification:_identify(space_robotics_gz_envs/assets/cache/lunar_rock9/meshes) by extension 'cmake'
[0.311s] Level 1:colcon.colcon_core.package_identification:_identify(space_robotics_gz_envs/assets/cache/lunar_rock9/meshes) by extension 'python'
[0.311s] Level 1:colcon.colcon_core.package_identification:_identify(space_robotics_gz_envs/assets/cache/lunar_rock9/meshes) by extensions ['python_setup_py']
[0.311s] Level 1:colcon.colcon_core.package_identification:_identify(space_robotics_gz_envs/assets/cache/lunar_rock9/meshes) by extension 'python_setup_py'
[0.311s] Level 1:colcon.colcon_core.package_identification:_identify(space_robotics_gz_envs/assets/cache/lunar_rock9/thumbnails) by extensions ['ignore', 'ignore_ament_install']
[0.311s] Level 1:colcon.colcon_core.package_identification:_identify(space_robotics_gz_envs/assets/cache/lunar_rock9/thumbnails) by extension 'ignore'
[0.311s] Level 1:colcon.colcon_core.package_identification:_identify(space_robotics_gz_envs/assets/cache/lunar_rock9/thumbnails) by extension 'ignore_ament_install'
[0.311s] Level 1:colcon.colcon_core.package_identification:_identify(space_robotics_gz_envs/assets/cache/lunar_rock9/thumbnails) by extensions ['colcon_pkg']
[0.311s] Level 1:colcon.colcon_core.package_identification:_identify(space_robotics_gz_envs/assets/cache/lunar_rock9/thumbnails) by extension 'colcon_pkg'
[0.312s] Level 1:colcon.colcon_core.package_identification:_identify(space_robotics_gz_envs/assets/cache/lunar_rock9/thumbnails) by extensions ['colcon_meta']
[0.312s] Level 1:colcon.colcon_core.package_identification:_identify(space_robotics_gz_envs/assets/cache/lunar_rock9/thumbnails) by extension 'colcon_meta'
[0.312s] Level 1:colcon.colcon_core.package_identification:_identify(space_robotics_gz_envs/assets/cache/lunar_rock9/thumbnails) by extensions ['ros']
[0.312s] Level 1:colcon.colcon_core.package_identification:_identify(space_robotics_gz_envs/assets/cache/lunar_rock9/thumbnails) by extension 'ros'
[0.312s] Level 1:colcon.colcon_core.package_identification:_identify(space_robotics_gz_envs/assets/cache/lunar_rock9/thumbnails) by extensions ['cmake', 'python']
[0.312s] Level 1:colcon.colcon_core.package_identification:_identify(space_robotics_gz_envs/assets/cache/lunar_rock9/thumbnails) by extension 'cmake'
[0.312s] Level 1:colcon.colcon_core.package_identification:_identify(space_robotics_gz_envs/assets/cache/lunar_rock9/thumbnails) by extension 'python'
[0.312s] Level 1:colcon.colcon_core.package_identification:_identify(space_robotics_gz_envs/assets/cache/lunar_rock9/thumbnails) by extensions ['python_setup_py']
[0.312s] Level 1:colcon.colcon_core.package_identification:_identify(space_robotics_gz_envs/assets/cache/lunar_rock9/thumbnails) by extension 'python_setup_py'
[0.312s] Level 1:colcon.colcon_core.package_identification:_identify(space_robotics_gz_envs/assets/cache/lunar_surface0) by extensions ['ignore', 'ignore_ament_install']
[0.312s] Level 1:colcon.colcon_core.package_identification:_identify(space_robotics_gz_envs/assets/cache/lunar_surface0) by extension 'ignore'
[0.312s] Level 1:colcon.colcon_core.package_identification:_identify(space_robotics_gz_envs/assets/cache/lunar_surface0) by extension 'ignore_ament_install'
[0.312s] Level 1:colcon.colcon_core.package_identification:_identify(space_robotics_gz_envs/assets/cache/lunar_surface0) by extensions ['colcon_pkg']
[0.312s] Level 1:colcon.colcon_core.package_identification:_identify(space_robotics_gz_envs/assets/cache/lunar_surface0) by extension 'colcon_pkg'
[0.312s] Level 1:colcon.colcon_core.package_identification:_identify(space_robotics_gz_envs/assets/cache/lunar_surface0) by extensions ['colcon_meta']
[0.312s] Level 1:colcon.colcon_core.package_identification:_identify(space_robotics_gz_envs/assets/cache/lunar_surface0) by extension 'colcon_meta'
[0.312s] Level 1:colcon.colcon_core.package_identification:_identify(space_robotics_gz_envs/assets/cache/lunar_surface0) by extensions ['ros']
[0.312s] Level 1:colcon.colcon_core.package_identification:_identify(space_robotics_gz_envs/assets/cache/lunar_surface0) by extension 'ros'
[0.312s] Level 1:colcon.colcon_core.package_identification:_identify(space_robotics_gz_envs/assets/cache/lunar_surface0) by extensions ['cmake', 'python']
[0.312s] Level 1:colcon.colcon_core.package_identification:_identify(space_robotics_gz_envs/assets/cache/lunar_surface0) by extension 'cmake'
[0.312s] Level 1:colcon.colcon_core.package_identification:_identify(space_robotics_gz_envs/assets/cache/lunar_surface0) by extension 'python'
[0.312s] Level 1:colcon.colcon_core.package_identification:_identify(space_robotics_gz_envs/assets/cache/lunar_surface0) by extensions ['python_setup_py']
[0.313s] Level 1:colcon.colcon_core.package_identification:_identify(space_robotics_gz_envs/assets/cache/lunar_surface0) by extension 'python_setup_py'
[0.313s] Level 1:colcon.colcon_core.package_identification:_identify(space_robotics_gz_envs/assets/cache/lunar_surface0/meshes) by extensions ['ignore', 'ignore_ament_install']
[0.313s] Level 1:colcon.colcon_core.package_identification:_identify(space_robotics_gz_envs/assets/cache/lunar_surface0/meshes) by extension 'ignore'
[0.313s] Level 1:colcon.colcon_core.package_identification:_identify(space_robotics_gz_envs/assets/cache/lunar_surface0/meshes) by extension 'ignore_ament_install'
[0.313s] Level 1:colcon.colcon_core.package_identification:_identify(space_robotics_gz_envs/assets/cache/lunar_surface0/meshes) by extensions ['colcon_pkg']
[0.313s] Level 1:colcon.colcon_core.package_identification:_identify(space_robotics_gz_envs/assets/cache/lunar_surface0/meshes) by extension 'colcon_pkg'
[0.313s] Level 1:colcon.colcon_core.package_identification:_identify(space_robotics_gz_envs/assets/cache/lunar_surface0/meshes) by extensions ['colcon_meta']
[0.313s] Level 1:colcon.colcon_core.package_identification:_identify(space_robotics_gz_envs/assets/cache/lunar_surface0/meshes) by extension 'colcon_meta'
[0.313s] Level 1:colcon.colcon_core.package_identification:_identify(space_robotics_gz_envs/assets/cache/lunar_surface0/meshes) by extensions ['ros']
[0.313s] Level 1:colcon.colcon_core.package_identification:_identify(space_robotics_gz_envs/assets/cache/lunar_surface0/meshes) by extension 'ros'
[0.313s] Level 1:colcon.colcon_core.package_identification:_identify(space_robotics_gz_envs/assets/cache/lunar_surface0/meshes) by extensions ['cmake', 'python']
[0.313s] Level 1:colcon.colcon_core.package_identification:_identify(space_robotics_gz_envs/assets/cache/lunar_surface0/meshes) by extension 'cmake'
[0.313s] Level 1:colcon.colcon_core.package_identification:_identify(space_robotics_gz_envs/assets/cache/lunar_surface0/meshes) by extension 'python'
[0.313s] Level 1:colcon.colcon_core.package_identification:_identify(space_robotics_gz_envs/assets/cache/lunar_surface0/meshes) by extensions ['python_setup_py']
[0.313s] Level 1:colcon.colcon_core.package_identification:_identify(space_robotics_gz_envs/assets/cache/lunar_surface0/meshes) by extension 'python_setup_py'
[0.313s] Level 1:colcon.colcon_core.package_identification:_identify(space_robotics_gz_envs/assets/cache/lunar_surface0/thumbnails) by extensions ['ignore', 'ignore_ament_install']
[0.313s] Level 1:colcon.colcon_core.package_identification:_identify(space_robotics_gz_envs/assets/cache/lunar_surface0/thumbnails) by extension 'ignore'
[0.314s] Level 1:colcon.colcon_core.package_identification:_identify(space_robotics_gz_envs/assets/cache/lunar_surface0/thumbnails) by extension 'ignore_ament_install'
[0.314s] Level 1:colcon.colcon_core.package_identification:_identify(space_robotics_gz_envs/assets/cache/lunar_surface0/thumbnails) by extensions ['colcon_pkg']
[0.314s] Level 1:colcon.colcon_core.package_identification:_identify(space_robotics_gz_envs/assets/cache/lunar_surface0/thumbnails) by extension 'colcon_pkg'
[0.314s] Level 1:colcon.colcon_core.package_identification:_identify(space_robotics_gz_envs/assets/cache/lunar_surface0/thumbnails) by extensions ['colcon_meta']
[0.314s] Level 1:colcon.colcon_core.package_identification:_identify(space_robotics_gz_envs/assets/cache/lunar_surface0/thumbnails) by extension 'colcon_meta'
[0.314s] Level 1:colcon.colcon_core.package_identification:_identify(space_robotics_gz_envs/assets/cache/lunar_surface0/thumbnails) by extensions ['ros']
[0.314s] Level 1:colcon.colcon_core.package_identification:_identify(space_robotics_gz_envs/assets/cache/lunar_surface0/thumbnails) by extension 'ros'
[0.314s] Level 1:colcon.colcon_core.package_identification:_identify(space_robotics_gz_envs/assets/cache/lunar_surface0/thumbnails) by extensions ['cmake', 'python']
[0.314s] Level 1:colcon.colcon_core.package_identification:_identify(space_robotics_gz_envs/assets/cache/lunar_surface0/thumbnails) by extension 'cmake'
[0.314s] Level 1:colcon.colcon_core.package_identification:_identify(space_robotics_gz_envs/assets/cache/lunar_surface0/thumbnails) by extension 'python'
[0.314s] Level 1:colcon.colcon_core.package_identification:_identify(space_robotics_gz_envs/assets/cache/lunar_surface0/thumbnails) by extensions ['python_setup_py']
[0.314s] Level 1:colcon.colcon_core.package_identification:_identify(space_robotics_gz_envs/assets/cache/lunar_surface0/thumbnails) by extension 'python_setup_py'
[0.314s] Level 1:colcon.colcon_core.package_identification:_identify(space_robotics_gz_envs/assets/srb_assets) by extensions ['ignore', 'ignore_ament_install']
[0.314s] Level 1:colcon.colcon_core.package_identification:_identify(space_robotics_gz_envs/assets/srb_assets) by extension 'ignore'
[0.314s] Level 1:colcon.colcon_core.package_identification:_identify(space_robotics_gz_envs/assets/srb_assets) by extension 'ignore_ament_install'
[0.314s] Level 1:colcon.colcon_core.package_identification:_identify(space_robotics_gz_envs/assets/srb_assets) by extensions ['colcon_pkg']
[0.314s] Level 1:colcon.colcon_core.package_identification:_identify(space_robotics_gz_envs/assets/srb_assets) by extension 'colcon_pkg'
[0.314s] Level 1:colcon.colcon_core.package_identification:_identify(space_robotics_gz_envs/assets/srb_assets) by extensions ['colcon_meta']
[0.314s] Level 1:colcon.colcon_core.package_identification:_identify(space_robotics_gz_envs/assets/srb_assets) by extension 'colcon_meta'
[0.314s] Level 1:colcon.colcon_core.package_identification:_identify(space_robotics_gz_envs/assets/srb_assets) by extensions ['ros']
[0.314s] Level 1:colcon.colcon_core.package_identification:_identify(space_robotics_gz_envs/assets/srb_assets) by extension 'ros'
[0.314s] Level 1:colcon.colcon_core.package_identification:_identify(space_robotics_gz_envs/assets/srb_assets) by extensions ['cmake', 'python']
[0.315s] Level 1:colcon.colcon_core.package_identification:_identify(space_robotics_gz_envs/assets/srb_assets) by extension 'cmake'
[0.315s] Level 1:colcon.colcon_core.package_identification:_identify(space_robotics_gz_envs/assets/srb_assets) by extension 'python'
[0.315s] Level 1:colcon.colcon_core.package_identification:_identify(space_robotics_gz_envs/assets/srb_assets) by extensions ['python_setup_py']
[0.315s] Level 1:colcon.colcon_core.package_identification:_identify(space_robotics_gz_envs/assets/srb_assets) by extension 'python_setup_py'
[0.315s] Level 1:colcon.colcon_core.package_identification:_identify(space_robotics_gz_envs/assets/srb_assets/hdri) by extensions ['ignore', 'ignore_ament_install']
[0.315s] Level 1:colcon.colcon_core.package_identification:_identify(space_robotics_gz_envs/assets/srb_assets/hdri) by extension 'ignore'
[0.315s] Level 1:colcon.colcon_core.package_identification:_identify(space_robotics_gz_envs/assets/srb_assets/hdri) by extension 'ignore_ament_install'
[0.315s] Level 1:colcon.colcon_core.package_identification:_identify(space_robotics_gz_envs/assets/srb_assets/hdri) by extensions ['colcon_pkg']
[0.315s] Level 1:colcon.colcon_core.package_identification:_identify(space_robotics_gz_envs/assets/srb_assets/hdri) by extension 'colcon_pkg'
[0.315s] Level 1:colcon.colcon_core.package_identification:_identify(space_robotics_gz_envs/assets/srb_assets/hdri) by extensions ['colcon_meta']
[0.315s] Level 1:colcon.colcon_core.package_identification:_identify(space_robotics_gz_envs/assets/srb_assets/hdri) by extension 'colcon_meta'
[0.315s] Level 1:colcon.colcon_core.package_identification:_identify(space_robotics_gz_envs/assets/srb_assets/hdri) by extensions ['ros']
[0.315s] Level 1:colcon.colcon_core.package_identification:_identify(space_robotics_gz_envs/assets/srb_assets/hdri) by extension 'ros'
[0.315s] Level 1:colcon.colcon_core.package_identification:_identify(space_robotics_gz_envs/assets/srb_assets/hdri) by extensions ['cmake', 'python']
[0.315s] Level 1:colcon.colcon_core.package_identification:_identify(space_robotics_gz_envs/assets/srb_assets/hdri) by extension 'cmake'
[0.315s] Level 1:colcon.colcon_core.package_identification:_identify(space_robotics_gz_envs/assets/srb_assets/hdri) by extension 'python'
[0.315s] Level 1:colcon.colcon_core.package_identification:_identify(space_robotics_gz_envs/assets/srb_assets/hdri) by extensions ['python_setup_py']
[0.315s] Level 1:colcon.colcon_core.package_identification:_identify(space_robotics_gz_envs/assets/srb_assets/hdri) by extension 'python_setup_py'
[0.315s] Level 1:colcon.colcon_core.package_identification:_identify(space_robotics_gz_envs/assets/srb_assets/model) by extensions ['ignore', 'ignore_ament_install']
[0.315s] Level 1:colcon.colcon_core.package_identification:_identify(space_robotics_gz_envs/assets/srb_assets/model) by extension 'ignore'
[0.316s] Level 1:colcon.colcon_core.package_identification:_identify(space_robotics_gz_envs/assets/srb_assets/model) by extension 'ignore_ament_install'
[0.316s] Level 1:colcon.colcon_core.package_identification:_identify(space_robotics_gz_envs/assets/srb_assets/model) by extensions ['colcon_pkg']
[0.316s] Level 1:colcon.colcon_core.package_identification:_identify(space_robotics_gz_envs/assets/srb_assets/model) by extension 'colcon_pkg'
[0.316s] Level 1:colcon.colcon_core.package_identification:_identify(space_robotics_gz_envs/assets/srb_assets/model) by extensions ['colcon_meta']
[0.316s] Level 1:colcon.colcon_core.package_identification:_identify(space_robotics_gz_envs/assets/srb_assets/model) by extension 'colcon_meta'
[0.316s] Level 1:colcon.colcon_core.package_identification:_identify(space_robotics_gz_envs/assets/srb_assets/model) by extensions ['ros']
[0.316s] Level 1:colcon.colcon_core.package_identification:_identify(space_robotics_gz_envs/assets/srb_assets/model) by extension 'ros'
[0.316s] Level 1:colcon.colcon_core.package_identification:_identify(space_robotics_gz_envs/assets/srb_assets/model) by extensions ['cmake', 'python']
[0.316s] Level 1:colcon.colcon_core.package_identification:_identify(space_robotics_gz_envs/assets/srb_assets/model) by extension 'cmake'
[0.316s] Level 1:colcon.colcon_core.package_identification:_identify(space_robotics_gz_envs/assets/srb_assets/model) by extension 'python'
[0.316s] Level 1:colcon.colcon_core.package_identification:_identify(space_robotics_gz_envs/assets/srb_assets/model) by extensions ['python_setup_py']
[0.316s] Level 1:colcon.colcon_core.package_identification:_identify(space_robotics_gz_envs/assets/srb_assets/model) by extension 'python_setup_py'
[0.316s] Level 1:colcon.colcon_core.package_identification:_identify(space_robotics_gz_envs/assets/srb_assets/model/object) by extensions ['ignore', 'ignore_ament_install']
[0.316s] Level 1:colcon.colcon_core.package_identification:_identify(space_robotics_gz_envs/assets/srb_assets/model/object) by extension 'ignore'
[0.316s] Level 1:colcon.colcon_core.package_identification:_identify(space_robotics_gz_envs/assets/srb_assets/model/object) by extension 'ignore_ament_install'
[0.316s] Level 1:colcon.colcon_core.package_identification:_identify(space_robotics_gz_envs/assets/srb_assets/model/object) by extensions ['colcon_pkg']
[0.316s] Level 1:colcon.colcon_core.package_identification:_identify(space_robotics_gz_envs/assets/srb_assets/model/object) by extension 'colcon_pkg'
[0.316s] Level 1:colcon.colcon_core.package_identification:_identify(space_robotics_gz_envs/assets/srb_assets/model/object) by extensions ['colcon_meta']
[0.317s] Level 1:colcon.colcon_core.package_identification:_identify(space_robotics_gz_envs/assets/srb_assets/model/object) by extension 'colcon_meta'
[0.317s] Level 1:colcon.colcon_core.package_identification:_identify(space_robotics_gz_envs/assets/srb_assets/model/object) by extensions ['ros']
[0.317s] Level 1:colcon.colcon_core.package_identification:_identify(space_robotics_gz_envs/assets/srb_assets/model/object) by extension 'ros'
[0.317s] Level 1:colcon.colcon_core.package_identification:_identify(space_robotics_gz_envs/assets/srb_assets/model/object) by extensions ['cmake', 'python']
[0.317s] Level 1:colcon.colcon_core.package_identification:_identify(space_robotics_gz_envs/assets/srb_assets/model/object) by extension 'cmake'
[0.317s] Level 1:colcon.colcon_core.package_identification:_identify(space_robotics_gz_envs/assets/srb_assets/model/object) by extension 'python'
[0.317s] Level 1:colcon.colcon_core.package_identification:_identify(space_robotics_gz_envs/assets/srb_assets/model/object) by extensions ['python_setup_py']
[0.317s] Level 1:colcon.colcon_core.package_identification:_identify(space_robotics_gz_envs/assets/srb_assets/model/object) by extension 'python_setup_py'
[0.317s] Level 1:colcon.colcon_core.package_identification:_identify(space_robotics_gz_envs/assets/srb_assets/model/object/lunar_rock_procgen) by extensions ['ignore', 'ignore_ament_install']
[0.317s] Level 1:colcon.colcon_core.package_identification:_identify(space_robotics_gz_envs/assets/srb_assets/model/object/lunar_rock_procgen) by extension 'ignore'
[0.317s] Level 1:colcon.colcon_core.package_identification:_identify(space_robotics_gz_envs/assets/srb_assets/model/object/lunar_rock_procgen) by extension 'ignore_ament_install'
[0.317s] Level 1:colcon.colcon_core.package_identification:_identify(space_robotics_gz_envs/assets/srb_assets/model/object/lunar_rock_procgen) by extensions ['colcon_pkg']
[0.317s] Level 1:colcon.colcon_core.package_identification:_identify(space_robotics_gz_envs/assets/srb_assets/model/object/lunar_rock_procgen) by extension 'colcon_pkg'
[0.317s] Level 1:colcon.colcon_core.package_identification:_identify(space_robotics_gz_envs/assets/srb_assets/model/object/lunar_rock_procgen) by extensions ['colcon_meta']
[0.317s] Level 1:colcon.colcon_core.package_identification:_identify(space_robotics_gz_envs/assets/srb_assets/model/object/lunar_rock_procgen) by extension 'colcon_meta'
[0.317s] Level 1:colcon.colcon_core.package_identification:_identify(space_robotics_gz_envs/assets/srb_assets/model/object/lunar_rock_procgen) by extensions ['ros']
[0.317s] Level 1:colcon.colcon_core.package_identification:_identify(space_robotics_gz_envs/assets/srb_assets/model/object/lunar_rock_procgen) by extension 'ros'
[0.317s] Level 1:colcon.colcon_core.package_identification:_identify(space_robotics_gz_envs/assets/srb_assets/model/object/lunar_rock_procgen) by extensions ['cmake', 'python']
[0.317s] Level 1:colcon.colcon_core.package_identification:_identify(space_robotics_gz_envs/assets/srb_assets/model/object/lunar_rock_procgen) by extension 'cmake'
[0.317s] Level 1:colcon.colcon_core.package_identification:_identify(space_robotics_gz_envs/assets/srb_assets/model/object/lunar_rock_procgen) by extension 'python'
[0.317s] Level 1:colcon.colcon_core.package_identification:_identify(space_robotics_gz_envs/assets/srb_assets/model/object/lunar_rock_procgen) by extensions ['python_setup_py']
[0.318s] Level 1:colcon.colcon_core.package_identification:_identify(space_robotics_gz_envs/assets/srb_assets/model/object/lunar_rock_procgen) by extension 'python_setup_py'
[0.318s] Level 1:colcon.colcon_core.package_identification:_identify(space_robotics_gz_envs/assets/srb_assets/model/object/martian_rock_procgen) by extensions ['ignore', 'ignore_ament_install']
[0.318s] Level 1:colcon.colcon_core.package_identification:_identify(space_robotics_gz_envs/assets/srb_assets/model/object/martian_rock_procgen) by extension 'ignore'
[0.318s] Level 1:colcon.colcon_core.package_identification:_identify(space_robotics_gz_envs/assets/srb_assets/model/object/martian_rock_procgen) by extension 'ignore_ament_install'
[0.318s] Level 1:colcon.colcon_core.package_identification:_identify(space_robotics_gz_envs/assets/srb_assets/model/object/martian_rock_procgen) by extensions ['colcon_pkg']
[0.318s] Level 1:colcon.colcon_core.package_identification:_identify(space_robotics_gz_envs/assets/srb_assets/model/object/martian_rock_procgen) by extension 'colcon_pkg'
[0.318s] Level 1:colcon.colcon_core.package_identification:_identify(space_robotics_gz_envs/assets/srb_assets/model/object/martian_rock_procgen) by extensions ['colcon_meta']
[0.318s] Level 1:colcon.colcon_core.package_identification:_identify(space_robotics_gz_envs/assets/srb_assets/model/object/martian_rock_procgen) by extension 'colcon_meta'
[0.318s] Level 1:colcon.colcon_core.package_identification:_identify(space_robotics_gz_envs/assets/srb_assets/model/object/martian_rock_procgen) by extensions ['ros']
[0.318s] Level 1:colcon.colcon_core.package_identification:_identify(space_robotics_gz_envs/assets/srb_assets/model/object/martian_rock_procgen) by extension 'ros'
[0.318s] Level 1:colcon.colcon_core.package_identification:_identify(space_robotics_gz_envs/assets/srb_assets/model/object/martian_rock_procgen) by extensions ['cmake', 'python']
[0.318s] Level 1:colcon.colcon_core.package_identification:_identify(space_robotics_gz_envs/assets/srb_assets/model/object/martian_rock_procgen) by extension 'cmake'
[0.318s] Level 1:colcon.colcon_core.package_identification:_identify(space_robotics_gz_envs/assets/srb_assets/model/object/martian_rock_procgen) by extension 'python'
[0.318s] Level 1:colcon.colcon_core.package_identification:_identify(space_robotics_gz_envs/assets/srb_assets/model/object/martian_rock_procgen) by extensions ['python_setup_py']
[0.318s] Level 1:colcon.colcon_core.package_identification:_identify(space_robotics_gz_envs/assets/srb_assets/model/object/martian_rock_procgen) by extension 'python_setup_py'
[0.318s] Level 1:colcon.colcon_core.package_identification:_identify(space_robotics_gz_envs/assets/srb_assets/model/object/peg_in_hole_procgen) by extensions ['ignore', 'ignore_ament_install']
[0.318s] Level 1:colcon.colcon_core.package_identification:_identify(space_robotics_gz_envs/assets/srb_assets/model/object/peg_in_hole_procgen) by extension 'ignore'
[0.318s] Level 1:colcon.colcon_core.package_identification:_identify(space_robotics_gz_envs/assets/srb_assets/model/object/peg_in_hole_procgen) by extension 'ignore_ament_install'
[0.318s] Level 1:colcon.colcon_core.package_identification:_identify(space_robotics_gz_envs/assets/srb_assets/model/object/peg_in_hole_procgen) by extensions ['colcon_pkg']
[0.319s] Level 1:colcon.colcon_core.package_identification:_identify(space_robotics_gz_envs/assets/srb_assets/model/object/peg_in_hole_procgen) by extension 'colcon_pkg'
[0.319s] Level 1:colcon.colcon_core.package_identification:_identify(space_robotics_gz_envs/assets/srb_assets/model/object/peg_in_hole_procgen) by extensions ['colcon_meta']
[0.319s] Level 1:colcon.colcon_core.package_identification:_identify(space_robotics_gz_envs/assets/srb_assets/model/object/peg_in_hole_procgen) by extension 'colcon_meta'
[0.319s] Level 1:colcon.colcon_core.package_identification:_identify(space_robotics_gz_envs/assets/srb_assets/model/object/peg_in_hole_procgen) by extensions ['ros']
[0.319s] Level 1:colcon.colcon_core.package_identification:_identify(space_robotics_gz_envs/assets/srb_assets/model/object/peg_in_hole_procgen) by extension 'ros'
[0.319s] Level 1:colcon.colcon_core.package_identification:_identify(space_robotics_gz_envs/assets/srb_assets/model/object/peg_in_hole_procgen) by extensions ['cmake', 'python']
[0.319s] Level 1:colcon.colcon_core.package_identification:_identify(space_robotics_gz_envs/assets/srb_assets/model/object/peg_in_hole_procgen) by extension 'cmake'
[0.319s] Level 1:colcon.colcon_core.package_identification:_identify(space_robotics_gz_envs/assets/srb_assets/model/object/peg_in_hole_procgen) by extension 'python'
[0.319s] Level 1:colcon.colcon_core.package_identification:_identify(space_robotics_gz_envs/assets/srb_assets/model/object/peg_in_hole_procgen) by extensions ['python_setup_py']
[0.319s] Level 1:colcon.colcon_core.package_identification:_identify(space_robotics_gz_envs/assets/srb_assets/model/object/peg_in_hole_procgen) by extension 'python_setup_py'
[0.319s] Level 1:colcon.colcon_core.package_identification:_identify(space_robotics_gz_envs/assets/srb_assets/model/object/peg_in_hole_profile) by extensions ['ignore', 'ignore_ament_install']
[0.319s] Level 1:colcon.colcon_core.package_identification:_identify(space_robotics_gz_envs/assets/srb_assets/model/object/peg_in_hole_profile) by extension 'ignore'
[0.319s] Level 1:colcon.colcon_core.package_identification:_identify(space_robotics_gz_envs/assets/srb_assets/model/object/peg_in_hole_profile) by extension 'ignore_ament_install'
[0.319s] Level 1:colcon.colcon_core.package_identification:_identify(space_robotics_gz_envs/assets/srb_assets/model/object/peg_in_hole_profile) by extensions ['colcon_pkg']
[0.319s] Level 1:colcon.colcon_core.package_identification:_identify(space_robotics_gz_envs/assets/srb_assets/model/object/peg_in_hole_profile) by extension 'colcon_pkg'
[0.319s] Level 1:colcon.colcon_core.package_identification:_identify(space_robotics_gz_envs/assets/srb_assets/model/object/peg_in_hole_profile) by extensions ['colcon_meta']
[0.319s] Level 1:colcon.colcon_core.package_identification:_identify(space_robotics_gz_envs/assets/srb_assets/model/object/peg_in_hole_profile) by extension 'colcon_meta'
[0.320s] Level 1:colcon.colcon_core.package_identification:_identify(space_robotics_gz_envs/assets/srb_assets/model/object/peg_in_hole_profile) by extensions ['ros']
[0.320s] Level 1:colcon.colcon_core.package_identification:_identify(space_robotics_gz_envs/assets/srb_assets/model/object/peg_in_hole_profile) by extension 'ros'
[0.320s] Level 1:colcon.colcon_core.package_identification:_identify(space_robotics_gz_envs/assets/srb_assets/model/object/peg_in_hole_profile) by extensions ['cmake', 'python']
[0.320s] Level 1:colcon.colcon_core.package_identification:_identify(space_robotics_gz_envs/assets/srb_assets/model/object/peg_in_hole_profile) by extension 'cmake'
[0.320s] Level 1:colcon.colcon_core.package_identification:_identify(space_robotics_gz_envs/assets/srb_assets/model/object/peg_in_hole_profile) by extension 'python'
[0.320s] Level 1:colcon.colcon_core.package_identification:_identify(space_robotics_gz_envs/assets/srb_assets/model/object/peg_in_hole_profile) by extensions ['python_setup_py']
[0.320s] Level 1:colcon.colcon_core.package_identification:_identify(space_robotics_gz_envs/assets/srb_assets/model/object/peg_in_hole_profile) by extension 'python_setup_py'
[0.320s] Level 1:colcon.colcon_core.package_identification:_identify(space_robotics_gz_envs/assets/srb_assets/model/object/sample_tube) by extensions ['ignore', 'ignore_ament_install']
[0.320s] Level 1:colcon.colcon_core.package_identification:_identify(space_robotics_gz_envs/assets/srb_assets/model/object/sample_tube) by extension 'ignore'
[0.320s] Level 1:colcon.colcon_core.package_identification:_identify(space_robotics_gz_envs/assets/srb_assets/model/object/sample_tube) by extension 'ignore_ament_install'
[0.320s] Level 1:colcon.colcon_core.package_identification:_identify(space_robotics_gz_envs/assets/srb_assets/model/object/sample_tube) by extensions ['colcon_pkg']
[0.320s] Level 1:colcon.colcon_core.package_identification:_identify(space_robotics_gz_envs/assets/srb_assets/model/object/sample_tube) by extension 'colcon_pkg'
[0.320s] Level 1:colcon.colcon_core.package_identification:_identify(space_robotics_gz_envs/assets/srb_assets/model/object/sample_tube) by extensions ['colcon_meta']
[0.320s] Level 1:colcon.colcon_core.package_identification:_identify(space_robotics_gz_envs/assets/srb_assets/model/object/sample_tube) by extension 'colcon_meta'
[0.320s] Level 1:colcon.colcon_core.package_identification:_identify(space_robotics_gz_envs/assets/srb_assets/model/object/sample_tube) by extensions ['ros']
[0.320s] Level 1:colcon.colcon_core.package_identification:_identify(space_robotics_gz_envs/assets/srb_assets/model/object/sample_tube) by extension 'ros'
[0.320s] Level 1:colcon.colcon_core.package_identification:_identify(space_robotics_gz_envs/assets/srb_assets/model/object/sample_tube) by extensions ['cmake', 'python']
[0.320s] Level 1:colcon.colcon_core.package_identification:_identify(space_robotics_gz_envs/assets/srb_assets/model/object/sample_tube) by extension 'cmake'
[0.320s] Level 1:colcon.colcon_core.package_identification:_identify(space_robotics_gz_envs/assets/srb_assets/model/object/sample_tube) by extension 'python'
[0.321s] Level 1:colcon.colcon_core.package_identification:_identify(space_robotics_gz_envs/assets/srb_assets/model/object/sample_tube) by extensions ['python_setup_py']
[0.321s] Level 1:colcon.colcon_core.package_identification:_identify(space_robotics_gz_envs/assets/srb_assets/model/object/sample_tube) by extension 'python_setup_py'
[0.321s] Level 1:colcon.colcon_core.package_identification:_identify(space_robotics_gz_envs/assets/srb_assets/model/object/solar_panel) by extensions ['ignore', 'ignore_ament_install']
[0.321s] Level 1:colcon.colcon_core.package_identification:_identify(space_robotics_gz_envs/assets/srb_assets/model/object/solar_panel) by extension 'ignore'
[0.321s] Level 1:colcon.colcon_core.package_identification:_identify(space_robotics_gz_envs/assets/srb_assets/model/object/solar_panel) by extension 'ignore_ament_install'
[0.321s] Level 1:colcon.colcon_core.package_identification:_identify(space_robotics_gz_envs/assets/srb_assets/model/object/solar_panel) by extensions ['colcon_pkg']
[0.321s] Level 1:colcon.colcon_core.package_identification:_identify(space_robotics_gz_envs/assets/srb_assets/model/object/solar_panel) by extension 'colcon_pkg'
[0.321s] Level 1:colcon.colcon_core.package_identification:_identify(space_robotics_gz_envs/assets/srb_assets/model/object/solar_panel) by extensions ['colcon_meta']
[0.321s] Level 1:colcon.colcon_core.package_identification:_identify(space_robotics_gz_envs/assets/srb_assets/model/object/solar_panel) by extension 'colcon_meta'
[0.321s] Level 1:colcon.colcon_core.package_identification:_identify(space_robotics_gz_envs/assets/srb_assets/model/object/solar_panel) by extensions ['ros']
[0.321s] Level 1:colcon.colcon_core.package_identification:_identify(space_robotics_gz_envs/assets/srb_assets/model/object/solar_panel) by extension 'ros'
[0.321s] Level 1:colcon.colcon_core.package_identification:_identify(space_robotics_gz_envs/assets/srb_assets/model/object/solar_panel) by extensions ['cmake', 'python']
[0.321s] Level 1:colcon.colcon_core.package_identification:_identify(space_robotics_gz_envs/assets/srb_assets/model/object/solar_panel) by extension 'cmake'
[0.321s] Level 1:colcon.colcon_core.package_identification:_identify(space_robotics_gz_envs/assets/srb_assets/model/object/solar_panel) by extension 'python'
[0.321s] Level 1:colcon.colcon_core.package_identification:_identify(space_robotics_gz_envs/assets/srb_assets/model/object/solar_panel) by extensions ['python_setup_py']
[0.321s] Level 1:colcon.colcon_core.package_identification:_identify(space_robotics_gz_envs/assets/srb_assets/model/object/solar_panel) by extension 'python_setup_py'
[0.322s] Level 1:colcon.colcon_core.package_identification:_identify(space_robotics_gz_envs/assets/srb_assets/model/object/solar_panel/textures) by extensions ['ignore', 'ignore_ament_install']
[0.322s] Level 1:colcon.colcon_core.package_identification:_identify(space_robotics_gz_envs/assets/srb_assets/model/object/solar_panel/textures) by extension 'ignore'
[0.322s] Level 1:colcon.colcon_core.package_identification:_identify(space_robotics_gz_envs/assets/srb_assets/model/object/solar_panel/textures) by extension 'ignore_ament_install'
[0.322s] Level 1:colcon.colcon_core.package_identification:_identify(space_robotics_gz_envs/assets/srb_assets/model/object/solar_panel/textures) by extensions ['colcon_pkg']
[0.322s] Level 1:colcon.colcon_core.package_identification:_identify(space_robotics_gz_envs/assets/srb_assets/model/object/solar_panel/textures) by extension 'colcon_pkg'
[0.322s] Level 1:colcon.colcon_core.package_identification:_identify(space_robotics_gz_envs/assets/srb_assets/model/object/solar_panel/textures) by extensions ['colcon_meta']
[0.322s] Level 1:colcon.colcon_core.package_identification:_identify(space_robotics_gz_envs/assets/srb_assets/model/object/solar_panel/textures) by extension 'colcon_meta'
[0.322s] Level 1:colcon.colcon_core.package_identification:_identify(space_robotics_gz_envs/assets/srb_assets/model/object/solar_panel/textures) by extensions ['ros']
[0.322s] Level 1:colcon.colcon_core.package_identification:_identify(space_robotics_gz_envs/assets/srb_assets/model/object/solar_panel/textures) by extension 'ros'
[0.322s] Level 1:colcon.colcon_core.package_identification:_identify(space_robotics_gz_envs/assets/srb_assets/model/object/solar_panel/textures) by extensions ['cmake', 'python']
[0.322s] Level 1:colcon.colcon_core.package_identification:_identify(space_robotics_gz_envs/assets/srb_assets/model/object/solar_panel/textures) by extension 'cmake'
[0.322s] Level 1:colcon.colcon_core.package_identification:_identify(space_robotics_gz_envs/assets/srb_assets/model/object/solar_panel/textures) by extension 'python'
[0.322s] Level 1:colcon.colcon_core.package_identification:_identify(space_robotics_gz_envs/assets/srb_assets/model/object/solar_panel/textures) by extensions ['python_setup_py']
[0.322s] Level 1:colcon.colcon_core.package_identification:_identify(space_robotics_gz_envs/assets/srb_assets/model/object/solar_panel/textures) by extension 'python_setup_py'
[0.322s] Level 1:colcon.colcon_core.package_identification:_identify(space_robotics_gz_envs/assets/srb_assets/model/object/solar_panel_procgen) by extensions ['ignore', 'ignore_ament_install']
[0.323s] Level 1:colcon.colcon_core.package_identification:_identify(space_robotics_gz_envs/assets/srb_assets/model/object/solar_panel_procgen) by extension 'ignore'
[0.323s] Level 1:colcon.colcon_core.package_identification:_identify(space_robotics_gz_envs/assets/srb_assets/model/object/solar_panel_procgen) by extension 'ignore_ament_install'
[0.323s] Level 1:colcon.colcon_core.package_identification:_identify(space_robotics_gz_envs/assets/srb_assets/model/object/solar_panel_procgen) by extensions ['colcon_pkg']
[0.323s] Level 1:colcon.colcon_core.package_identification:_identify(space_robotics_gz_envs/assets/srb_assets/model/object/solar_panel_procgen) by extension 'colcon_pkg'
[0.323s] Level 1:colcon.colcon_core.package_identification:_identify(space_robotics_gz_envs/assets/srb_assets/model/object/solar_panel_procgen) by extensions ['colcon_meta']
[0.323s] Level 1:colcon.colcon_core.package_identification:_identify(space_robotics_gz_envs/assets/srb_assets/model/object/solar_panel_procgen) by extension 'colcon_meta'
[0.323s] Level 1:colcon.colcon_core.package_identification:_identify(space_robotics_gz_envs/assets/srb_assets/model/object/solar_panel_procgen) by extensions ['ros']
[0.323s] Level 1:colcon.colcon_core.package_identification:_identify(space_robotics_gz_envs/assets/srb_assets/model/object/solar_panel_procgen) by extension 'ros'
[0.323s] Level 1:colcon.colcon_core.package_identification:_identify(space_robotics_gz_envs/assets/srb_assets/model/object/solar_panel_procgen) by extensions ['cmake', 'python']
[0.323s] Level 1:colcon.colcon_core.package_identification:_identify(space_robotics_gz_envs/assets/srb_assets/model/object/solar_panel_procgen) by extension 'cmake'
[0.323s] Level 1:colcon.colcon_core.package_identification:_identify(space_robotics_gz_envs/assets/srb_assets/model/object/solar_panel_procgen) by extension 'python'
[0.323s] Level 1:colcon.colcon_core.package_identification:_identify(space_robotics_gz_envs/assets/srb_assets/model/object/solar_panel_procgen) by extensions ['python_setup_py']
[0.324s] Level 1:colcon.colcon_core.package_identification:_identify(space_robotics_gz_envs/assets/srb_assets/model/object/solar_panel_procgen) by extension 'python_setup_py'
[0.324s] Level 1:colcon.colcon_core.package_identification:_identify(space_robotics_gz_envs/assets/srb_assets/model/robot) by extensions ['ignore', 'ignore_ament_install']
[0.324s] Level 1:colcon.colcon_core.package_identification:_identify(space_robotics_gz_envs/assets/srb_assets/model/robot) by extension 'ignore'
[0.324s] Level 1:colcon.colcon_core.package_identification:_identify(space_robotics_gz_envs/assets/srb_assets/model/robot) by extension 'ignore_ament_install'
[0.324s] Level 1:colcon.colcon_core.package_identification:_identify(space_robotics_gz_envs/assets/srb_assets/model/robot) by extensions ['colcon_pkg']
[0.324s] Level 1:colcon.colcon_core.package_identification:_identify(space_robotics_gz_envs/assets/srb_assets/model/robot) by extension 'colcon_pkg'
[0.324s] Level 1:colcon.colcon_core.package_identification:_identify(space_robotics_gz_envs/assets/srb_assets/model/robot) by extensions ['colcon_meta']
[0.324s] Level 1:colcon.colcon_core.package_identification:_identify(space_robotics_gz_envs/assets/srb_assets/model/robot) by extension 'colcon_meta'
[0.324s] Level 1:colcon.colcon_core.package_identification:_identify(space_robotics_gz_envs/assets/srb_assets/model/robot) by extensions ['ros']
[0.324s] Level 1:colcon.colcon_core.package_identification:_identify(space_robotics_gz_envs/assets/srb_assets/model/robot) by extension 'ros'
[0.324s] Level 1:colcon.colcon_core.package_identification:_identify(space_robotics_gz_envs/assets/srb_assets/model/robot) by extensions ['cmake', 'python']
[0.324s] Level 1:colcon.colcon_core.package_identification:_identify(space_robotics_gz_envs/assets/srb_assets/model/robot) by extension 'cmake'
[0.324s] Level 1:colcon.colcon_core.package_identification:_identify(space_robotics_gz_envs/assets/srb_assets/model/robot) by extension 'python'
[0.324s] Level 1:colcon.colcon_core.package_identification:_identify(space_robotics_gz_envs/assets/srb_assets/model/robot) by extensions ['python_setup_py']
[0.324s] Level 1:colcon.colcon_core.package_identification:_identify(space_robotics_gz_envs/assets/srb_assets/model/robot) by extension 'python_setup_py'
[0.324s] Level 1:colcon.colcon_core.package_identification:_identify(space_robotics_gz_envs/assets/srb_assets/model/robot/canadarm3_large) by extensions ['ignore', 'ignore_ament_install']
[0.324s] Level 1:colcon.colcon_core.package_identification:_identify(space_robotics_gz_envs/assets/srb_assets/model/robot/canadarm3_large) by extension 'ignore'
[0.324s] Level 1:colcon.colcon_core.package_identification:_identify(space_robotics_gz_envs/assets/srb_assets/model/robot/canadarm3_large) by extension 'ignore_ament_install'
[0.325s] Level 1:colcon.colcon_core.package_identification:_identify(space_robotics_gz_envs/assets/srb_assets/model/robot/canadarm3_large) by extensions ['colcon_pkg']
[0.325s] Level 1:colcon.colcon_core.package_identification:_identify(space_robotics_gz_envs/assets/srb_assets/model/robot/canadarm3_large) by extension 'colcon_pkg'
[0.325s] Level 1:colcon.colcon_core.package_identification:_identify(space_robotics_gz_envs/assets/srb_assets/model/robot/canadarm3_large) by extensions ['colcon_meta']
[0.325s] Level 1:colcon.colcon_core.package_identification:_identify(space_robotics_gz_envs/assets/srb_assets/model/robot/canadarm3_large) by extension 'colcon_meta'
[0.325s] Level 1:colcon.colcon_core.package_identification:_identify(space_robotics_gz_envs/assets/srb_assets/model/robot/canadarm3_large) by extensions ['ros']
[0.325s] Level 1:colcon.colcon_core.package_identification:_identify(space_robotics_gz_envs/assets/srb_assets/model/robot/canadarm3_large) by extension 'ros'
[0.325s] Level 1:colcon.colcon_core.package_identification:_identify(space_robotics_gz_envs/assets/srb_assets/model/robot/canadarm3_large) by extensions ['cmake', 'python']
[0.325s] Level 1:colcon.colcon_core.package_identification:_identify(space_robotics_gz_envs/assets/srb_assets/model/robot/canadarm3_large) by extension 'cmake'
[0.325s] Level 1:colcon.colcon_core.package_identification:_identify(space_robotics_gz_envs/assets/srb_assets/model/robot/canadarm3_large) by extension 'python'
[0.325s] Level 1:colcon.colcon_core.package_identification:_identify(space_robotics_gz_envs/assets/srb_assets/model/robot/canadarm3_large) by extensions ['python_setup_py']
[0.325s] Level 1:colcon.colcon_core.package_identification:_identify(space_robotics_gz_envs/assets/srb_assets/model/robot/canadarm3_large) by extension 'python_setup_py'
[0.325s] Level 1:colcon.colcon_core.package_identification:_identify(space_robotics_gz_envs/assets/srb_assets/model/robot/canadarm3_large/textures) by extensions ['ignore', 'ignore_ament_install']
[0.325s] Level 1:colcon.colcon_core.package_identification:_identify(space_robotics_gz_envs/assets/srb_assets/model/robot/canadarm3_large/textures) by extension 'ignore'
[0.325s] Level 1:colcon.colcon_core.package_identification:_identify(space_robotics_gz_envs/assets/srb_assets/model/robot/canadarm3_large/textures) by extension 'ignore_ament_install'
[0.325s] Level 1:colcon.colcon_core.package_identification:_identify(space_robotics_gz_envs/assets/srb_assets/model/robot/canadarm3_large/textures) by extensions ['colcon_pkg']
[0.325s] Level 1:colcon.colcon_core.package_identification:_identify(space_robotics_gz_envs/assets/srb_assets/model/robot/canadarm3_large/textures) by extension 'colcon_pkg'
[0.325s] Level 1:colcon.colcon_core.package_identification:_identify(space_robotics_gz_envs/assets/srb_assets/model/robot/canadarm3_large/textures) by extensions ['colcon_meta']
[0.325s] Level 1:colcon.colcon_core.package_identification:_identify(space_robotics_gz_envs/assets/srb_assets/model/robot/canadarm3_large/textures) by extension 'colcon_meta'
[0.326s] Level 1:colcon.colcon_core.package_identification:_identify(space_robotics_gz_envs/assets/srb_assets/model/robot/canadarm3_large/textures) by extensions ['ros']
[0.326s] Level 1:colcon.colcon_core.package_identification:_identify(space_robotics_gz_envs/assets/srb_assets/model/robot/canadarm3_large/textures) by extension 'ros'
[0.326s] Level 1:colcon.colcon_core.package_identification:_identify(space_robotics_gz_envs/assets/srb_assets/model/robot/canadarm3_large/textures) by extensions ['cmake', 'python']
[0.326s] Level 1:colcon.colcon_core.package_identification:_identify(space_robotics_gz_envs/assets/srb_assets/model/robot/canadarm3_large/textures) by extension 'cmake'
[0.326s] Level 1:colcon.colcon_core.package_identification:_identify(space_robotics_gz_envs/assets/srb_assets/model/robot/canadarm3_large/textures) by extension 'python'
[0.326s] Level 1:colcon.colcon_core.package_identification:_identify(space_robotics_gz_envs/assets/srb_assets/model/robot/canadarm3_large/textures) by extensions ['python_setup_py']
[0.326s] Level 1:colcon.colcon_core.package_identification:_identify(space_robotics_gz_envs/assets/srb_assets/model/robot/canadarm3_large/textures) by extension 'python_setup_py'
[0.326s] Level 1:colcon.colcon_core.package_identification:_identify(space_robotics_gz_envs/assets/srb_assets/model/robot/franka) by extensions ['ignore', 'ignore_ament_install']
[0.326s] Level 1:colcon.colcon_core.package_identification:_identify(space_robotics_gz_envs/assets/srb_assets/model/robot/franka) by extension 'ignore'
[0.326s] Level 1:colcon.colcon_core.package_identification:_identify(space_robotics_gz_envs/assets/srb_assets/model/robot/franka) by extension 'ignore_ament_install'
[0.326s] Level 1:colcon.colcon_core.package_identification:_identify(space_robotics_gz_envs/assets/srb_assets/model/robot/franka) by extensions ['colcon_pkg']
[0.326s] Level 1:colcon.colcon_core.package_identification:_identify(space_robotics_gz_envs/assets/srb_assets/model/robot/franka) by extension 'colcon_pkg'
[0.326s] Level 1:colcon.colcon_core.package_identification:_identify(space_robotics_gz_envs/assets/srb_assets/model/robot/franka) by extensions ['colcon_meta']
[0.326s] Level 1:colcon.colcon_core.package_identification:_identify(space_robotics_gz_envs/assets/srb_assets/model/robot/franka) by extension 'colcon_meta'
[0.326s] Level 1:colcon.colcon_core.package_identification:_identify(space_robotics_gz_envs/assets/srb_assets/model/robot/franka) by extensions ['ros']
[0.326s] Level 1:colcon.colcon_core.package_identification:_identify(space_robotics_gz_envs/assets/srb_assets/model/robot/franka) by extension 'ros'
[0.326s] Level 1:colcon.colcon_core.package_identification:_identify(space_robotics_gz_envs/assets/srb_assets/model/robot/franka) by extensions ['cmake', 'python']
[0.326s] Level 1:colcon.colcon_core.package_identification:_identify(space_robotics_gz_envs/assets/srb_assets/model/robot/franka) by extension 'cmake'
[0.326s] Level 1:colcon.colcon_core.package_identification:_identify(space_robotics_gz_envs/assets/srb_assets/model/robot/franka) by extension 'python'
[0.327s] Level 1:colcon.colcon_core.package_identification:_identify(space_robotics_gz_envs/assets/srb_assets/model/robot/franka) by extensions ['python_setup_py']
[0.327s] Level 1:colcon.colcon_core.package_identification:_identify(space_robotics_gz_envs/assets/srb_assets/model/robot/franka) by extension 'python_setup_py'
[0.327s] Level 1:colcon.colcon_core.package_identification:_identify(space_robotics_gz_envs/assets/srb_assets/model/robot/ingenuity) by extensions ['ignore', 'ignore_ament_install']
[0.327s] Level 1:colcon.colcon_core.package_identification:_identify(space_robotics_gz_envs/assets/srb_assets/model/robot/ingenuity) by extension 'ignore'
[0.327s] Level 1:colcon.colcon_core.package_identification:_identify(space_robotics_gz_envs/assets/srb_assets/model/robot/ingenuity) by extension 'ignore_ament_install'
[0.327s] Level 1:colcon.colcon_core.package_identification:_identify(space_robotics_gz_envs/assets/srb_assets/model/robot/ingenuity) by extensions ['colcon_pkg']
[0.327s] Level 1:colcon.colcon_core.package_identification:_identify(space_robotics_gz_envs/assets/srb_assets/model/robot/ingenuity) by extension 'colcon_pkg'
[0.327s] Level 1:colcon.colcon_core.package_identification:_identify(space_robotics_gz_envs/assets/srb_assets/model/robot/ingenuity) by extensions ['colcon_meta']
[0.327s] Level 1:colcon.colcon_core.package_identification:_identify(space_robotics_gz_envs/assets/srb_assets/model/robot/ingenuity) by extension 'colcon_meta'
[0.327s] Level 1:colcon.colcon_core.package_identification:_identify(space_robotics_gz_envs/assets/srb_assets/model/robot/ingenuity) by extensions ['ros']
[0.327s] Level 1:colcon.colcon_core.package_identification:_identify(space_robotics_gz_envs/assets/srb_assets/model/robot/ingenuity) by extension 'ros'
[0.327s] Level 1:colcon.colcon_core.package_identification:_identify(space_robotics_gz_envs/assets/srb_assets/model/robot/ingenuity) by extensions ['cmake', 'python']
[0.327s] Level 1:colcon.colcon_core.package_identification:_identify(space_robotics_gz_envs/assets/srb_assets/model/robot/ingenuity) by extension 'cmake'
[0.327s] Level 1:colcon.colcon_core.package_identification:_identify(space_robotics_gz_envs/assets/srb_assets/model/robot/ingenuity) by extension 'python'
[0.327s] Level 1:colcon.colcon_core.package_identification:_identify(space_robotics_gz_envs/assets/srb_assets/model/robot/ingenuity) by extensions ['python_setup_py']
[0.327s] Level 1:colcon.colcon_core.package_identification:_identify(space_robotics_gz_envs/assets/srb_assets/model/robot/ingenuity) by extension 'python_setup_py'
[0.327s] Level 1:colcon.colcon_core.package_identification:_identify(space_robotics_gz_envs/assets/srb_assets/model/robot/ingenuity/textures) by extensions ['ignore', 'ignore_ament_install']
[0.328s] Level 1:colcon.colcon_core.package_identification:_identify(space_robotics_gz_envs/assets/srb_assets/model/robot/ingenuity/textures) by extension 'ignore'
[0.328s] Level 1:colcon.colcon_core.package_identification:_identify(space_robotics_gz_envs/assets/srb_assets/model/robot/ingenuity/textures) by extension 'ignore_ament_install'
[0.328s] Level 1:colcon.colcon_core.package_identification:_identify(space_robotics_gz_envs/assets/srb_assets/model/robot/ingenuity/textures) by extensions ['colcon_pkg']
[0.328s] Level 1:colcon.colcon_core.package_identification:_identify(space_robotics_gz_envs/assets/srb_assets/model/robot/ingenuity/textures) by extension 'colcon_pkg'
[0.328s] Level 1:colcon.colcon_core.package_identification:_identify(space_robotics_gz_envs/assets/srb_assets/model/robot/ingenuity/textures) by extensions ['colcon_meta']
[0.328s] Level 1:colcon.colcon_core.package_identification:_identify(space_robotics_gz_envs/assets/srb_assets/model/robot/ingenuity/textures) by extension 'colcon_meta'
[0.328s] Level 1:colcon.colcon_core.package_identification:_identify(space_robotics_gz_envs/assets/srb_assets/model/robot/ingenuity/textures) by extensions ['ros']
[0.328s] Level 1:colcon.colcon_core.package_identification:_identify(space_robotics_gz_envs/assets/srb_assets/model/robot/ingenuity/textures) by extension 'ros'
[0.328s] Level 1:colcon.colcon_core.package_identification:_identify(space_robotics_gz_envs/assets/srb_assets/model/robot/ingenuity/textures) by extensions ['cmake', 'python']
[0.328s] Level 1:colcon.colcon_core.package_identification:_identify(space_robotics_gz_envs/assets/srb_assets/model/robot/ingenuity/textures) by extension 'cmake'
[0.328s] Level 1:colcon.colcon_core.package_identification:_identify(space_robotics_gz_envs/assets/srb_assets/model/robot/ingenuity/textures) by extension 'python'
[0.328s] Level 1:colcon.colcon_core.package_identification:_identify(space_robotics_gz_envs/assets/srb_assets/model/robot/ingenuity/textures) by extensions ['python_setup_py']
[0.328s] Level 1:colcon.colcon_core.package_identification:_identify(space_robotics_gz_envs/assets/srb_assets/model/robot/ingenuity/textures) by extension 'python_setup_py'
[0.328s] Level 1:colcon.colcon_core.package_identification:_identify(space_robotics_gz_envs/assets/srb_assets/model/robot/perseverance) by extensions ['ignore', 'ignore_ament_install']
[0.328s] Level 1:colcon.colcon_core.package_identification:_identify(space_robotics_gz_envs/assets/srb_assets/model/robot/perseverance) by extension 'ignore'
[0.328s] Level 1:colcon.colcon_core.package_identification:_identify(space_robotics_gz_envs/assets/srb_assets/model/robot/perseverance) by extension 'ignore_ament_install'
[0.328s] Level 1:colcon.colcon_core.package_identification:_identify(space_robotics_gz_envs/assets/srb_assets/model/robot/perseverance) by extensions ['colcon_pkg']
[0.328s] Level 1:colcon.colcon_core.package_identification:_identify(space_robotics_gz_envs/assets/srb_assets/model/robot/perseverance) by extension 'colcon_pkg'
[0.329s] Level 1:colcon.colcon_core.package_identification:_identify(space_robotics_gz_envs/assets/srb_assets/model/robot/perseverance) by extensions ['colcon_meta']
[0.329s] Level 1:colcon.colcon_core.package_identification:_identify(space_robotics_gz_envs/assets/srb_assets/model/robot/perseverance) by extension 'colcon_meta'
[0.329s] Level 1:colcon.colcon_core.package_identification:_identify(space_robotics_gz_envs/assets/srb_assets/model/robot/perseverance) by extensions ['ros']
[0.329s] Level 1:colcon.colcon_core.package_identification:_identify(space_robotics_gz_envs/assets/srb_assets/model/robot/perseverance) by extension 'ros'
[0.329s] Level 1:colcon.colcon_core.package_identification:_identify(space_robotics_gz_envs/assets/srb_assets/model/robot/perseverance) by extensions ['cmake', 'python']
[0.329s] Level 1:colcon.colcon_core.package_identification:_identify(space_robotics_gz_envs/assets/srb_assets/model/robot/perseverance) by extension 'cmake'
[0.329s] Level 1:colcon.colcon_core.package_identification:_identify(space_robotics_gz_envs/assets/srb_assets/model/robot/perseverance) by extension 'python'
[0.329s] Level 1:colcon.colcon_core.package_identification:_identify(space_robotics_gz_envs/assets/srb_assets/model/robot/perseverance) by extensions ['python_setup_py']
[0.329s] Level 1:colcon.colcon_core.package_identification:_identify(space_robotics_gz_envs/assets/srb_assets/model/robot/perseverance) by extension 'python_setup_py'
[0.329s] Level 1:colcon.colcon_core.package_identification:_identify(space_robotics_gz_envs/assets/srb_assets/model/robot/perseverance/textures) by extensions ['ignore', 'ignore_ament_install']
[0.329s] Level 1:colcon.colcon_core.package_identification:_identify(space_robotics_gz_envs/assets/srb_assets/model/robot/perseverance/textures) by extension 'ignore'
[0.329s] Level 1:colcon.colcon_core.package_identification:_identify(space_robotics_gz_envs/assets/srb_assets/model/robot/perseverance/textures) by extension 'ignore_ament_install'
[0.330s] Level 1:colcon.colcon_core.package_identification:_identify(space_robotics_gz_envs/assets/srb_assets/model/robot/perseverance/textures) by extensions ['colcon_pkg']
[0.330s] Level 1:colcon.colcon_core.package_identification:_identify(space_robotics_gz_envs/assets/srb_assets/model/robot/perseverance/textures) by extension 'colcon_pkg'
[0.330s] Level 1:colcon.colcon_core.package_identification:_identify(space_robotics_gz_envs/assets/srb_assets/model/robot/perseverance/textures) by extensions ['colcon_meta']
[0.330s] Level 1:colcon.colcon_core.package_identification:_identify(space_robotics_gz_envs/assets/srb_assets/model/robot/perseverance/textures) by extension 'colcon_meta'
[0.330s] Level 1:colcon.colcon_core.package_identification:_identify(space_robotics_gz_envs/assets/srb_assets/model/robot/perseverance/textures) by extensions ['ros']
[0.330s] Level 1:colcon.colcon_core.package_identification:_identify(space_robotics_gz_envs/assets/srb_assets/model/robot/perseverance/textures) by extension 'ros'
[0.330s] Level 1:colcon.colcon_core.package_identification:_identify(space_robotics_gz_envs/assets/srb_assets/model/robot/perseverance/textures) by extensions ['cmake', 'python']
[0.330s] Level 1:colcon.colcon_core.package_identification:_identify(space_robotics_gz_envs/assets/srb_assets/model/robot/perseverance/textures) by extension 'cmake'
[0.330s] Level 1:colcon.colcon_core.package_identification:_identify(space_robotics_gz_envs/assets/srb_assets/model/robot/perseverance/textures) by extension 'python'
[0.330s] Level 1:colcon.colcon_core.package_identification:_identify(space_robotics_gz_envs/assets/srb_assets/model/robot/perseverance/textures) by extensions ['python_setup_py']
[0.330s] Level 1:colcon.colcon_core.package_identification:_identify(space_robotics_gz_envs/assets/srb_assets/model/robot/perseverance/textures) by extension 'python_setup_py'
[0.330s] Level 1:colcon.colcon_core.package_identification:_identify(space_robotics_gz_envs/assets/srb_assets/model/terrain) by extensions ['ignore', 'ignore_ament_install']
[0.330s] Level 1:colcon.colcon_core.package_identification:_identify(space_robotics_gz_envs/assets/srb_assets/model/terrain) by extension 'ignore'
[0.330s] Level 1:colcon.colcon_core.package_identification:_identify(space_robotics_gz_envs/assets/srb_assets/model/terrain) by extension 'ignore_ament_install'
[0.330s] Level 1:colcon.colcon_core.package_identification:_identify(space_robotics_gz_envs/assets/srb_assets/model/terrain) by extensions ['colcon_pkg']
[0.330s] Level 1:colcon.colcon_core.package_identification:_identify(space_robotics_gz_envs/assets/srb_assets/model/terrain) by extension 'colcon_pkg'
[0.330s] Level 1:colcon.colcon_core.package_identification:_identify(space_robotics_gz_envs/assets/srb_assets/model/terrain) by extensions ['colcon_meta']
[0.330s] Level 1:colcon.colcon_core.package_identification:_identify(space_robotics_gz_envs/assets/srb_assets/model/terrain) by extension 'colcon_meta'
[0.330s] Level 1:colcon.colcon_core.package_identification:_identify(space_robotics_gz_envs/assets/srb_assets/model/terrain) by extensions ['ros']
[0.331s] Level 1:colcon.colcon_core.package_identification:_identify(space_robotics_gz_envs/assets/srb_assets/model/terrain) by extension 'ros'
[0.331s] Level 1:colcon.colcon_core.package_identification:_identify(space_robotics_gz_envs/assets/srb_assets/model/terrain) by extensions ['cmake', 'python']
[0.331s] Level 1:colcon.colcon_core.package_identification:_identify(space_robotics_gz_envs/assets/srb_assets/model/terrain) by extension 'cmake'
[0.331s] Level 1:colcon.colcon_core.package_identification:_identify(space_robotics_gz_envs/assets/srb_assets/model/terrain) by extension 'python'
[0.331s] Level 1:colcon.colcon_core.package_identification:_identify(space_robotics_gz_envs/assets/srb_assets/model/terrain) by extensions ['python_setup_py']
[0.331s] Level 1:colcon.colcon_core.package_identification:_identify(space_robotics_gz_envs/assets/srb_assets/model/terrain) by extension 'python_setup_py'
[0.331s] Level 1:colcon.colcon_core.package_identification:_identify(space_robotics_gz_envs/assets/srb_assets/model/terrain/lunar_surface_procgen) by extensions ['ignore', 'ignore_ament_install']
[0.331s] Level 1:colcon.colcon_core.package_identification:_identify(space_robotics_gz_envs/assets/srb_assets/model/terrain/lunar_surface_procgen) by extension 'ignore'
[0.331s] Level 1:colcon.colcon_core.package_identification:_identify(space_robotics_gz_envs/assets/srb_assets/model/terrain/lunar_surface_procgen) by extension 'ignore_ament_install'
[0.331s] Level 1:colcon.colcon_core.package_identification:_identify(space_robotics_gz_envs/assets/srb_assets/model/terrain/lunar_surface_procgen) by extensions ['colcon_pkg']
[0.331s] Level 1:colcon.colcon_core.package_identification:_identify(space_robotics_gz_envs/assets/srb_assets/model/terrain/lunar_surface_procgen) by extension 'colcon_pkg'
[0.331s] Level 1:colcon.colcon_core.package_identification:_identify(space_robotics_gz_envs/assets/srb_assets/model/terrain/lunar_surface_procgen) by extensions ['colcon_meta']
[0.331s] Level 1:colcon.colcon_core.package_identification:_identify(space_robotics_gz_envs/assets/srb_assets/model/terrain/lunar_surface_procgen) by extension 'colcon_meta'
[0.331s] Level 1:colcon.colcon_core.package_identification:_identify(space_robotics_gz_envs/assets/srb_assets/model/terrain/lunar_surface_procgen) by extensions ['ros']
[0.331s] Level 1:colcon.colcon_core.package_identification:_identify(space_robotics_gz_envs/assets/srb_assets/model/terrain/lunar_surface_procgen) by extension 'ros'
[0.331s] Level 1:colcon.colcon_core.package_identification:_identify(space_robotics_gz_envs/assets/srb_assets/model/terrain/lunar_surface_procgen) by extensions ['cmake', 'python']
[0.331s] Level 1:colcon.colcon_core.package_identification:_identify(space_robotics_gz_envs/assets/srb_assets/model/terrain/lunar_surface_procgen) by extension 'cmake'
[0.331s] Level 1:colcon.colcon_core.package_identification:_identify(space_robotics_gz_envs/assets/srb_assets/model/terrain/lunar_surface_procgen) by extension 'python'
[0.331s] Level 1:colcon.colcon_core.package_identification:_identify(space_robotics_gz_envs/assets/srb_assets/model/terrain/lunar_surface_procgen) by extensions ['python_setup_py']
[0.331s] Level 1:colcon.colcon_core.package_identification:_identify(space_robotics_gz_envs/assets/srb_assets/model/terrain/lunar_surface_procgen) by extension 'python_setup_py'
[0.332s] Level 1:colcon.colcon_core.package_identification:_identify(space_robotics_gz_envs/assets/srb_assets/model/terrain/martian_surface_procgen) by extensions ['ignore', 'ignore_ament_install']
[0.332s] Level 1:colcon.colcon_core.package_identification:_identify(space_robotics_gz_envs/assets/srb_assets/model/terrain/martian_surface_procgen) by extension 'ignore'
[0.332s] Level 1:colcon.colcon_core.package_identification:_identify(space_robotics_gz_envs/assets/srb_assets/model/terrain/martian_surface_procgen) by extension 'ignore_ament_install'
[0.332s] Level 1:colcon.colcon_core.package_identification:_identify(space_robotics_gz_envs/assets/srb_assets/model/terrain/martian_surface_procgen) by extensions ['colcon_pkg']
[0.332s] Level 1:colcon.colcon_core.package_identification:_identify(space_robotics_gz_envs/assets/srb_assets/model/terrain/martian_surface_procgen) by extension 'colcon_pkg'
[0.332s] Level 1:colcon.colcon_core.package_identification:_identify(space_robotics_gz_envs/assets/srb_assets/model/terrain/martian_surface_procgen) by extensions ['colcon_meta']
[0.332s] Level 1:colcon.colcon_core.package_identification:_identify(space_robotics_gz_envs/assets/srb_assets/model/terrain/martian_surface_procgen) by extension 'colcon_meta'
[0.332s] Level 1:colcon.colcon_core.package_identification:_identify(space_robotics_gz_envs/assets/srb_assets/model/terrain/martian_surface_procgen) by extensions ['ros']
[0.332s] Level 1:colcon.colcon_core.package_identification:_identify(space_robotics_gz_envs/assets/srb_assets/model/terrain/martian_surface_procgen) by extension 'ros'
[0.332s] Level 1:colcon.colcon_core.package_identification:_identify(space_robotics_gz_envs/assets/srb_assets/model/terrain/martian_surface_procgen) by extensions ['cmake', 'python']
[0.332s] Level 1:colcon.colcon_core.package_identification:_identify(space_robotics_gz_envs/assets/srb_assets/model/terrain/martian_surface_procgen) by extension 'cmake'
[0.332s] Level 1:colcon.colcon_core.package_identification:_identify(space_robotics_gz_envs/assets/srb_assets/model/terrain/martian_surface_procgen) by extension 'python'
[0.332s] Level 1:colcon.colcon_core.package_identification:_identify(space_robotics_gz_envs/assets/srb_assets/model/terrain/martian_surface_procgen) by extensions ['python_setup_py']
[0.332s] Level 1:colcon.colcon_core.package_identification:_identify(space_robotics_gz_envs/assets/srb_assets/model/terrain/martian_surface_procgen) by extension 'python_setup_py'
[0.332s] Level 1:colcon.colcon_core.package_identification:_identify(space_robotics_gz_envs/assets/srb_assets/model/vehicle) by extensions ['ignore', 'ignore_ament_install']
[0.332s] Level 1:colcon.colcon_core.package_identification:_identify(space_robotics_gz_envs/assets/srb_assets/model/vehicle) by extension 'ignore'
[0.332s] Level 1:colcon.colcon_core.package_identification:_identify(space_robotics_gz_envs/assets/srb_assets/model/vehicle) by extension 'ignore_ament_install'
[0.332s] Level 1:colcon.colcon_core.package_identification:_identify(space_robotics_gz_envs/assets/srb_assets/model/vehicle) by extensions ['colcon_pkg']
[0.332s] Level 1:colcon.colcon_core.package_identification:_identify(space_robotics_gz_envs/assets/srb_assets/model/vehicle) by extension 'colcon_pkg'
[0.333s] Level 1:colcon.colcon_core.package_identification:_identify(space_robotics_gz_envs/assets/srb_assets/model/vehicle) by extensions ['colcon_meta']
[0.333s] Level 1:colcon.colcon_core.package_identification:_identify(space_robotics_gz_envs/assets/srb_assets/model/vehicle) by extension 'colcon_meta'
[0.333s] Level 1:colcon.colcon_core.package_identification:_identify(space_robotics_gz_envs/assets/srb_assets/model/vehicle) by extensions ['ros']
[0.333s] Level 1:colcon.colcon_core.package_identification:_identify(space_robotics_gz_envs/assets/srb_assets/model/vehicle) by extension 'ros'
[0.333s] Level 1:colcon.colcon_core.package_identification:_identify(space_robotics_gz_envs/assets/srb_assets/model/vehicle) by extensions ['cmake', 'python']
[0.333s] Level 1:colcon.colcon_core.package_identification:_identify(space_robotics_gz_envs/assets/srb_assets/model/vehicle) by extension 'cmake'
[0.333s] Level 1:colcon.colcon_core.package_identification:_identify(space_robotics_gz_envs/assets/srb_assets/model/vehicle) by extension 'python'
[0.333s] Level 1:colcon.colcon_core.package_identification:_identify(space_robotics_gz_envs/assets/srb_assets/model/vehicle) by extensions ['python_setup_py']
[0.333s] Level 1:colcon.colcon_core.package_identification:_identify(space_robotics_gz_envs/assets/srb_assets/model/vehicle) by extension 'python_setup_py'
[0.333s] Level 1:colcon.colcon_core.package_identification:_identify(space_robotics_gz_envs/assets/srb_assets/model/vehicle/construction_rover) by extensions ['ignore', 'ignore_ament_install']
[0.333s] Level 1:colcon.colcon_core.package_identification:_identify(space_robotics_gz_envs/assets/srb_assets/model/vehicle/construction_rover) by extension 'ignore'
[0.333s] Level 1:colcon.colcon_core.package_identification:_identify(space_robotics_gz_envs/assets/srb_assets/model/vehicle/construction_rover) by extension 'ignore_ament_install'
[0.333s] Level 1:colcon.colcon_core.package_identification:_identify(space_robotics_gz_envs/assets/srb_assets/model/vehicle/construction_rover) by extensions ['colcon_pkg']
[0.333s] Level 1:colcon.colcon_core.package_identification:_identify(space_robotics_gz_envs/assets/srb_assets/model/vehicle/construction_rover) by extension 'colcon_pkg'
[0.333s] Level 1:colcon.colcon_core.package_identification:_identify(space_robotics_gz_envs/assets/srb_assets/model/vehicle/construction_rover) by extensions ['colcon_meta']
[0.333s] Level 1:colcon.colcon_core.package_identification:_identify(space_robotics_gz_envs/assets/srb_assets/model/vehicle/construction_rover) by extension 'colcon_meta'
[0.334s] Level 1:colcon.colcon_core.package_identification:_identify(space_robotics_gz_envs/assets/srb_assets/model/vehicle/construction_rover) by extensions ['ros']
[0.334s] Level 1:colcon.colcon_core.package_identification:_identify(space_robotics_gz_envs/assets/srb_assets/model/vehicle/construction_rover) by extension 'ros'
[0.334s] Level 1:colcon.colcon_core.package_identification:_identify(space_robotics_gz_envs/assets/srb_assets/model/vehicle/construction_rover) by extensions ['cmake', 'python']
[0.334s] Level 1:colcon.colcon_core.package_identification:_identify(space_robotics_gz_envs/assets/srb_assets/model/vehicle/construction_rover) by extension 'cmake'
[0.334s] Level 1:colcon.colcon_core.package_identification:_identify(space_robotics_gz_envs/assets/srb_assets/model/vehicle/construction_rover) by extension 'python'
[0.334s] Level 1:colcon.colcon_core.package_identification:_identify(space_robotics_gz_envs/assets/srb_assets/model/vehicle/construction_rover) by extensions ['python_setup_py']
[0.334s] Level 1:colcon.colcon_core.package_identification:_identify(space_robotics_gz_envs/assets/srb_assets/model/vehicle/construction_rover) by extension 'python_setup_py'
[0.334s] Level 1:colcon.colcon_core.package_identification:_identify(space_robotics_gz_envs/assets/srb_assets/model/vehicle/construction_rover/textures) by extensions ['ignore', 'ignore_ament_install']
[0.334s] Level 1:colcon.colcon_core.package_identification:_identify(space_robotics_gz_envs/assets/srb_assets/model/vehicle/construction_rover/textures) by extension 'ignore'
[0.334s] Level 1:colcon.colcon_core.package_identification:_identify(space_robotics_gz_envs/assets/srb_assets/model/vehicle/construction_rover/textures) by extension 'ignore_ament_install'
[0.334s] Level 1:colcon.colcon_core.package_identification:_identify(space_robotics_gz_envs/assets/srb_assets/model/vehicle/construction_rover/textures) by extensions ['colcon_pkg']
[0.334s] Level 1:colcon.colcon_core.package_identification:_identify(space_robotics_gz_envs/assets/srb_assets/model/vehicle/construction_rover/textures) by extension 'colcon_pkg'
[0.334s] Level 1:colcon.colcon_core.package_identification:_identify(space_robotics_gz_envs/assets/srb_assets/model/vehicle/construction_rover/textures) by extensions ['colcon_meta']
[0.334s] Level 1:colcon.colcon_core.package_identification:_identify(space_robotics_gz_envs/assets/srb_assets/model/vehicle/construction_rover/textures) by extension 'colcon_meta'
[0.334s] Level 1:colcon.colcon_core.package_identification:_identify(space_robotics_gz_envs/assets/srb_assets/model/vehicle/construction_rover/textures) by extensions ['ros']
[0.334s] Level 1:colcon.colcon_core.package_identification:_identify(space_robotics_gz_envs/assets/srb_assets/model/vehicle/construction_rover/textures) by extension 'ros'
[0.334s] Level 1:colcon.colcon_core.package_identification:_identify(space_robotics_gz_envs/assets/srb_assets/model/vehicle/construction_rover/textures) by extensions ['cmake', 'python']
[0.334s] Level 1:colcon.colcon_core.package_identification:_identify(space_robotics_gz_envs/assets/srb_assets/model/vehicle/construction_rover/textures) by extension 'cmake'
[0.335s] Level 1:colcon.colcon_core.package_identification:_identify(space_robotics_gz_envs/assets/srb_assets/model/vehicle/construction_rover/textures) by extension 'python'
[0.335s] Level 1:colcon.colcon_core.package_identification:_identify(space_robotics_gz_envs/assets/srb_assets/model/vehicle/construction_rover/textures) by extensions ['python_setup_py']
[0.335s] Level 1:colcon.colcon_core.package_identification:_identify(space_robotics_gz_envs/assets/srb_assets/model/vehicle/construction_rover/textures) by extension 'python_setup_py'
[0.335s] Level 1:colcon.colcon_core.package_identification:_identify(space_robotics_gz_envs/assets/srb_assets/model/vehicle/gateway) by extensions ['ignore', 'ignore_ament_install']
[0.335s] Level 1:colcon.colcon_core.package_identification:_identify(space_robotics_gz_envs/assets/srb_assets/model/vehicle/gateway) by extension 'ignore'
[0.335s] Level 1:colcon.colcon_core.package_identification:_identify(space_robotics_gz_envs/assets/srb_assets/model/vehicle/gateway) by extension 'ignore_ament_install'
[0.335s] Level 1:colcon.colcon_core.package_identification:_identify(space_robotics_gz_envs/assets/srb_assets/model/vehicle/gateway) by extensions ['colcon_pkg']
[0.335s] Level 1:colcon.colcon_core.package_identification:_identify(space_robotics_gz_envs/assets/srb_assets/model/vehicle/gateway) by extension 'colcon_pkg'
[0.335s] Level 1:colcon.colcon_core.package_identification:_identify(space_robotics_gz_envs/assets/srb_assets/model/vehicle/gateway) by extensions ['colcon_meta']
[0.335s] Level 1:colcon.colcon_core.package_identification:_identify(space_robotics_gz_envs/assets/srb_assets/model/vehicle/gateway) by extension 'colcon_meta'
[0.335s] Level 1:colcon.colcon_core.package_identification:_identify(space_robotics_gz_envs/assets/srb_assets/model/vehicle/gateway) by extensions ['ros']
[0.335s] Level 1:colcon.colcon_core.package_identification:_identify(space_robotics_gz_envs/assets/srb_assets/model/vehicle/gateway) by extension 'ros'
[0.335s] Level 1:colcon.colcon_core.package_identification:_identify(space_robotics_gz_envs/assets/srb_assets/model/vehicle/gateway) by extensions ['cmake', 'python']
[0.335s] Level 1:colcon.colcon_core.package_identification:_identify(space_robotics_gz_envs/assets/srb_assets/model/vehicle/gateway) by extension 'cmake'
[0.335s] Level 1:colcon.colcon_core.package_identification:_identify(space_robotics_gz_envs/assets/srb_assets/model/vehicle/gateway) by extension 'python'
[0.335s] Level 1:colcon.colcon_core.package_identification:_identify(space_robotics_gz_envs/assets/srb_assets/model/vehicle/gateway) by extensions ['python_setup_py']
[0.335s] Level 1:colcon.colcon_core.package_identification:_identify(space_robotics_gz_envs/assets/srb_assets/model/vehicle/gateway) by extension 'python_setup_py'
[0.335s] Level 1:colcon.colcon_core.package_identification:_identify(space_robotics_gz_envs/assets/srb_assets/model/vehicle/gateway/textures) by extensions ['ignore', 'ignore_ament_install']
[0.336s] Level 1:colcon.colcon_core.package_identification:_identify(space_robotics_gz_envs/assets/srb_assets/model/vehicle/gateway/textures) by extension 'ignore'
[0.336s] Level 1:colcon.colcon_core.package_identification:_identify(space_robotics_gz_envs/assets/srb_assets/model/vehicle/gateway/textures) by extension 'ignore_ament_install'
[0.336s] Level 1:colcon.colcon_core.package_identification:_identify(space_robotics_gz_envs/assets/srb_assets/model/vehicle/gateway/textures) by extensions ['colcon_pkg']
[0.336s] Level 1:colcon.colcon_core.package_identification:_identify(space_robotics_gz_envs/assets/srb_assets/model/vehicle/gateway/textures) by extension 'colcon_pkg'
[0.336s] Level 1:colcon.colcon_core.package_identification:_identify(space_robotics_gz_envs/assets/srb_assets/model/vehicle/gateway/textures) by extensions ['colcon_meta']
[0.336s] Level 1:colcon.colcon_core.package_identification:_identify(space_robotics_gz_envs/assets/srb_assets/model/vehicle/gateway/textures) by extension 'colcon_meta'
[0.336s] Level 1:colcon.colcon_core.package_identification:_identify(space_robotics_gz_envs/assets/srb_assets/model/vehicle/gateway/textures) by extensions ['ros']
[0.336s] Level 1:colcon.colcon_core.package_identification:_identify(space_robotics_gz_envs/assets/srb_assets/model/vehicle/gateway/textures) by extension 'ros'
[0.336s] Level 1:colcon.colcon_core.package_identification:_identify(space_robotics_gz_envs/assets/srb_assets/model/vehicle/gateway/textures) by extensions ['cmake', 'python']
[0.336s] Level 1:colcon.colcon_core.package_identification:_identify(space_robotics_gz_envs/assets/srb_assets/model/vehicle/gateway/textures) by extension 'cmake'
[0.336s] Level 1:colcon.colcon_core.package_identification:_identify(space_robotics_gz_envs/assets/srb_assets/model/vehicle/gateway/textures) by extension 'python'
[0.336s] Level 1:colcon.colcon_core.package_identification:_identify(space_robotics_gz_envs/assets/srb_assets/model/vehicle/gateway/textures) by extensions ['python_setup_py']
[0.336s] Level 1:colcon.colcon_core.package_identification:_identify(space_robotics_gz_envs/assets/srb_assets/model/vehicle/gateway/textures) by extension 'python_setup_py'
[0.336s] Level 1:colcon.colcon_core.package_identification:_identify(space_robotics_gz_envs/assets/srb_assets/scripts) by extensions ['ignore', 'ignore_ament_install']
[0.336s] Level 1:colcon.colcon_core.package_identification:_identify(space_robotics_gz_envs/assets/srb_assets/scripts) by extension 'ignore'
[0.336s] Level 1:colcon.colcon_core.package_identification:_identify(space_robotics_gz_envs/assets/srb_assets/scripts) by extension 'ignore_ament_install'
[0.336s] Level 1:colcon.colcon_core.package_identification:_identify(space_robotics_gz_envs/assets/srb_assets/scripts) by extensions ['colcon_pkg']
[0.336s] Level 1:colcon.colcon_core.package_identification:_identify(space_robotics_gz_envs/assets/srb_assets/scripts) by extension 'colcon_pkg'
[0.336s] Level 1:colcon.colcon_core.package_identification:_identify(space_robotics_gz_envs/assets/srb_assets/scripts) by extensions ['colcon_meta']
[0.336s] Level 1:colcon.colcon_core.package_identification:_identify(space_robotics_gz_envs/assets/srb_assets/scripts) by extension 'colcon_meta'
[0.336s] Level 1:colcon.colcon_core.package_identification:_identify(space_robotics_gz_envs/assets/srb_assets/scripts) by extensions ['ros']
[0.336s] Level 1:colcon.colcon_core.package_identification:_identify(space_robotics_gz_envs/assets/srb_assets/scripts) by extension 'ros'
[0.337s] Level 1:colcon.colcon_core.package_identification:_identify(space_robotics_gz_envs/assets/srb_assets/scripts) by extensions ['cmake', 'python']
[0.337s] Level 1:colcon.colcon_core.package_identification:_identify(space_robotics_gz_envs/assets/srb_assets/scripts) by extension 'cmake'
[0.337s] Level 1:colcon.colcon_core.package_identification:_identify(space_robotics_gz_envs/assets/srb_assets/scripts) by extension 'python'
[0.337s] Level 1:colcon.colcon_core.package_identification:_identify(space_robotics_gz_envs/assets/srb_assets/scripts) by extensions ['python_setup_py']
[0.337s] Level 1:colcon.colcon_core.package_identification:_identify(space_robotics_gz_envs/assets/srb_assets/scripts) by extension 'python_setup_py'
[0.337s] Level 1:colcon.colcon_core.package_identification:_identify(space_robotics_gz_envs/assets/srb_assets/scripts/blender) by extensions ['ignore', 'ignore_ament_install']
[0.337s] Level 1:colcon.colcon_core.package_identification:_identify(space_robotics_gz_envs/assets/srb_assets/scripts/blender) by extension 'ignore'
[0.337s] Level 1:colcon.colcon_core.package_identification:_identify(space_robotics_gz_envs/assets/srb_assets/scripts/blender) by extension 'ignore_ament_install'
[0.337s] Level 1:colcon.colcon_core.package_identification:_identify(space_robotics_gz_envs/assets/srb_assets/scripts/blender) by extensions ['colcon_pkg']
[0.337s] Level 1:colcon.colcon_core.package_identification:_identify(space_robotics_gz_envs/assets/srb_assets/scripts/blender) by extension 'colcon_pkg'
[0.337s] Level 1:colcon.colcon_core.package_identification:_identify(space_robotics_gz_envs/assets/srb_assets/scripts/blender) by extensions ['colcon_meta']
[0.337s] Level 1:colcon.colcon_core.package_identification:_identify(space_robotics_gz_envs/assets/srb_assets/scripts/blender) by extension 'colcon_meta'
[0.337s] Level 1:colcon.colcon_core.package_identification:_identify(space_robotics_gz_envs/assets/srb_assets/scripts/blender) by extensions ['ros']
[0.337s] Level 1:colcon.colcon_core.package_identification:_identify(space_robotics_gz_envs/assets/srb_assets/scripts/blender) by extension 'ros'
[0.338s] Level 1:colcon.colcon_core.package_identification:_identify(space_robotics_gz_envs/assets/srb_assets/scripts/blender) by extensions ['cmake', 'python']
[0.338s] Level 1:colcon.colcon_core.package_identification:_identify(space_robotics_gz_envs/assets/srb_assets/scripts/blender) by extension 'cmake'
[0.338s] Level 1:colcon.colcon_core.package_identification:_identify(space_robotics_gz_envs/assets/srb_assets/scripts/blender) by extension 'python'
[0.338s] Level 1:colcon.colcon_core.package_identification:_identify(space_robotics_gz_envs/assets/srb_assets/scripts/blender) by extensions ['python_setup_py']
[0.338s] Level 1:colcon.colcon_core.package_identification:_identify(space_robotics_gz_envs/assets/srb_assets/scripts/blender) by extension 'python_setup_py'
[0.338s] Level 1:colcon.colcon_core.package_identification:_identify(space_robotics_gz_envs/scripts) by extensions ['ignore', 'ignore_ament_install']
[0.338s] Level 1:colcon.colcon_core.package_identification:_identify(space_robotics_gz_envs/scripts) by extension 'ignore'
[0.338s] Level 1:colcon.colcon_core.package_identification:_identify(space_robotics_gz_envs/scripts) by extension 'ignore_ament_install'
[0.338s] Level 1:colcon.colcon_core.package_identification:_identify(space_robotics_gz_envs/scripts) by extensions ['colcon_pkg']
[0.338s] Level 1:colcon.colcon_core.package_identification:_identify(space_robotics_gz_envs/scripts) by extension 'colcon_pkg'
[0.338s] Level 1:colcon.colcon_core.package_identification:_identify(space_robotics_gz_envs/scripts) by extensions ['colcon_meta']
[0.338s] Level 1:colcon.colcon_core.package_identification:_identify(space_robotics_gz_envs/scripts) by extension 'colcon_meta'
[0.339s] Level 1:colcon.colcon_core.package_identification:_identify(space_robotics_gz_envs/scripts) by extensions ['ros']
[0.339s] Level 1:colcon.colcon_core.package_identification:_identify(space_robotics_gz_envs/scripts) by extension 'ros'
[0.339s] Level 1:colcon.colcon_core.package_identification:_identify(space_robotics_gz_envs/scripts) by extensions ['cmake', 'python']
[0.339s] Level 1:colcon.colcon_core.package_identification:_identify(space_robotics_gz_envs/scripts) by extension 'cmake'
[0.339s] Level 1:colcon.colcon_core.package_identification:_identify(space_robotics_gz_envs/scripts) by extension 'python'
[0.339s] Level 1:colcon.colcon_core.package_identification:_identify(space_robotics_gz_envs/scripts) by extensions ['python_setup_py']
[0.339s] Level 1:colcon.colcon_core.package_identification:_identify(space_robotics_gz_envs/scripts) by extension 'python_setup_py'
[0.339s] Level 1:colcon.colcon_core.package_identification:_identify(space_robotics_gz_envs/scripts/utils) by extensions ['ignore', 'ignore_ament_install']
[0.339s] Level 1:colcon.colcon_core.package_identification:_identify(space_robotics_gz_envs/scripts/utils) by extension 'ignore'
[0.339s] Level 1:colcon.colcon_core.package_identification:_identify(space_robotics_gz_envs/scripts/utils) by extension 'ignore_ament_install'
[0.339s] Level 1:colcon.colcon_core.package_identification:_identify(space_robotics_gz_envs/scripts/utils) by extensions ['colcon_pkg']
[0.339s] Level 1:colcon.colcon_core.package_identification:_identify(space_robotics_gz_envs/scripts/utils) by extension 'colcon_pkg'
[0.339s] Level 1:colcon.colcon_core.package_identification:_identify(space_robotics_gz_envs/scripts/utils) by extensions ['colcon_meta']
[0.340s] Level 1:colcon.colcon_core.package_identification:_identify(space_robotics_gz_envs/scripts/utils) by extension 'colcon_meta'
[0.340s] Level 1:colcon.colcon_core.package_identification:_identify(space_robotics_gz_envs/scripts/utils) by extensions ['ros']
[0.340s] Level 1:colcon.colcon_core.package_identification:_identify(space_robotics_gz_envs/scripts/utils) by extension 'ros'
[0.340s] Level 1:colcon.colcon_core.package_identification:_identify(space_robotics_gz_envs/scripts/utils) by extensions ['cmake', 'python']
[0.340s] Level 1:colcon.colcon_core.package_identification:_identify(space_robotics_gz_envs/scripts/utils) by extension 'cmake'
[0.340s] Level 1:colcon.colcon_core.package_identification:_identify(space_robotics_gz_envs/scripts/utils) by extension 'python'
[0.340s] Level 1:colcon.colcon_core.package_identification:_identify(space_robotics_gz_envs/scripts/utils) by extensions ['python_setup_py']
[0.340s] Level 1:colcon.colcon_core.package_identification:_identify(space_robotics_gz_envs/scripts/utils) by extension 'python_setup_py'
[0.340s] Level 1:colcon.colcon_core.package_identification:_identify(space_robotics_gz_envs/worlds) by extensions ['ignore', 'ignore_ament_install']
[0.340s] Level 1:colcon.colcon_core.package_identification:_identify(space_robotics_gz_envs/worlds) by extension 'ignore'
[0.340s] Level 1:colcon.colcon_core.package_identification:_identify(space_robotics_gz_envs/worlds) by extension 'ignore_ament_install'
[0.340s] Level 1:colcon.colcon_core.package_identification:_identify(space_robotics_gz_envs/worlds) by extensions ['colcon_pkg']
[0.341s] Level 1:colcon.colcon_core.package_identification:_identify(space_robotics_gz_envs/worlds) by extension 'colcon_pkg'
[0.341s] Level 1:colcon.colcon_core.package_identification:_identify(space_robotics_gz_envs/worlds) by extensions ['colcon_meta']
[0.341s] Level 1:colcon.colcon_core.package_identification:_identify(space_robotics_gz_envs/worlds) by extension 'colcon_meta'
[0.341s] Level 1:colcon.colcon_core.package_identification:_identify(space_robotics_gz_envs/worlds) by extensions ['ros']
[0.341s] Level 1:colcon.colcon_core.package_identification:_identify(space_robotics_gz_envs/worlds) by extension 'ros'
[0.341s] Level 1:colcon.colcon_core.package_identification:_identify(space_robotics_gz_envs/worlds) by extensions ['cmake', 'python']
[0.341s] Level 1:colcon.colcon_core.package_identification:_identify(space_robotics_gz_envs/worlds) by extension 'cmake'
[0.341s] Level 1:colcon.colcon_core.package_identification:_identify(space_robotics_gz_envs/worlds) by extension 'python'
[0.341s] Level 1:colcon.colcon_core.package_identification:_identify(space_robotics_gz_envs/worlds) by extensions ['python_setup_py']
[0.341s] Level 1:colcon.colcon_core.package_identification:_identify(space_robotics_gz_envs/worlds) by extension 'python_setup_py'
[0.341s] Level 1:colcon.colcon_core.package_identification:_identify(src) by extensions ['ignore', 'ignore_ament_install']
[0.341s] Level 1:colcon.colcon_core.package_identification:_identify(src) by extension 'ignore'
[0.341s] Level 1:colcon.colcon_core.package_identification:_identify(src) by extension 'ignore_ament_install'
[0.342s] Level 1:colcon.colcon_core.package_identification:_identify(src) by extensions ['colcon_pkg']
[0.342s] Level 1:colcon.colcon_core.package_identification:_identify(src) by extension 'colcon_pkg'
[0.342s] Level 1:colcon.colcon_core.package_identification:_identify(src) by extensions ['colcon_meta']
[0.342s] Level 1:colcon.colcon_core.package_identification:_identify(src) by extension 'colcon_meta'
[0.342s] Level 1:colcon.colcon_core.package_identification:_identify(src) by extensions ['ros']
[0.342s] Level 1:colcon.colcon_core.package_identification:_identify(src) by extension 'ros'
[0.342s] Level 1:colcon.colcon_core.package_identification:_identify(src) by extensions ['cmake', 'python']
[0.342s] Level 1:colcon.colcon_core.package_identification:_identify(src) by extension 'cmake'
[0.342s] Level 1:colcon.colcon_core.package_identification:_identify(src) by extension 'python'
[0.342s] Level 1:colcon.colcon_core.package_identification:_identify(src) by extensions ['python_setup_py']
[0.342s] Level 1:colcon.colcon_core.package_identification:_identify(src) by extension 'python_setup_py'
[0.342s] Level 1:colcon.colcon_core.package_identification:_identify(src/lunabotics_model) by extensions ['ignore', 'ignore_ament_install']
[0.342s] Level 1:colcon.colcon_core.package_identification:_identify(src/lunabotics_model) by extension 'ignore'
[0.342s] Level 1:colcon.colcon_core.package_identification:_identify(src/lunabotics_model) by extension 'ignore_ament_install'
[0.343s] Level 1:colcon.colcon_core.package_identification:_identify(src/lunabotics_model) by extensions ['colcon_pkg']
[0.343s] Level 1:colcon.colcon_core.package_identification:_identify(src/lunabotics_model) by extension 'colcon_pkg'
[0.343s] Level 1:colcon.colcon_core.package_identification:_identify(src/lunabotics_model) by extensions ['colcon_meta']
[0.343s] Level 1:colcon.colcon_core.package_identification:_identify(src/lunabotics_model) by extension 'colcon_meta'
[0.343s] Level 1:colcon.colcon_core.package_identification:_identify(src/lunabotics_model) by extensions ['ros']
[0.343s] Level 1:colcon.colcon_core.package_identification:_identify(src/lunabotics_model) by extension 'ros'
[0.344s] DEBUG:colcon.colcon_core.package_identification:Package 'src/lunabotics_model' with type 'ros.ament_cmake' and name 'lunabotics_model'
[0.344s] Level 1:colcon.colcon_core.package_discovery:discover_packages(recursive) using defaults
[0.344s] Level 1:colcon.colcon_core.package_discovery:discover_packages(ignore) discover
[0.344s] Level 1:colcon.colcon_core.package_discovery:discover_packages(ignore) using defaults
[0.345s] Level 1:colcon.colcon_core.package_discovery:discover_packages(path) discover
[0.345s] Level 1:colcon.colcon_core.package_discovery:discover_packages(path) using defaults
[0.371s] INFO:colcon.colcon_metadata.metadata.colcon_pkg:Updating descriptor of package 'moon_base_map/ezrassor_sim_gazebo' from colcon.pkg: {'name': 'ezrassor_sim_gazebo', 'hooks': ['share/ezrassor_sim_gazebo/hook/ezrassor_sim_gazebo.sh']}
[0.372s] INFO:colcon.colcon_core.package_selection:Skipping not selected package 'ezrassor_sim_gazebo' in 'moon_base_map/ezrassor_sim_gazebo'
[0.373s] Level 1:colcon.colcon_core.package_discovery:discover_packages(prefix_path) check parameters
[0.373s] Level 1:colcon.colcon_core.package_discovery:discover_packages(prefix_path) discover
[0.377s] DEBUG:colcon.colcon_installed_package_information.package_discovery:Found 2 installed packages in /home/ros2/ws_lsr_nav2_v2/install
[0.378s] DEBUG:colcon.colcon_installed_package_information.package_discovery:Found 2 installed packages in /home/ros2/lsr_ws/install
[0.378s] DEBUG:colcon.colcon_installed_package_information.package_discovery:Found 2 installed packages in /home/ros2/point_lio_ws/install
[0.379s] DEBUG:colcon.colcon_installed_package_information.package_discovery:Found 1 installed packages in /home/ros2/unitree_ws/install
[0.379s] DEBUG:colcon.colcon_installed_package_information.package_discovery:Found 1 installed packages in /home/ros2/ws_pointlio/install
[0.380s] DEBUG:colcon.colcon_installed_package_information.package_discovery:Found 1 installed packages in /home/ros2/ws_lsr_nav2/install
[0.382s] DEBUG:colcon.colcon_installed_package_information.package_discovery:Found 421 installed packages in /opt/ros/jazzy
[0.383s] Level 1:colcon.colcon_core.package_discovery:discover_packages(prefix_path) using defaults
[0.439s] Level 5:colcon.colcon_core.verb:set package 'lunabotics_model' build argument 'cmake_args' from command line to 'None'
[0.439s] Level 5:colcon.colcon_core.verb:set package 'lunabotics_model' build argument 'cmake_target' from command line to 'None'
[0.439s] Level 5:colcon.colcon_core.verb:set package 'lunabotics_model' build argument 'cmake_target_skip_unavailable' from command line to 'False'
[0.439s] Level 5:colcon.colcon_core.verb:set package 'lunabotics_model' build argument 'cmake_clean_cache' from command line to 'False'
[0.439s] Level 5:colcon.colcon_core.verb:set package 'lunabotics_model' build argument 'cmake_clean_first' from command line to 'False'
[0.439s] Level 5:colcon.colcon_core.verb:set package 'lunabotics_model' build argument 'cmake_force_configure' from command line to 'False'
[0.439s] Level 5:colcon.colcon_core.verb:set package 'lunabotics_model' build argument 'ament_cmake_args' from command line to 'None'
[0.439s] Level 5:colcon.colcon_core.verb:set package 'lunabotics_model' build argument 'catkin_cmake_args' from command line to 'None'
[0.439s] Level 5:colcon.colcon_core.verb:set package 'lunabotics_model' build argument 'catkin_skip_building_tests' from command line to 'False'
[0.439s] DEBUG:colcon.colcon_core.verb:Building package 'lunabotics_model' with the following arguments: {'ament_cmake_args': None, 'build_base': '/home/ros2/Documents/NASA/lunabotics_sim/build/lunabotics_model', 'catkin_cmake_args': None, 'catkin_skip_building_tests': False, 'cmake_args': None, 'cmake_clean_cache': False, 'cmake_clean_first': False, 'cmake_force_configure': False, 'cmake_target': None, 'cmake_target_skip_unavailable': False, 'install_base': '/home/ros2/Documents/NASA/lunabotics_sim/install/lunabotics_model', 'merge_install': False, 'path': '/home/ros2/Documents/NASA/lunabotics_sim/src/lunabotics_model', 'symlink_install': True, 'test_result_base': None}
[0.439s] INFO:colcon.colcon_core.executor:Executing jobs using 'parallel' executor
[0.440s] DEBUG:colcon.colcon_parallel_executor.executor.parallel:run_until_complete
[0.440s] INFO:colcon.colcon_ros.task.ament_cmake.build:Building ROS package in '/home/ros2/Documents/NASA/lunabotics_sim/src/lunabotics_model' with build type 'ament_cmake'
[0.440s] INFO:colcon.colcon_cmake.task.cmake.build:Building CMake package in '/home/ros2/Documents/NASA/lunabotics_sim/src/lunabotics_model'
[0.445s] INFO:colcon.colcon_core.plugin_system:Skipping extension 'colcon_core.shell.bat': Not used on non-Windows systems
[0.445s] INFO:colcon.colcon_core.shell:Skip shell extension 'powershell' for command environment: Not usable outside of PowerShell
[0.445s] DEBUG:colcon.colcon_core.shell:Skip shell extension 'dsv' for command environment
[0.454s] DEBUG:colcon.colcon_core.event_handler.log_command:Invoking command in '/home/ros2/Documents/NASA/lunabotics_sim/build/lunabotics_model': CMAKE_PREFIX_PATH=${CMAKE_PREFIX_PATH}:/home/ros2/ws_lsr_nav2_v2/install/lsr_description:/home/ros2/lsr_ws/install/navigation:/home/ros2/lsr_ws/install/lsr_description:/opt/ros/jazzy DEBUGINFOD_URLS=https://debuginfod.ubuntu.com /usr/bin/cmake --build /home/ros2/Documents/NASA/lunabotics_sim/build/lunabotics_model -- -j8 -l8
[0.490s] DEBUG:colcon.colcon_core.event_handler.log_command:Invoked command in '/home/ros2/Documents/NASA/lunabotics_sim/build/lunabotics_model' returned '0': CMAKE_PREFIX_PATH=${CMAKE_PREFIX_PATH}:/home/ros2/ws_lsr_nav2_v2/install/lsr_description:/home/ros2/lsr_ws/install/navigation:/home/ros2/lsr_ws/install/lsr_description:/opt/ros/jazzy DEBUGINFOD_URLS=https://debuginfod.ubuntu.com /usr/bin/cmake --build /home/ros2/Documents/NASA/lunabotics_sim/build/lunabotics_model -- -j8 -l8
[0.499s] DEBUG:colcon.colcon_core.event_handler.log_command:Invoking command in '/home/ros2/Documents/NASA/lunabotics_sim/build/lunabotics_model': CMAKE_PREFIX_PATH=${CMAKE_PREFIX_PATH}:/home/ros2/ws_lsr_nav2_v2/install/lsr_description:/home/ros2/lsr_ws/install/navigation:/home/ros2/lsr_ws/install/lsr_description:/opt/ros/jazzy DEBUGINFOD_URLS=https://debuginfod.ubuntu.com /usr/bin/cmake --install /home/ros2/Documents/NASA/lunabotics_sim/build/lunabotics_model
[0.533s] Level 1:colcon.colcon_core.environment:create_environment_scripts_only(lunabotics_model)
[0.534s] DEBUG:colcon.colcon_core.event_handler.log_command:Invoked command in '/home/ros2/Documents/NASA/lunabotics_sim/build/lunabotics_model' returned '0': CMAKE_PREFIX_PATH=${CMAKE_PREFIX_PATH}:/home/ros2/ws_lsr_nav2_v2/install/lsr_description:/home/ros2/lsr_ws/install/navigation:/home/ros2/lsr_ws/install/lsr_description:/opt/ros/jazzy DEBUGINFOD_URLS=https://debuginfod.ubuntu.com /usr/bin/cmake --install /home/ros2/Documents/NASA/lunabotics_sim/build/lunabotics_model
[0.538s] Level 1:colcon.colcon_core.environment:checking '/home/ros2/Documents/NASA/lunabotics_sim/install/lunabotics_model' for CMake module files
[0.539s] Level 1:colcon.colcon_core.environment:checking '/home/ros2/Documents/NASA/lunabotics_sim/install/lunabotics_model' for CMake config files
[0.540s] Level 1:colcon.colcon_core.shell:create_environment_hook('lunabotics_model', 'cmake_prefix_path')
[0.540s] INFO:colcon.colcon_core.shell:Creating environment hook '/home/ros2/Documents/NASA/lunabotics_sim/install/lunabotics_model/share/lunabotics_model/hook/cmake_prefix_path.ps1'
[0.541s] INFO:colcon.colcon_core.shell:Creating environment descriptor '/home/ros2/Documents/NASA/lunabotics_sim/install/lunabotics_model/share/lunabotics_model/hook/cmake_prefix_path.dsv'
[0.541s] INFO:colcon.colcon_core.shell:Creating environment hook '/home/ros2/Documents/NASA/lunabotics_sim/install/lunabotics_model/share/lunabotics_model/hook/cmake_prefix_path.sh'
[0.542s] Level 1:colcon.colcon_core.environment:checking '/home/ros2/Documents/NASA/lunabotics_sim/install/lunabotics_model/bin'
[0.542s] Level 1:colcon.colcon_core.environment:checking '/home/ros2/Documents/NASA/lunabotics_sim/install/lunabotics_model/lib/pkgconfig/lunabotics_model.pc'
[0.542s] Level 1:colcon.colcon_core.environment:checking '/home/ros2/Documents/NASA/lunabotics_sim/install/lunabotics_model/lib/python3.12/site-packages'
[0.543s] Level 1:colcon.colcon_core.environment:checking '/home/ros2/Documents/NASA/lunabotics_sim/install/lunabotics_model/bin'
[0.543s] INFO:colcon.colcon_core.shell:Creating package script '/home/ros2/Documents/NASA/lunabotics_sim/install/lunabotics_model/share/lunabotics_model/package.ps1'
[0.544s] INFO:colcon.colcon_core.shell:Creating package descriptor '/home/ros2/Documents/NASA/lunabotics_sim/install/lunabotics_model/share/lunabotics_model/package.dsv'
[0.544s] INFO:colcon.colcon_core.shell:Creating package script '/home/ros2/Documents/NASA/lunabotics_sim/install/lunabotics_model/share/lunabotics_model/package.sh'
[0.545s] INFO:colcon.colcon_core.shell:Creating package script '/home/ros2/Documents/NASA/lunabotics_sim/install/lunabotics_model/share/lunabotics_model/package.bash'
[0.545s] INFO:colcon.colcon_core.shell:Creating package script '/home/ros2/Documents/NASA/lunabotics_sim/install/lunabotics_model/share/lunabotics_model/package.zsh'
[0.545s] Level 1:colcon.colcon_core.environment:create_file_with_runtime_dependencies(/home/ros2/Documents/NASA/lunabotics_sim/install/lunabotics_model/share/colcon-core/packages/lunabotics_model)
[0.546s] Level 1:colcon.colcon_core.environment:create_environment_scripts_only(lunabotics_model)
[0.546s] Level 1:colcon.colcon_core.environment:checking '/home/ros2/Documents/NASA/lunabotics_sim/install/lunabotics_model' for CMake module files
[0.546s] Level 1:colcon.colcon_core.environment:checking '/home/ros2/Documents/NASA/lunabotics_sim/install/lunabotics_model' for CMake config files
[0.547s] Level 1:colcon.colcon_core.shell:create_environment_hook('lunabotics_model', 'cmake_prefix_path')
[0.547s] INFO:colcon.colcon_core.shell:Creating environment hook '/home/ros2/Documents/NASA/lunabotics_sim/install/lunabotics_model/share/lunabotics_model/hook/cmake_prefix_path.ps1'
[0.548s] INFO:colcon.colcon_core.shell:Creating environment descriptor '/home/ros2/Documents/NASA/lunabotics_sim/install/lunabotics_model/share/lunabotics_model/hook/cmake_prefix_path.dsv'
[0.548s] INFO:colcon.colcon_core.shell:Creating environment hook '/home/ros2/Documents/NASA/lunabotics_sim/install/lunabotics_model/share/lunabotics_model/hook/cmake_prefix_path.sh'
[0.548s] Level 1:colcon.colcon_core.environment:checking '/home/ros2/Documents/NASA/lunabotics_sim/install/lunabotics_model/bin'
[0.548s] Level 1:colcon.colcon_core.environment:checking '/home/ros2/Documents/NASA/lunabotics_sim/install/lunabotics_model/lib/pkgconfig/lunabotics_model.pc'
[0.548s] Level 1:colcon.colcon_core.environment:checking '/home/ros2/Documents/NASA/lunabotics_sim/install/lunabotics_model/lib/python3.12/site-packages'
[0.549s] Level 1:colcon.colcon_core.environment:checking '/home/ros2/Documents/NASA/lunabotics_sim/install/lunabotics_model/bin'
[0.549s] INFO:colcon.colcon_core.shell:Creating package script '/home/ros2/Documents/NASA/lunabotics_sim/install/lunabotics_model/share/lunabotics_model/package.ps1'
[0.549s] INFO:colcon.colcon_core.shell:Creating package descriptor '/home/ros2/Documents/NASA/lunabotics_sim/install/lunabotics_model/share/lunabotics_model/package.dsv'
[0.549s] INFO:colcon.colcon_core.shell:Creating package script '/home/ros2/Documents/NASA/lunabotics_sim/install/lunabotics_model/share/lunabotics_model/package.sh'
[0.550s] INFO:colcon.colcon_core.shell:Creating package script '/home/ros2/Documents/NASA/lunabotics_sim/install/lunabotics_model/share/lunabotics_model/package.bash'
[0.550s] INFO:colcon.colcon_core.shell:Creating package script '/home/ros2/Documents/NASA/lunabotics_sim/install/lunabotics_model/share/lunabotics_model/package.zsh'
[0.550s] Level 1:colcon.colcon_core.environment:create_file_with_runtime_dependencies(/home/ros2/Documents/NASA/lunabotics_sim/install/lunabotics_model/share/colcon-core/packages/lunabotics_model)
[0.551s] DEBUG:colcon.colcon_parallel_executor.executor.parallel:closing loop
[0.551s] DEBUG:colcon.colcon_parallel_executor.executor.parallel:loop closed
[0.551s] DEBUG:colcon.colcon_parallel_executor.executor.parallel:run_until_complete finished with '0'
[0.551s] DEBUG:colcon.colcon_core.event_reactor:joining thread
[0.559s] INFO:colcon.colcon_core.plugin_system:Skipping extension 'colcon_notification.desktop_notification.terminal_notifier': Not used on non-Darwin systems
[0.560s] INFO:colcon.colcon_core.plugin_system:Skipping extension 'colcon_notification.desktop_notification.win32': Not used on non-Windows systems
[0.560s] INFO:colcon.colcon_notification.desktop_notification:Sending desktop notification using 'notify2'
[0.570s] DEBUG:colcon.colcon_core.event_reactor:joined thread
[0.570s] INFO:colcon.colcon_core.shell:Creating prefix script '/home/ros2/Documents/NASA/lunabotics_sim/install/local_setup.ps1'
[0.571s] INFO:colcon.colcon_core.shell:Creating prefix util module '/home/ros2/Documents/NASA/lunabotics_sim/install/_local_setup_util_ps1.py'
[0.573s] INFO:colcon.colcon_core.shell:Creating prefix chain script '/home/ros2/Documents/NASA/lunabotics_sim/install/setup.ps1'
[0.574s] INFO:colcon.colcon_core.shell:Creating prefix script '/home/ros2/Documents/NASA/lunabotics_sim/install/local_setup.sh'
[0.574s] INFO:colcon.colcon_core.shell:Creating prefix util module '/home/ros2/Documents/NASA/lunabotics_sim/install/_local_setup_util_sh.py'
[0.575s] INFO:colcon.colcon_core.shell:Creating prefix chain script '/home/ros2/Documents/NASA/lunabotics_sim/install/setup.sh'
[0.576s] INFO:colcon.colcon_core.shell:Creating prefix script '/home/ros2/Documents/NASA/lunabotics_sim/install/local_setup.bash'
[0.577s] INFO:colcon.colcon_core.shell:Creating prefix chain script '/home/ros2/Documents/NASA/lunabotics_sim/install/setup.bash'
[0.578s] INFO:colcon.colcon_core.shell:Creating prefix script '/home/ros2/Documents/NASA/lunabotics_sim/install/local_setup.zsh'
[0.578s] INFO:colcon.colcon_core.shell:Creating prefix chain script '/home/ros2/Documents/NASA/lunabotics_sim/install/setup.zsh'
