[0.168s] DEBUG:colcon:Command line arguments: ['/usr/bin/colcon', 'build', '--packages-select', 'lunabotics_model', '--symlink-install', '--cmake-force-configure']
[0.168s] DEBUG:colcon:Parsed command line arguments: Namespace(log_base=None, log_level=None, verb_name='build', build_base='build', install_base='install', merge_install=False, symlink_install=True, test_result_base=None, continue_on_error=False, executor='parallel', parallel_workers=8, event_handlers=None, ignore_user_meta=False, metas=['./colcon.meta'], base_paths=['.'], packages_ignore=None, packages_ignore_regex=None, paths=None, packages_up_to=None, packages_up_to_regex=None, packages_above=None, packages_above_and_dependencies=None, packages_above_depth=None, packages_select_by_dep=None, packages_skip_by_dep=None, packages_skip_up_to=None, packages_select_build_failed=False, packages_skip_build_finished=False, packages_select_test_failures=False, packages_skip_test_passed=False, packages_select=['lunabotics_model'], packages_skip=None, packages_select_regex=None, packages_skip_regex=None, packages_start=None, packages_end=None, allow_overriding=[], cmake_args=None, cmake_target=None, cmake_target_skip_unavailable=False, cmake_clean_cache=False, cmake_clean_first=False, cmake_force_configure=True, ament_cmake_args=None, catkin_cmake_args=None, catkin_skip_building_tests=False, mixin_files=None, mixin=None, verb_parser=<colcon_mixin.mixin.mixin_argument.MixinArgumentDecorator object at 0x7e652a110aa0>, verb_extension=<colcon_core.verb.build.BuildVerb object at 0x7e652a294560>, main=<bound method BuildVerb.main of <colcon_core.verb.build.BuildVerb object at 0x7e652a294560>>, mixin_verb=('build',))
[0.203s] Level 1:colcon.colcon_core.package_discovery:discover_packages(colcon_meta) check parameters
[0.204s] Level 1:colcon.colcon_core.package_discovery:discover_packages(recursive) check parameters
[0.204s] Level 1:colcon.colcon_core.package_discovery:discover_packages(ignore) check parameters
[0.204s] Level 1:colcon.colcon_core.package_discovery:discover_packages(path) check parameters
[0.204s] Level 1:colcon.colcon_core.package_discovery:discover_packages(colcon_meta) discover
[0.204s] Level 1:colcon.colcon_core.package_discovery:discover_packages(recursive) discover
[0.204s] INFO:colcon.colcon_core.package_discovery:Crawling recursively for packages in '/home/ros2/Documents/NASA/lunabotics_sim'
[0.204s] Level 1:colcon.colcon_core.package_identification:_identify(.) by extensions ['ignore', 'ignore_ament_install']
[0.204s] Level 1:colcon.colcon_core.package_identification:_identify(.) by extension 'ignore'
[0.204s] Level 1:colcon.colcon_core.package_identification:_identify(.) by extension 'ignore_ament_install'
[0.204s] Level 1:colcon.colcon_core.package_identification:_identify(.) by extensions ['colcon_pkg']
[0.204s] Level 1:colcon.colcon_core.package_identification:_identify(.) by extension 'colcon_pkg'
[0.204s] Level 1:colcon.colcon_core.package_identification:_identify(.) by extensions ['colcon_meta']
[0.204s] Level 1:colcon.colcon_core.package_identification:_identify(.) by extension 'colcon_meta'
[0.204s] Level 1:colcon.colcon_core.package_identification:_identify(.) by extensions ['ros']
[0.204s] Level 1:colcon.colcon_core.package_identification:_identify(.) by extension 'ros'
[0.225s] Level 1:colcon.colcon_core.package_identification:_identify(.) by extensions ['cmake', 'python']
[0.225s] Level 1:colcon.colcon_core.package_identification:_identify(.) by extension 'cmake'
[0.225s] Level 1:colcon.colcon_core.package_identification:_identify(.) by extension 'python'
[0.225s] Level 1:colcon.colcon_core.package_identification:_identify(.) by extensions ['python_setup_py']
[0.225s] Level 1:colcon.colcon_core.package_identification:_identify(.) by extension 'python_setup_py'
[0.225s] Level 1:colcon.colcon_core.package_identification:_identify(Assembly 1) by extensions ['ignore', 'ignore_ament_install']
[0.225s] Level 1:colcon.colcon_core.package_identification:_identify(Assembly 1) by extension 'ignore'
[0.225s] Level 1:colcon.colcon_core.package_identification:_identify(Assembly 1) by extension 'ignore_ament_install'
[0.225s] Level 1:colcon.colcon_core.package_identification:_identify(Assembly 1) by extensions ['colcon_pkg']
[0.225s] Level 1:colcon.colcon_core.package_identification:_identify(Assembly 1) by extension 'colcon_pkg'
[0.225s] Level 1:colcon.colcon_core.package_identification:_identify(Assembly 1) by extensions ['colcon_meta']
[0.225s] Level 1:colcon.colcon_core.package_identification:_identify(Assembly 1) by extension 'colcon_meta'
[0.225s] Level 1:colcon.colcon_core.package_identification:_identify(Assembly 1) by extensions ['ros']
[0.225s] Level 1:colcon.colcon_core.package_identification:_identify(Assembly 1) by extension 'ros'
[0.226s] Level 1:colcon.colcon_core.package_identification:_identify(Assembly 1) by extensions ['cmake', 'python']
[0.226s] Level 1:colcon.colcon_core.package_identification:_identify(Assembly 1) by extension 'cmake'
[0.226s] Level 1:colcon.colcon_core.package_identification:_identify(Assembly 1) by extension 'python'
[0.226s] Level 1:colcon.colcon_core.package_identification:_identify(Assembly 1) by extensions ['python_setup_py']
[0.226s] Level 1:colcon.colcon_core.package_identification:_identify(Assembly 1) by extension 'python_setup_py'
[0.226s] Level 1:colcon.colcon_core.package_identification:_identify(Assembly 1/assembly_1) by extensions ['ignore', 'ignore_ament_install']
[0.226s] Level 1:colcon.colcon_core.package_identification:_identify(Assembly 1/assembly_1) by extension 'ignore'
[0.226s] Level 1:colcon.colcon_core.package_identification:_identify(Assembly 1/assembly_1) by extension 'ignore_ament_install'
[0.226s] Level 1:colcon.colcon_core.package_identification:_identify(Assembly 1/assembly_1) by extensions ['colcon_pkg']
[0.226s] Level 1:colcon.colcon_core.package_identification:_identify(Assembly 1/assembly_1) by extension 'colcon_pkg'
[0.226s] Level 1:colcon.colcon_core.package_identification:_identify(Assembly 1/assembly_1) by extensions ['colcon_meta']
[0.226s] Level 1:colcon.colcon_core.package_identification:_identify(Assembly 1/assembly_1) by extension 'colcon_meta'
[0.226s] Level 1:colcon.colcon_core.package_identification:_identify(Assembly 1/assembly_1) by extensions ['ros']
[0.226s] Level 1:colcon.colcon_core.package_identification:_identify(Assembly 1/assembly_1) by extension 'ros'
[0.226s] Level 1:colcon.colcon_core.package_identification:_identify(Assembly 1/assembly_1) by extensions ['cmake', 'python']
[0.226s] Level 1:colcon.colcon_core.package_identification:_identify(Assembly 1/assembly_1) by extension 'cmake'
[0.226s] Level 1:colcon.colcon_core.package_identification:_identify(Assembly 1/assembly_1) by extension 'python'
[0.226s] Level 1:colcon.colcon_core.package_identification:_identify(Assembly 1/assembly_1) by extensions ['python_setup_py']
[0.227s] Level 1:colcon.colcon_core.package_identification:_identify(Assembly 1/assembly_1) by extension 'python_setup_py'
[0.227s] Level 1:colcon.colcon_core.package_identification:_identify(Assembly 1/assembly_1/launch) by extensions ['ignore', 'ignore_ament_install']
[0.227s] Level 1:colcon.colcon_core.package_identification:_identify(Assembly 1/assembly_1/launch) by extension 'ignore'
[0.227s] Level 1:colcon.colcon_core.package_identification:_identify(Assembly 1/assembly_1/launch) by extension 'ignore_ament_install'
[0.227s] Level 1:colcon.colcon_core.package_identification:_identify(Assembly 1/assembly_1/launch) by extensions ['colcon_pkg']
[0.227s] Level 1:colcon.colcon_core.package_identification:_identify(Assembly 1/assembly_1/launch) by extension 'colcon_pkg'
[0.227s] Level 1:colcon.colcon_core.package_identification:_identify(Assembly 1/assembly_1/launch) by extensions ['colcon_meta']
[0.227s] Level 1:colcon.colcon_core.package_identification:_identify(Assembly 1/assembly_1/launch) by extension 'colcon_meta'
[0.227s] Level 1:colcon.colcon_core.package_identification:_identify(Assembly 1/assembly_1/launch) by extensions ['ros']
[0.227s] Level 1:colcon.colcon_core.package_identification:_identify(Assembly 1/assembly_1/launch) by extension 'ros'
[0.227s] Level 1:colcon.colcon_core.package_identification:_identify(Assembly 1/assembly_1/launch) by extensions ['cmake', 'python']
[0.227s] Level 1:colcon.colcon_core.package_identification:_identify(Assembly 1/assembly_1/launch) by extension 'cmake'
[0.227s] Level 1:colcon.colcon_core.package_identification:_identify(Assembly 1/assembly_1/launch) by extension 'python'
[0.227s] Level 1:colcon.colcon_core.package_identification:_identify(Assembly 1/assembly_1/launch) by extensions ['python_setup_py']
[0.227s] Level 1:colcon.colcon_core.package_identification:_identify(Assembly 1/assembly_1/launch) by extension 'python_setup_py'
[0.227s] Level 1:colcon.colcon_core.package_identification:_identify(Assembly 1/assembly_1/meshes) by extensions ['ignore', 'ignore_ament_install']
[0.228s] Level 1:colcon.colcon_core.package_identification:_identify(Assembly 1/assembly_1/meshes) by extension 'ignore'
[0.228s] Level 1:colcon.colcon_core.package_identification:_identify(Assembly 1/assembly_1/meshes) by extension 'ignore_ament_install'
[0.228s] Level 1:colcon.colcon_core.package_identification:_identify(Assembly 1/assembly_1/meshes) by extensions ['colcon_pkg']
[0.228s] Level 1:colcon.colcon_core.package_identification:_identify(Assembly 1/assembly_1/meshes) by extension 'colcon_pkg'
[0.228s] Level 1:colcon.colcon_core.package_identification:_identify(Assembly 1/assembly_1/meshes) by extensions ['colcon_meta']
[0.228s] Level 1:colcon.colcon_core.package_identification:_identify(Assembly 1/assembly_1/meshes) by extension 'colcon_meta'
[0.228s] Level 1:colcon.colcon_core.package_identification:_identify(Assembly 1/assembly_1/meshes) by extensions ['ros']
[0.228s] Level 1:colcon.colcon_core.package_identification:_identify(Assembly 1/assembly_1/meshes) by extension 'ros'
[0.228s] Level 1:colcon.colcon_core.package_identification:_identify(Assembly 1/assembly_1/meshes) by extensions ['cmake', 'python']
[0.228s] Level 1:colcon.colcon_core.package_identification:_identify(Assembly 1/assembly_1/meshes) by extension 'cmake'
[0.228s] Level 1:colcon.colcon_core.package_identification:_identify(Assembly 1/assembly_1/meshes) by extension 'python'
[0.228s] Level 1:colcon.colcon_core.package_identification:_identify(Assembly 1/assembly_1/meshes) by extensions ['python_setup_py']
[0.228s] Level 1:colcon.colcon_core.package_identification:_identify(Assembly 1/assembly_1/meshes) by extension 'python_setup_py'
[0.228s] Level 1:colcon.colcon_core.package_identification:_identify(Assembly 1/assembly_1/urdf) by extensions ['ignore', 'ignore_ament_install']
[0.228s] Level 1:colcon.colcon_core.package_identification:_identify(Assembly 1/assembly_1/urdf) by extension 'ignore'
[0.228s] Level 1:colcon.colcon_core.package_identification:_identify(Assembly 1/assembly_1/urdf) by extension 'ignore_ament_install'
[0.228s] Level 1:colcon.colcon_core.package_identification:_identify(Assembly 1/assembly_1/urdf) by extensions ['colcon_pkg']
[0.228s] Level 1:colcon.colcon_core.package_identification:_identify(Assembly 1/assembly_1/urdf) by extension 'colcon_pkg'
[0.228s] Level 1:colcon.colcon_core.package_identification:_identify(Assembly 1/assembly_1/urdf) by extensions ['colcon_meta']
[0.228s] Level 1:colcon.colcon_core.package_identification:_identify(Assembly 1/assembly_1/urdf) by extension 'colcon_meta'
[0.229s] Level 1:colcon.colcon_core.package_identification:_identify(Assembly 1/assembly_1/urdf) by extensions ['ros']
[0.229s] Level 1:colcon.colcon_core.package_identification:_identify(Assembly 1/assembly_1/urdf) by extension 'ros'
[0.229s] Level 1:colcon.colcon_core.package_identification:_identify(Assembly 1/assembly_1/urdf) by extensions ['cmake', 'python']
[0.229s] Level 1:colcon.colcon_core.package_identification:_identify(Assembly 1/assembly_1/urdf) by extension 'cmake'
[0.229s] Level 1:colcon.colcon_core.package_identification:_identify(Assembly 1/assembly_1/urdf) by extension 'python'
[0.229s] Level 1:colcon.colcon_core.package_identification:_identify(Assembly 1/assembly_1/urdf) by extensions ['python_setup_py']
[0.229s] Level 1:colcon.colcon_core.package_identification:_identify(Assembly 1/assembly_1/urdf) by extension 'python_setup_py'
[0.229s] Level 1:colcon.colcon_core.package_identification:_identify(Screenshots) by extensions ['ignore', 'ignore_ament_install']
[0.229s] Level 1:colcon.colcon_core.package_identification:_identify(Screenshots) by extension 'ignore'
[0.229s] Level 1:colcon.colcon_core.package_identification:_identify(Screenshots) by extension 'ignore_ament_install'
[0.229s] Level 1:colcon.colcon_core.package_identification:_identify(Screenshots) by extensions ['colcon_pkg']
[0.229s] Level 1:colcon.colcon_core.package_identification:_identify(Screenshots) by extension 'colcon_pkg'
[0.229s] Level 1:colcon.colcon_core.package_identification:_identify(Screenshots) by extensions ['colcon_meta']
[0.229s] Level 1:colcon.colcon_core.package_identification:_identify(Screenshots) by extension 'colcon_meta'
[0.229s] Level 1:colcon.colcon_core.package_identification:_identify(Screenshots) by extensions ['ros']
[0.229s] Level 1:colcon.colcon_core.package_identification:_identify(Screenshots) by extension 'ros'
[0.229s] Level 1:colcon.colcon_core.package_identification:_identify(Screenshots) by extensions ['cmake', 'python']
[0.229s] Level 1:colcon.colcon_core.package_identification:_identify(Screenshots) by extension 'cmake'
[0.229s] Level 1:colcon.colcon_core.package_identification:_identify(Screenshots) by extension 'python'
[0.229s] Level 1:colcon.colcon_core.package_identification:_identify(Screenshots) by extensions ['python_setup_py']
[0.229s] Level 1:colcon.colcon_core.package_identification:_identify(Screenshots) by extension 'python_setup_py'
[0.230s] Level 1:colcon.colcon_core.package_identification:_identify(build) by extensions ['ignore', 'ignore_ament_install']
[0.230s] Level 1:colcon.colcon_core.package_identification:_identify(build) by extension 'ignore'
[0.230s] Level 1:colcon.colcon_core.package_identification:_identify(build) ignored
[0.230s] Level 1:colcon.colcon_core.package_identification:_identify(install) by extensions ['ignore', 'ignore_ament_install']
[0.230s] Level 1:colcon.colcon_core.package_identification:_identify(install) by extension 'ignore'
[0.230s] Level 1:colcon.colcon_core.package_identification:_identify(install) ignored
[0.230s] Level 1:colcon.colcon_core.package_identification:_identify(log) by extensions ['ignore', 'ignore_ament_install']
[0.230s] Level 1:colcon.colcon_core.package_identification:_identify(log) by extension 'ignore'
[0.230s] Level 1:colcon.colcon_core.package_identification:_identify(log) ignored
[0.230s] Level 1:colcon.colcon_core.package_identification:_identify(moon_base_map) by extensions ['ignore', 'ignore_ament_install']
[0.230s] Level 1:colcon.colcon_core.package_identification:_identify(moon_base_map) by extension 'ignore'
[0.230s] Level 1:colcon.colcon_core.package_identification:_identify(moon_base_map) by extension 'ignore_ament_install'
[0.230s] Level 1:colcon.colcon_core.package_identification:_identify(moon_base_map) by extensions ['colcon_pkg']
[0.230s] Level 1:colcon.colcon_core.package_identification:_identify(moon_base_map) by extension 'colcon_pkg'
[0.230s] Level 1:colcon.colcon_core.package_identification:_identify(moon_base_map) by extensions ['colcon_meta']
[0.230s] Level 1:colcon.colcon_core.package_identification:_identify(moon_base_map) by extension 'colcon_meta'
[0.230s] Level 1:colcon.colcon_core.package_identification:_identify(moon_base_map) by extensions ['ros']
[0.230s] Level 1:colcon.colcon_core.package_identification:_identify(moon_base_map) by extension 'ros'
[0.230s] Level 1:colcon.colcon_core.package_identification:_identify(moon_base_map) by extensions ['cmake', 'python']
[0.230s] Level 1:colcon.colcon_core.package_identification:_identify(moon_base_map) by extension 'cmake'
[0.230s] Level 1:colcon.colcon_core.package_identification:_identify(moon_base_map) by extension 'python'
[0.230s] Level 1:colcon.colcon_core.package_identification:_identify(moon_base_map) by extensions ['python_setup_py']
[0.231s] Level 1:colcon.colcon_core.package_identification:_identify(moon_base_map) by extension 'python_setup_py'
[0.231s] Level 1:colcon.colcon_core.package_identification:_identify(moon_base_map/ezrassor_sim_gazebo) by extensions ['ignore', 'ignore_ament_install']
[0.231s] Level 1:colcon.colcon_core.package_identification:_identify(moon_base_map/ezrassor_sim_gazebo) by extension 'ignore'
[0.231s] Level 1:colcon.colcon_core.package_identification:_identify(moon_base_map/ezrassor_sim_gazebo) by extension 'ignore_ament_install'
[0.231s] Level 1:colcon.colcon_core.package_identification:_identify(moon_base_map/ezrassor_sim_gazebo) by extensions ['colcon_pkg']
[0.231s] Level 1:colcon.colcon_core.package_identification:_identify(moon_base_map/ezrassor_sim_gazebo) by extension 'colcon_pkg'
[0.231s] INFO:colcon.colcon_metadata.metadata.colcon_pkg:Setting name 'ezrassor_sim_gazebo' of package 'moon_base_map/ezrassor_sim_gazebo' from colcon.pkg
[0.231s] DEBUG:colcon.colcon_core.package_identification:Package 'moon_base_map/ezrassor_sim_gazebo' with type 'None' and name 'ezrassor_sim_gazebo'
[0.231s] Level 1:colcon.colcon_core.package_identification:_identify(moon_base_map/ezrassor_sim_gazebo) by extensions ['colcon_meta']
[0.231s] Level 1:colcon.colcon_core.package_identification:_identify(moon_base_map/ezrassor_sim_gazebo) by extension 'colcon_meta'
[0.231s] Level 1:colcon.colcon_core.package_identification:_identify(moon_base_map/ezrassor_sim_gazebo) by extensions ['ros']
[0.231s] Level 1:colcon.colcon_core.package_identification:_identify(moon_base_map/ezrassor_sim_gazebo) by extension 'ros'
[0.235s] DEBUG:colcon.colcon_core.package_identification:Package 'moon_base_map/ezrassor_sim_gazebo' with type 'ros.ament_python' and name 'ezrassor_sim_gazebo'
[0.235s] Level 1:colcon.colcon_core.package_identification:_identify(space_robotics_gz_envs) by extensions ['ignore', 'ignore_ament_install']
[0.235s] Level 1:colcon.colcon_core.package_identification:_identify(space_robotics_gz_envs) by extension 'ignore'
[0.235s] Level 1:colcon.colcon_core.package_identification:_identify(space_robotics_gz_envs) by extension 'ignore_ament_install'
[0.235s] Level 1:colcon.colcon_core.package_identification:_identify(space_robotics_gz_envs) by extensions ['colcon_pkg']
[0.235s] Level 1:colcon.colcon_core.package_identification:_identify(space_robotics_gz_envs) by extension 'colcon_pkg'
[0.235s] Level 1:colcon.colcon_core.package_identification:_identify(space_robotics_gz_envs) by extensions ['colcon_meta']
[0.235s] Level 1:colcon.colcon_core.package_identification:_identify(space_robotics_gz_envs) by extension 'colcon_meta'
[0.235s] Level 1:colcon.colcon_core.package_identification:_identify(space_robotics_gz_envs) by extensions ['ros']
[0.235s] Level 1:colcon.colcon_core.package_identification:_identify(space_robotics_gz_envs) by extension 'ros'
[0.235s] Level 1:colcon.colcon_core.package_identification:_identify(space_robotics_gz_envs) by extensions ['cmake', 'python']
[0.235s] Level 1:colcon.colcon_core.package_identification:_identify(space_robotics_gz_envs) by extension 'cmake'
[0.235s] Level 1:colcon.colcon_core.package_identification:_identify(space_robotics_gz_envs) by extension 'python'
[0.235s] Level 1:colcon.colcon_core.package_identification:_identify(space_robotics_gz_envs) by extensions ['python_setup_py']
[0.235s] Level 1:colcon.colcon_core.package_identification:_identify(space_robotics_gz_envs) by extension 'python_setup_py'
[0.235s] Level 1:colcon.colcon_core.package_identification:_identify(space_robotics_gz_envs/assets) by extensions ['ignore', 'ignore_ament_install']
[0.236s] Level 1:colcon.colcon_core.package_identification:_identify(space_robotics_gz_envs/assets) by extension 'ignore'
[0.236s] Level 1:colcon.colcon_core.package_identification:_identify(space_robotics_gz_envs/assets) by extension 'ignore_ament_install'
[0.236s] Level 1:colcon.colcon_core.package_identification:_identify(space_robotics_gz_envs/assets) by extensions ['colcon_pkg']
[0.236s] Level 1:colcon.colcon_core.package_identification:_identify(space_robotics_gz_envs/assets) by extension 'colcon_pkg'
[0.236s] Level 1:colcon.colcon_core.package_identification:_identify(space_robotics_gz_envs/assets) by extensions ['colcon_meta']
[0.236s] Level 1:colcon.colcon_core.package_identification:_identify(space_robotics_gz_envs/assets) by extension 'colcon_meta'
[0.236s] Level 1:colcon.colcon_core.package_identification:_identify(space_robotics_gz_envs/assets) by extensions ['ros']
[0.236s] Level 1:colcon.colcon_core.package_identification:_identify(space_robotics_gz_envs/assets) by extension 'ros'
[0.236s] Level 1:colcon.colcon_core.package_identification:_identify(space_robotics_gz_envs/assets) by extensions ['cmake', 'python']
[0.236s] Level 1:colcon.colcon_core.package_identification:_identify(space_robotics_gz_envs/assets) by extension 'cmake'
[0.236s] Level 1:colcon.colcon_core.package_identification:_identify(space_robotics_gz_envs/assets) by extension 'python'
[0.236s] Level 1:colcon.colcon_core.package_identification:_identify(space_robotics_gz_envs/assets) by extensions ['python_setup_py']
[0.236s] Level 1:colcon.colcon_core.package_identification:_identify(space_robotics_gz_envs/assets) by extension 'python_setup_py'
[0.236s] Level 1:colcon.colcon_core.package_identification:_identify(space_robotics_gz_envs/assets/cache) by extensions ['ignore', 'ignore_ament_install']
[0.236s] Level 1:colcon.colcon_core.package_identification:_identify(space_robotics_gz_envs/assets/cache) by extension 'ignore'
[0.236s] Level 1:colcon.colcon_core.package_identification:_identify(space_robotics_gz_envs/assets/cache) by extension 'ignore_ament_install'
[0.236s] Level 1:colcon.colcon_core.package_identification:_identify(space_robotics_gz_envs/assets/cache) by extensions ['colcon_pkg']
[0.236s] Level 1:colcon.colcon_core.package_identification:_identify(space_robotics_gz_envs/assets/cache) by extension 'colcon_pkg'
[0.236s] Level 1:colcon.colcon_core.package_identification:_identify(space_robotics_gz_envs/assets/cache) by extensions ['colcon_meta']
[0.236s] Level 1:colcon.colcon_core.package_identification:_identify(space_robotics_gz_envs/assets/cache) by extension 'colcon_meta'
[0.236s] Level 1:colcon.colcon_core.package_identification:_identify(space_robotics_gz_envs/assets/cache) by extensions ['ros']
[0.236s] Level 1:colcon.colcon_core.package_identification:_identify(space_robotics_gz_envs/assets/cache) by extension 'ros'
[0.236s] Level 1:colcon.colcon_core.package_identification:_identify(space_robotics_gz_envs/assets/cache) by extensions ['cmake', 'python']
[0.236s] Level 1:colcon.colcon_core.package_identification:_identify(space_robotics_gz_envs/assets/cache) by extension 'cmake'
[0.236s] Level 1:colcon.colcon_core.package_identification:_identify(space_robotics_gz_envs/assets/cache) by extension 'python'
[0.236s] Level 1:colcon.colcon_core.package_identification:_identify(space_robotics_gz_envs/assets/cache) by extensions ['python_setup_py']
[0.236s] Level 1:colcon.colcon_core.package_identification:_identify(space_robotics_gz_envs/assets/cache) by extension 'python_setup_py'
[0.236s] Level 1:colcon.colcon_core.package_identification:_identify(space_robotics_gz_envs/assets/cache/lunar_rock0) by extensions ['ignore', 'ignore_ament_install']
[0.237s] Level 1:colcon.colcon_core.package_identification:_identify(space_robotics_gz_envs/assets/cache/lunar_rock0) by extension 'ignore'
[0.237s] Level 1:colcon.colcon_core.package_identification:_identify(space_robotics_gz_envs/assets/cache/lunar_rock0) by extension 'ignore_ament_install'
[0.237s] Level 1:colcon.colcon_core.package_identification:_identify(space_robotics_gz_envs/assets/cache/lunar_rock0) by extensions ['colcon_pkg']
[0.237s] Level 1:colcon.colcon_core.package_identification:_identify(space_robotics_gz_envs/assets/cache/lunar_rock0) by extension 'colcon_pkg'
[0.237s] Level 1:colcon.colcon_core.package_identification:_identify(space_robotics_gz_envs/assets/cache/lunar_rock0) by extensions ['colcon_meta']
[0.237s] Level 1:colcon.colcon_core.package_identification:_identify(space_robotics_gz_envs/assets/cache/lunar_rock0) by extension 'colcon_meta'
[0.237s] Level 1:colcon.colcon_core.package_identification:_identify(space_robotics_gz_envs/assets/cache/lunar_rock0) by extensions ['ros']
[0.237s] Level 1:colcon.colcon_core.package_identification:_identify(space_robotics_gz_envs/assets/cache/lunar_rock0) by extension 'ros'
[0.237s] Level 1:colcon.colcon_core.package_identification:_identify(space_robotics_gz_envs/assets/cache/lunar_rock0) by extensions ['cmake', 'python']
[0.237s] Level 1:colcon.colcon_core.package_identification:_identify(space_robotics_gz_envs/assets/cache/lunar_rock0) by extension 'cmake'
[0.237s] Level 1:colcon.colcon_core.package_identification:_identify(space_robotics_gz_envs/assets/cache/lunar_rock0) by extension 'python'
[0.237s] Level 1:colcon.colcon_core.package_identification:_identify(space_robotics_gz_envs/assets/cache/lunar_rock0) by extensions ['python_setup_py']
[0.237s] Level 1:colcon.colcon_core.package_identification:_identify(space_robotics_gz_envs/assets/cache/lunar_rock0) by extension 'python_setup_py'
[0.237s] Level 1:colcon.colcon_core.package_identification:_identify(space_robotics_gz_envs/assets/cache/lunar_rock0/meshes) by extensions ['ignore', 'ignore_ament_install']
[0.237s] Level 1:colcon.colcon_core.package_identification:_identify(space_robotics_gz_envs/assets/cache/lunar_rock0/meshes) by extension 'ignore'
[0.237s] Level 1:colcon.colcon_core.package_identification:_identify(space_robotics_gz_envs/assets/cache/lunar_rock0/meshes) by extension 'ignore_ament_install'
[0.237s] Level 1:colcon.colcon_core.package_identification:_identify(space_robotics_gz_envs/assets/cache/lunar_rock0/meshes) by extensions ['colcon_pkg']
[0.237s] Level 1:colcon.colcon_core.package_identification:_identify(space_robotics_gz_envs/assets/cache/lunar_rock0/meshes) by extension 'colcon_pkg'
[0.237s] Level 1:colcon.colcon_core.package_identification:_identify(space_robotics_gz_envs/assets/cache/lunar_rock0/meshes) by extensions ['colcon_meta']
[0.237s] Level 1:colcon.colcon_core.package_identification:_identify(space_robotics_gz_envs/assets/cache/lunar_rock0/meshes) by extension 'colcon_meta'
[0.237s] Level 1:colcon.colcon_core.package_identification:_identify(space_robotics_gz_envs/assets/cache/lunar_rock0/meshes) by extensions ['ros']
[0.237s] Level 1:colcon.colcon_core.package_identification:_identify(space_robotics_gz_envs/assets/cache/lunar_rock0/meshes) by extension 'ros'
[0.237s] Level 1:colcon.colcon_core.package_identification:_identify(space_robotics_gz_envs/assets/cache/lunar_rock0/meshes) by extensions ['cmake', 'python']
[0.237s] Level 1:colcon.colcon_core.package_identification:_identify(space_robotics_gz_envs/assets/cache/lunar_rock0/meshes) by extension 'cmake'
[0.237s] Level 1:colcon.colcon_core.package_identification:_identify(space_robotics_gz_envs/assets/cache/lunar_rock0/meshes) by extension 'python'
[0.237s] Level 1:colcon.colcon_core.package_identification:_identify(space_robotics_gz_envs/assets/cache/lunar_rock0/meshes) by extensions ['python_setup_py']
[0.237s] Level 1:colcon.colcon_core.package_identification:_identify(space_robotics_gz_envs/assets/cache/lunar_rock0/meshes) by extension 'python_setup_py'
[0.237s] Level 1:colcon.colcon_core.package_identification:_identify(space_robotics_gz_envs/assets/cache/lunar_rock0/thumbnails) by extensions ['ignore', 'ignore_ament_install']
[0.237s] Level 1:colcon.colcon_core.package_identification:_identify(space_robotics_gz_envs/assets/cache/lunar_rock0/thumbnails) by extension 'ignore'
[0.238s] Level 1:colcon.colcon_core.package_identification:_identify(space_robotics_gz_envs/assets/cache/lunar_rock0/thumbnails) by extension 'ignore_ament_install'
[0.238s] Level 1:colcon.colcon_core.package_identification:_identify(space_robotics_gz_envs/assets/cache/lunar_rock0/thumbnails) by extensions ['colcon_pkg']
[0.238s] Level 1:colcon.colcon_core.package_identification:_identify(space_robotics_gz_envs/assets/cache/lunar_rock0/thumbnails) by extension 'colcon_pkg'
[0.238s] Level 1:colcon.colcon_core.package_identification:_identify(space_robotics_gz_envs/assets/cache/lunar_rock0/thumbnails) by extensions ['colcon_meta']
[0.238s] Level 1:colcon.colcon_core.package_identification:_identify(space_robotics_gz_envs/assets/cache/lunar_rock0/thumbnails) by extension 'colcon_meta'
[0.238s] Level 1:colcon.colcon_core.package_identification:_identify(space_robotics_gz_envs/assets/cache/lunar_rock0/thumbnails) by extensions ['ros']
[0.238s] Level 1:colcon.colcon_core.package_identification:_identify(space_robotics_gz_envs/assets/cache/lunar_rock0/thumbnails) by extension 'ros'
[0.238s] Level 1:colcon.colcon_core.package_identification:_identify(space_robotics_gz_envs/assets/cache/lunar_rock0/thumbnails) by extensions ['cmake', 'python']
[0.238s] Level 1:colcon.colcon_core.package_identification:_identify(space_robotics_gz_envs/assets/cache/lunar_rock0/thumbnails) by extension 'cmake'
[0.238s] Level 1:colcon.colcon_core.package_identification:_identify(space_robotics_gz_envs/assets/cache/lunar_rock0/thumbnails) by extension 'python'
[0.238s] Level 1:colcon.colcon_core.package_identification:_identify(space_robotics_gz_envs/assets/cache/lunar_rock0/thumbnails) by extensions ['python_setup_py']
[0.238s] Level 1:colcon.colcon_core.package_identification:_identify(space_robotics_gz_envs/assets/cache/lunar_rock0/thumbnails) by extension 'python_setup_py'
[0.238s] Level 1:colcon.colcon_core.package_identification:_identify(space_robotics_gz_envs/assets/cache/lunar_rock1) by extensions ['ignore', 'ignore_ament_install']
[0.238s] Level 1:colcon.colcon_core.package_identification:_identify(space_robotics_gz_envs/assets/cache/lunar_rock1) by extension 'ignore'
[0.238s] Level 1:colcon.colcon_core.package_identification:_identify(space_robotics_gz_envs/assets/cache/lunar_rock1) by extension 'ignore_ament_install'
[0.238s] Level 1:colcon.colcon_core.package_identification:_identify(space_robotics_gz_envs/assets/cache/lunar_rock1) by extensions ['colcon_pkg']
[0.238s] Level 1:colcon.colcon_core.package_identification:_identify(space_robotics_gz_envs/assets/cache/lunar_rock1) by extension 'colcon_pkg'
[0.238s] Level 1:colcon.colcon_core.package_identification:_identify(space_robotics_gz_envs/assets/cache/lunar_rock1) by extensions ['colcon_meta']
[0.238s] Level 1:colcon.colcon_core.package_identification:_identify(space_robotics_gz_envs/assets/cache/lunar_rock1) by extension 'colcon_meta'
[0.238s] Level 1:colcon.colcon_core.package_identification:_identify(space_robotics_gz_envs/assets/cache/lunar_rock1) by extensions ['ros']
[0.238s] Level 1:colcon.colcon_core.package_identification:_identify(space_robotics_gz_envs/assets/cache/lunar_rock1) by extension 'ros'
[0.238s] Level 1:colcon.colcon_core.package_identification:_identify(space_robotics_gz_envs/assets/cache/lunar_rock1) by extensions ['cmake', 'python']
[0.238s] Level 1:colcon.colcon_core.package_identification:_identify(space_robotics_gz_envs/assets/cache/lunar_rock1) by extension 'cmake'
[0.238s] Level 1:colcon.colcon_core.package_identification:_identify(space_robotics_gz_envs/assets/cache/lunar_rock1) by extension 'python'
[0.238s] Level 1:colcon.colcon_core.package_identification:_identify(space_robotics_gz_envs/assets/cache/lunar_rock1) by extensions ['python_setup_py']
[0.238s] Level 1:colcon.colcon_core.package_identification:_identify(space_robotics_gz_envs/assets/cache/lunar_rock1) by extension 'python_setup_py'
[0.238s] Level 1:colcon.colcon_core.package_identification:_identify(space_robotics_gz_envs/assets/cache/lunar_rock1/meshes) by extensions ['ignore', 'ignore_ament_install']
[0.238s] Level 1:colcon.colcon_core.package_identification:_identify(space_robotics_gz_envs/assets/cache/lunar_rock1/meshes) by extension 'ignore'
[0.238s] Level 1:colcon.colcon_core.package_identification:_identify(space_robotics_gz_envs/assets/cache/lunar_rock1/meshes) by extension 'ignore_ament_install'
[0.239s] Level 1:colcon.colcon_core.package_identification:_identify(space_robotics_gz_envs/assets/cache/lunar_rock1/meshes) by extensions ['colcon_pkg']
[0.239s] Level 1:colcon.colcon_core.package_identification:_identify(space_robotics_gz_envs/assets/cache/lunar_rock1/meshes) by extension 'colcon_pkg'
[0.239s] Level 1:colcon.colcon_core.package_identification:_identify(space_robotics_gz_envs/assets/cache/lunar_rock1/meshes) by extensions ['colcon_meta']
[0.239s] Level 1:colcon.colcon_core.package_identification:_identify(space_robotics_gz_envs/assets/cache/lunar_rock1/meshes) by extension 'colcon_meta'
[0.239s] Level 1:colcon.colcon_core.package_identification:_identify(space_robotics_gz_envs/assets/cache/lunar_rock1/meshes) by extensions ['ros']
[0.239s] Level 1:colcon.colcon_core.package_identification:_identify(space_robotics_gz_envs/assets/cache/lunar_rock1/meshes) by extension 'ros'
[0.239s] Level 1:colcon.colcon_core.package_identification:_identify(space_robotics_gz_envs/assets/cache/lunar_rock1/meshes) by extensions ['cmake', 'python']
[0.239s] Level 1:colcon.colcon_core.package_identification:_identify(space_robotics_gz_envs/assets/cache/lunar_rock1/meshes) by extension 'cmake'
[0.239s] Level 1:colcon.colcon_core.package_identification:_identify(space_robotics_gz_envs/assets/cache/lunar_rock1/meshes) by extension 'python'
[0.239s] Level 1:colcon.colcon_core.package_identification:_identify(space_robotics_gz_envs/assets/cache/lunar_rock1/meshes) by extensions ['python_setup_py']
[0.239s] Level 1:colcon.colcon_core.package_identification:_identify(space_robotics_gz_envs/assets/cache/lunar_rock1/meshes) by extension 'python_setup_py'
[0.239s] Level 1:colcon.colcon_core.package_identification:_identify(space_robotics_gz_envs/assets/cache/lunar_rock1/thumbnails) by extensions ['ignore', 'ignore_ament_install']
[0.239s] Level 1:colcon.colcon_core.package_identification:_identify(space_robotics_gz_envs/assets/cache/lunar_rock1/thumbnails) by extension 'ignore'
[0.239s] Level 1:colcon.colcon_core.package_identification:_identify(space_robotics_gz_envs/assets/cache/lunar_rock1/thumbnails) by extension 'ignore_ament_install'
[0.239s] Level 1:colcon.colcon_core.package_identification:_identify(space_robotics_gz_envs/assets/cache/lunar_rock1/thumbnails) by extensions ['colcon_pkg']
[0.239s] Level 1:colcon.colcon_core.package_identification:_identify(space_robotics_gz_envs/assets/cache/lunar_rock1/thumbnails) by extension 'colcon_pkg'
[0.239s] Level 1:colcon.colcon_core.package_identification:_identify(space_robotics_gz_envs/assets/cache/lunar_rock1/thumbnails) by extensions ['colcon_meta']
[0.239s] Level 1:colcon.colcon_core.package_identification:_identify(space_robotics_gz_envs/assets/cache/lunar_rock1/thumbnails) by extension 'colcon_meta'
[0.239s] Level 1:colcon.colcon_core.package_identification:_identify(space_robotics_gz_envs/assets/cache/lunar_rock1/thumbnails) by extensions ['ros']
[0.239s] Level 1:colcon.colcon_core.package_identification:_identify(space_robotics_gz_envs/assets/cache/lunar_rock1/thumbnails) by extension 'ros'
[0.239s] Level 1:colcon.colcon_core.package_identification:_identify(space_robotics_gz_envs/assets/cache/lunar_rock1/thumbnails) by extensions ['cmake', 'python']
[0.239s] Level 1:colcon.colcon_core.package_identification:_identify(space_robotics_gz_envs/assets/cache/lunar_rock1/thumbnails) by extension 'cmake'
[0.239s] Level 1:colcon.colcon_core.package_identification:_identify(space_robotics_gz_envs/assets/cache/lunar_rock1/thumbnails) by extension 'python'
[0.239s] Level 1:colcon.colcon_core.package_identification:_identify(space_robotics_gz_envs/assets/cache/lunar_rock1/thumbnails) by extensions ['python_setup_py']
[0.239s] Level 1:colcon.colcon_core.package_identification:_identify(space_robotics_gz_envs/assets/cache/lunar_rock1/thumbnails) by extension 'python_setup_py'
[0.239s] Level 1:colcon.colcon_core.package_identification:_identify(space_robotics_gz_envs/assets/cache/lunar_rock10) by extensions ['ignore', 'ignore_ament_install']
[0.239s] Level 1:colcon.colcon_core.package_identification:_identify(space_robotics_gz_envs/assets/cache/lunar_rock10) by extension 'ignore'
[0.239s] Level 1:colcon.colcon_core.package_identification:_identify(space_robotics_gz_envs/assets/cache/lunar_rock10) by extension 'ignore_ament_install'
[0.240s] Level 1:colcon.colcon_core.package_identification:_identify(space_robotics_gz_envs/assets/cache/lunar_rock10) by extensions ['colcon_pkg']
[0.240s] Level 1:colcon.colcon_core.package_identification:_identify(space_robotics_gz_envs/assets/cache/lunar_rock10) by extension 'colcon_pkg'
[0.240s] Level 1:colcon.colcon_core.package_identification:_identify(space_robotics_gz_envs/assets/cache/lunar_rock10) by extensions ['colcon_meta']
[0.240s] Level 1:colcon.colcon_core.package_identification:_identify(space_robotics_gz_envs/assets/cache/lunar_rock10) by extension 'colcon_meta'
[0.240s] Level 1:colcon.colcon_core.package_identification:_identify(space_robotics_gz_envs/assets/cache/lunar_rock10) by extensions ['ros']
[0.240s] Level 1:colcon.colcon_core.package_identification:_identify(space_robotics_gz_envs/assets/cache/lunar_rock10) by extension 'ros'
[0.240s] Level 1:colcon.colcon_core.package_identification:_identify(space_robotics_gz_envs/assets/cache/lunar_rock10) by extensions ['cmake', 'python']
[0.240s] Level 1:colcon.colcon_core.package_identification:_identify(space_robotics_gz_envs/assets/cache/lunar_rock10) by extension 'cmake'
[0.240s] Level 1:colcon.colcon_core.package_identification:_identify(space_robotics_gz_envs/assets/cache/lunar_rock10) by extension 'python'
[0.240s] Level 1:colcon.colcon_core.package_identification:_identify(space_robotics_gz_envs/assets/cache/lunar_rock10) by extensions ['python_setup_py']
[0.240s] Level 1:colcon.colcon_core.package_identification:_identify(space_robotics_gz_envs/assets/cache/lunar_rock10) by extension 'python_setup_py'
[0.240s] Level 1:colcon.colcon_core.package_identification:_identify(space_robotics_gz_envs/assets/cache/lunar_rock10/meshes) by extensions ['ignore', 'ignore_ament_install']
[0.240s] Level 1:colcon.colcon_core.package_identification:_identify(space_robotics_gz_envs/assets/cache/lunar_rock10/meshes) by extension 'ignore'
[0.240s] Level 1:colcon.colcon_core.package_identification:_identify(space_robotics_gz_envs/assets/cache/lunar_rock10/meshes) by extension 'ignore_ament_install'
[0.240s] Level 1:colcon.colcon_core.package_identification:_identify(space_robotics_gz_envs/assets/cache/lunar_rock10/meshes) by extensions ['colcon_pkg']
[0.240s] Level 1:colcon.colcon_core.package_identification:_identify(space_robotics_gz_envs/assets/cache/lunar_rock10/meshes) by extension 'colcon_pkg'
[0.240s] Level 1:colcon.colcon_core.package_identification:_identify(space_robotics_gz_envs/assets/cache/lunar_rock10/meshes) by extensions ['colcon_meta']
[0.240s] Level 1:colcon.colcon_core.package_identification:_identify(space_robotics_gz_envs/assets/cache/lunar_rock10/meshes) by extension 'colcon_meta'
[0.240s] Level 1:colcon.colcon_core.package_identification:_identify(space_robotics_gz_envs/assets/cache/lunar_rock10/meshes) by extensions ['ros']
[0.240s] Level 1:colcon.colcon_core.package_identification:_identify(space_robotics_gz_envs/assets/cache/lunar_rock10/meshes) by extension 'ros'
[0.240s] Level 1:colcon.colcon_core.package_identification:_identify(space_robotics_gz_envs/assets/cache/lunar_rock10/meshes) by extensions ['cmake', 'python']
[0.241s] Level 1:colcon.colcon_core.package_identification:_identify(space_robotics_gz_envs/assets/cache/lunar_rock10/meshes) by extension 'cmake'
[0.241s] Level 1:colcon.colcon_core.package_identification:_identify(space_robotics_gz_envs/assets/cache/lunar_rock10/meshes) by extension 'python'
[0.241s] Level 1:colcon.colcon_core.package_identification:_identify(space_robotics_gz_envs/assets/cache/lunar_rock10/meshes) by extensions ['python_setup_py']
[0.241s] Level 1:colcon.colcon_core.package_identification:_identify(space_robotics_gz_envs/assets/cache/lunar_rock10/meshes) by extension 'python_setup_py'
[0.241s] Level 1:colcon.colcon_core.package_identification:_identify(space_robotics_gz_envs/assets/cache/lunar_rock10/thumbnails) by extensions ['ignore', 'ignore_ament_install']
[0.241s] Level 1:colcon.colcon_core.package_identification:_identify(space_robotics_gz_envs/assets/cache/lunar_rock10/thumbnails) by extension 'ignore'
[0.241s] Level 1:colcon.colcon_core.package_identification:_identify(space_robotics_gz_envs/assets/cache/lunar_rock10/thumbnails) by extension 'ignore_ament_install'
[0.241s] Level 1:colcon.colcon_core.package_identification:_identify(space_robotics_gz_envs/assets/cache/lunar_rock10/thumbnails) by extensions ['colcon_pkg']
[0.241s] Level 1:colcon.colcon_core.package_identification:_identify(space_robotics_gz_envs/assets/cache/lunar_rock10/thumbnails) by extension 'colcon_pkg'
[0.241s] Level 1:colcon.colcon_core.package_identification:_identify(space_robotics_gz_envs/assets/cache/lunar_rock10/thumbnails) by extensions ['colcon_meta']
[0.241s] Level 1:colcon.colcon_core.package_identification:_identify(space_robotics_gz_envs/assets/cache/lunar_rock10/thumbnails) by extension 'colcon_meta'
[0.241s] Level 1:colcon.colcon_core.package_identification:_identify(space_robotics_gz_envs/assets/cache/lunar_rock10/thumbnails) by extensions ['ros']
[0.241s] Level 1:colcon.colcon_core.package_identification:_identify(space_robotics_gz_envs/assets/cache/lunar_rock10/thumbnails) by extension 'ros'
[0.241s] Level 1:colcon.colcon_core.package_identification:_identify(space_robotics_gz_envs/assets/cache/lunar_rock10/thumbnails) by extensions ['cmake', 'python']
[0.241s] Level 1:colcon.colcon_core.package_identification:_identify(space_robotics_gz_envs/assets/cache/lunar_rock10/thumbnails) by extension 'cmake'
[0.241s] Level 1:colcon.colcon_core.package_identification:_identify(space_robotics_gz_envs/assets/cache/lunar_rock10/thumbnails) by extension 'python'
[0.241s] Level 1:colcon.colcon_core.package_identification:_identify(space_robotics_gz_envs/assets/cache/lunar_rock10/thumbnails) by extensions ['python_setup_py']
[0.242s] Level 1:colcon.colcon_core.package_identification:_identify(space_robotics_gz_envs/assets/cache/lunar_rock10/thumbnails) by extension 'python_setup_py'
[0.242s] Level 1:colcon.colcon_core.package_identification:_identify(space_robotics_gz_envs/assets/cache/lunar_rock11) by extensions ['ignore', 'ignore_ament_install']
[0.242s] Level 1:colcon.colcon_core.package_identification:_identify(space_robotics_gz_envs/assets/cache/lunar_rock11) by extension 'ignore'
[0.242s] Level 1:colcon.colcon_core.package_identification:_identify(space_robotics_gz_envs/assets/cache/lunar_rock11) by extension 'ignore_ament_install'
[0.242s] Level 1:colcon.colcon_core.package_identification:_identify(space_robotics_gz_envs/assets/cache/lunar_rock11) by extensions ['colcon_pkg']
[0.242s] Level 1:colcon.colcon_core.package_identification:_identify(space_robotics_gz_envs/assets/cache/lunar_rock11) by extension 'colcon_pkg'
[0.242s] Level 1:colcon.colcon_core.package_identification:_identify(space_robotics_gz_envs/assets/cache/lunar_rock11) by extensions ['colcon_meta']
[0.242s] Level 1:colcon.colcon_core.package_identification:_identify(space_robotics_gz_envs/assets/cache/lunar_rock11) by extension 'colcon_meta'
[0.242s] Level 1:colcon.colcon_core.package_identification:_identify(space_robotics_gz_envs/assets/cache/lunar_rock11) by extensions ['ros']
[0.242s] Level 1:colcon.colcon_core.package_identification:_identify(space_robotics_gz_envs/assets/cache/lunar_rock11) by extension 'ros'
[0.242s] Level 1:colcon.colcon_core.package_identification:_identify(space_robotics_gz_envs/assets/cache/lunar_rock11) by extensions ['cmake', 'python']
[0.242s] Level 1:colcon.colcon_core.package_identification:_identify(space_robotics_gz_envs/assets/cache/lunar_rock11) by extension 'cmake'
[0.242s] Level 1:colcon.colcon_core.package_identification:_identify(space_robotics_gz_envs/assets/cache/lunar_rock11) by extension 'python'
[0.242s] Level 1:colcon.colcon_core.package_identification:_identify(space_robotics_gz_envs/assets/cache/lunar_rock11) by extensions ['python_setup_py']
[0.242s] Level 1:colcon.colcon_core.package_identification:_identify(space_robotics_gz_envs/assets/cache/lunar_rock11) by extension 'python_setup_py'
[0.242s] Level 1:colcon.colcon_core.package_identification:_identify(space_robotics_gz_envs/assets/cache/lunar_rock11/meshes) by extensions ['ignore', 'ignore_ament_install']
[0.242s] Level 1:colcon.colcon_core.package_identification:_identify(space_robotics_gz_envs/assets/cache/lunar_rock11/meshes) by extension 'ignore'
[0.242s] Level 1:colcon.colcon_core.package_identification:_identify(space_robotics_gz_envs/assets/cache/lunar_rock11/meshes) by extension 'ignore_ament_install'
[0.243s] Level 1:colcon.colcon_core.package_identification:_identify(space_robotics_gz_envs/assets/cache/lunar_rock11/meshes) by extensions ['colcon_pkg']
[0.243s] Level 1:colcon.colcon_core.package_identification:_identify(space_robotics_gz_envs/assets/cache/lunar_rock11/meshes) by extension 'colcon_pkg'
[0.243s] Level 1:colcon.colcon_core.package_identification:_identify(space_robotics_gz_envs/assets/cache/lunar_rock11/meshes) by extensions ['colcon_meta']
[0.243s] Level 1:colcon.colcon_core.package_identification:_identify(space_robotics_gz_envs/assets/cache/lunar_rock11/meshes) by extension 'colcon_meta'
[0.243s] Level 1:colcon.colcon_core.package_identification:_identify(space_robotics_gz_envs/assets/cache/lunar_rock11/meshes) by extensions ['ros']
[0.243s] Level 1:colcon.colcon_core.package_identification:_identify(space_robotics_gz_envs/assets/cache/lunar_rock11/meshes) by extension 'ros'
[0.243s] Level 1:colcon.colcon_core.package_identification:_identify(space_robotics_gz_envs/assets/cache/lunar_rock11/meshes) by extensions ['cmake', 'python']
[0.243s] Level 1:colcon.colcon_core.package_identification:_identify(space_robotics_gz_envs/assets/cache/lunar_rock11/meshes) by extension 'cmake'
[0.243s] Level 1:colcon.colcon_core.package_identification:_identify(space_robotics_gz_envs/assets/cache/lunar_rock11/meshes) by extension 'python'
[0.243s] Level 1:colcon.colcon_core.package_identification:_identify(space_robotics_gz_envs/assets/cache/lunar_rock11/meshes) by extensions ['python_setup_py']
[0.243s] Level 1:colcon.colcon_core.package_identification:_identify(space_robotics_gz_envs/assets/cache/lunar_rock11/meshes) by extension 'python_setup_py'
[0.243s] Level 1:colcon.colcon_core.package_identification:_identify(space_robotics_gz_envs/assets/cache/lunar_rock11/thumbnails) by extensions ['ignore', 'ignore_ament_install']
[0.243s] Level 1:colcon.colcon_core.package_identification:_identify(space_robotics_gz_envs/assets/cache/lunar_rock11/thumbnails) by extension 'ignore'
[0.243s] Level 1:colcon.colcon_core.package_identification:_identify(space_robotics_gz_envs/assets/cache/lunar_rock11/thumbnails) by extension 'ignore_ament_install'
[0.243s] Level 1:colcon.colcon_core.package_identification:_identify(space_robotics_gz_envs/assets/cache/lunar_rock11/thumbnails) by extensions ['colcon_pkg']
[0.243s] Level 1:colcon.colcon_core.package_identification:_identify(space_robotics_gz_envs/assets/cache/lunar_rock11/thumbnails) by extension 'colcon_pkg'
[0.243s] Level 1:colcon.colcon_core.package_identification:_identify(space_robotics_gz_envs/assets/cache/lunar_rock11/thumbnails) by extensions ['colcon_meta']
[0.243s] Level 1:colcon.colcon_core.package_identification:_identify(space_robotics_gz_envs/assets/cache/lunar_rock11/thumbnails) by extension 'colcon_meta'
[0.243s] Level 1:colcon.colcon_core.package_identification:_identify(space_robotics_gz_envs/assets/cache/lunar_rock11/thumbnails) by extensions ['ros']
[0.243s] Level 1:colcon.colcon_core.package_identification:_identify(space_robotics_gz_envs/assets/cache/lunar_rock11/thumbnails) by extension 'ros'
[0.243s] Level 1:colcon.colcon_core.package_identification:_identify(space_robotics_gz_envs/assets/cache/lunar_rock11/thumbnails) by extensions ['cmake', 'python']
[0.243s] Level 1:colcon.colcon_core.package_identification:_identify(space_robotics_gz_envs/assets/cache/lunar_rock11/thumbnails) by extension 'cmake'
[0.243s] Level 1:colcon.colcon_core.package_identification:_identify(space_robotics_gz_envs/assets/cache/lunar_rock11/thumbnails) by extension 'python'
[0.243s] Level 1:colcon.colcon_core.package_identification:_identify(space_robotics_gz_envs/assets/cache/lunar_rock11/thumbnails) by extensions ['python_setup_py']
[0.244s] Level 1:colcon.colcon_core.package_identification:_identify(space_robotics_gz_envs/assets/cache/lunar_rock11/thumbnails) by extension 'python_setup_py'
[0.244s] Level 1:colcon.colcon_core.package_identification:_identify(space_robotics_gz_envs/assets/cache/lunar_rock12) by extensions ['ignore', 'ignore_ament_install']
[0.244s] Level 1:colcon.colcon_core.package_identification:_identify(space_robotics_gz_envs/assets/cache/lunar_rock12) by extension 'ignore'
[0.244s] Level 1:colcon.colcon_core.package_identification:_identify(space_robotics_gz_envs/assets/cache/lunar_rock12) by extension 'ignore_ament_install'
[0.244s] Level 1:colcon.colcon_core.package_identification:_identify(space_robotics_gz_envs/assets/cache/lunar_rock12) by extensions ['colcon_pkg']
[0.244s] Level 1:colcon.colcon_core.package_identification:_identify(space_robotics_gz_envs/assets/cache/lunar_rock12) by extension 'colcon_pkg'
[0.244s] Level 1:colcon.colcon_core.package_identification:_identify(space_robotics_gz_envs/assets/cache/lunar_rock12) by extensions ['colcon_meta']
[0.244s] Level 1:colcon.colcon_core.package_identification:_identify(space_robotics_gz_envs/assets/cache/lunar_rock12) by extension 'colcon_meta'
[0.244s] Level 1:colcon.colcon_core.package_identification:_identify(space_robotics_gz_envs/assets/cache/lunar_rock12) by extensions ['ros']
[0.244s] Level 1:colcon.colcon_core.package_identification:_identify(space_robotics_gz_envs/assets/cache/lunar_rock12) by extension 'ros'
[0.244s] Level 1:colcon.colcon_core.package_identification:_identify(space_robotics_gz_envs/assets/cache/lunar_rock12) by extensions ['cmake', 'python']
[0.244s] Level 1:colcon.colcon_core.package_identification:_identify(space_robotics_gz_envs/assets/cache/lunar_rock12) by extension 'cmake'
[0.244s] Level 1:colcon.colcon_core.package_identification:_identify(space_robotics_gz_envs/assets/cache/lunar_rock12) by extension 'python'
[0.244s] Level 1:colcon.colcon_core.package_identification:_identify(space_robotics_gz_envs/assets/cache/lunar_rock12) by extensions ['python_setup_py']
[0.244s] Level 1:colcon.colcon_core.package_identification:_identify(space_robotics_gz_envs/assets/cache/lunar_rock12) by extension 'python_setup_py'
[0.244s] Level 1:colcon.colcon_core.package_identification:_identify(space_robotics_gz_envs/assets/cache/lunar_rock12/meshes) by extensions ['ignore', 'ignore_ament_install']
[0.244s] Level 1:colcon.colcon_core.package_identification:_identify(space_robotics_gz_envs/assets/cache/lunar_rock12/meshes) by extension 'ignore'
[0.244s] Level 1:colcon.colcon_core.package_identification:_identify(space_robotics_gz_envs/assets/cache/lunar_rock12/meshes) by extension 'ignore_ament_install'
[0.244s] Level 1:colcon.colcon_core.package_identification:_identify(space_robotics_gz_envs/assets/cache/lunar_rock12/meshes) by extensions ['colcon_pkg']
[0.244s] Level 1:colcon.colcon_core.package_identification:_identify(space_robotics_gz_envs/assets/cache/lunar_rock12/meshes) by extension 'colcon_pkg'
[0.244s] Level 1:colcon.colcon_core.package_identification:_identify(space_robotics_gz_envs/assets/cache/lunar_rock12/meshes) by extensions ['colcon_meta']
[0.244s] Level 1:colcon.colcon_core.package_identification:_identify(space_robotics_gz_envs/assets/cache/lunar_rock12/meshes) by extension 'colcon_meta'
[0.244s] Level 1:colcon.colcon_core.package_identification:_identify(space_robotics_gz_envs/assets/cache/lunar_rock12/meshes) by extensions ['ros']
[0.244s] Level 1:colcon.colcon_core.package_identification:_identify(space_robotics_gz_envs/assets/cache/lunar_rock12/meshes) by extension 'ros'
[0.244s] Level 1:colcon.colcon_core.package_identification:_identify(space_robotics_gz_envs/assets/cache/lunar_rock12/meshes) by extensions ['cmake', 'python']
[0.244s] Level 1:colcon.colcon_core.package_identification:_identify(space_robotics_gz_envs/assets/cache/lunar_rock12/meshes) by extension 'cmake'
[0.244s] Level 1:colcon.colcon_core.package_identification:_identify(space_robotics_gz_envs/assets/cache/lunar_rock12/meshes) by extension 'python'
[0.245s] Level 1:colcon.colcon_core.package_identification:_identify(space_robotics_gz_envs/assets/cache/lunar_rock12/meshes) by extensions ['python_setup_py']
[0.245s] Level 1:colcon.colcon_core.package_identification:_identify(space_robotics_gz_envs/assets/cache/lunar_rock12/meshes) by extension 'python_setup_py'
[0.245s] Level 1:colcon.colcon_core.package_identification:_identify(space_robotics_gz_envs/assets/cache/lunar_rock12/thumbnails) by extensions ['ignore', 'ignore_ament_install']
[0.245s] Level 1:colcon.colcon_core.package_identification:_identify(space_robotics_gz_envs/assets/cache/lunar_rock12/thumbnails) by extension 'ignore'
[0.245s] Level 1:colcon.colcon_core.package_identification:_identify(space_robotics_gz_envs/assets/cache/lunar_rock12/thumbnails) by extension 'ignore_ament_install'
[0.245s] Level 1:colcon.colcon_core.package_identification:_identify(space_robotics_gz_envs/assets/cache/lunar_rock12/thumbnails) by extensions ['colcon_pkg']
[0.245s] Level 1:colcon.colcon_core.package_identification:_identify(space_robotics_gz_envs/assets/cache/lunar_rock12/thumbnails) by extension 'colcon_pkg'
[0.245s] Level 1:colcon.colcon_core.package_identification:_identify(space_robotics_gz_envs/assets/cache/lunar_rock12/thumbnails) by extensions ['colcon_meta']
[0.245s] Level 1:colcon.colcon_core.package_identification:_identify(space_robotics_gz_envs/assets/cache/lunar_rock12/thumbnails) by extension 'colcon_meta'
[0.245s] Level 1:colcon.colcon_core.package_identification:_identify(space_robotics_gz_envs/assets/cache/lunar_rock12/thumbnails) by extensions ['ros']
[0.245s] Level 1:colcon.colcon_core.package_identification:_identify(space_robotics_gz_envs/assets/cache/lunar_rock12/thumbnails) by extension 'ros'
[0.245s] Level 1:colcon.colcon_core.package_identification:_identify(space_robotics_gz_envs/assets/cache/lunar_rock12/thumbnails) by extensions ['cmake', 'python']
[0.245s] Level 1:colcon.colcon_core.package_identification:_identify(space_robotics_gz_envs/assets/cache/lunar_rock12/thumbnails) by extension 'cmake'
[0.245s] Level 1:colcon.colcon_core.package_identification:_identify(space_robotics_gz_envs/assets/cache/lunar_rock12/thumbnails) by extension 'python'
[0.245s] Level 1:colcon.colcon_core.package_identification:_identify(space_robotics_gz_envs/assets/cache/lunar_rock12/thumbnails) by extensions ['python_setup_py']
[0.245s] Level 1:colcon.colcon_core.package_identification:_identify(space_robotics_gz_envs/assets/cache/lunar_rock12/thumbnails) by extension 'python_setup_py'
[0.245s] Level 1:colcon.colcon_core.package_identification:_identify(space_robotics_gz_envs/assets/cache/lunar_rock13) by extensions ['ignore', 'ignore_ament_install']
[0.245s] Level 1:colcon.colcon_core.package_identification:_identify(space_robotics_gz_envs/assets/cache/lunar_rock13) by extension 'ignore'
[0.245s] Level 1:colcon.colcon_core.package_identification:_identify(space_robotics_gz_envs/assets/cache/lunar_rock13) by extension 'ignore_ament_install'
[0.245s] Level 1:colcon.colcon_core.package_identification:_identify(space_robotics_gz_envs/assets/cache/lunar_rock13) by extensions ['colcon_pkg']
[0.245s] Level 1:colcon.colcon_core.package_identification:_identify(space_robotics_gz_envs/assets/cache/lunar_rock13) by extension 'colcon_pkg'
[0.245s] Level 1:colcon.colcon_core.package_identification:_identify(space_robotics_gz_envs/assets/cache/lunar_rock13) by extensions ['colcon_meta']
[0.245s] Level 1:colcon.colcon_core.package_identification:_identify(space_robotics_gz_envs/assets/cache/lunar_rock13) by extension 'colcon_meta'
[0.245s] Level 1:colcon.colcon_core.package_identification:_identify(space_robotics_gz_envs/assets/cache/lunar_rock13) by extensions ['ros']
[0.245s] Level 1:colcon.colcon_core.package_identification:_identify(space_robotics_gz_envs/assets/cache/lunar_rock13) by extension 'ros'
[0.245s] Level 1:colcon.colcon_core.package_identification:_identify(space_robotics_gz_envs/assets/cache/lunar_rock13) by extensions ['cmake', 'python']
[0.246s] Level 1:colcon.colcon_core.package_identification:_identify(space_robotics_gz_envs/assets/cache/lunar_rock13) by extension 'cmake'
[0.246s] Level 1:colcon.colcon_core.package_identification:_identify(space_robotics_gz_envs/assets/cache/lunar_rock13) by extension 'python'
[0.246s] Level 1:colcon.colcon_core.package_identification:_identify(space_robotics_gz_envs/assets/cache/lunar_rock13) by extensions ['python_setup_py']
[0.246s] Level 1:colcon.colcon_core.package_identification:_identify(space_robotics_gz_envs/assets/cache/lunar_rock13) by extension 'python_setup_py'
[0.246s] Level 1:colcon.colcon_core.package_identification:_identify(space_robotics_gz_envs/assets/cache/lunar_rock13/meshes) by extensions ['ignore', 'ignore_ament_install']
[0.246s] Level 1:colcon.colcon_core.package_identification:_identify(space_robotics_gz_envs/assets/cache/lunar_rock13/meshes) by extension 'ignore'
[0.246s] Level 1:colcon.colcon_core.package_identification:_identify(space_robotics_gz_envs/assets/cache/lunar_rock13/meshes) by extension 'ignore_ament_install'
[0.246s] Level 1:colcon.colcon_core.package_identification:_identify(space_robotics_gz_envs/assets/cache/lunar_rock13/meshes) by extensions ['colcon_pkg']
[0.246s] Level 1:colcon.colcon_core.package_identification:_identify(space_robotics_gz_envs/assets/cache/lunar_rock13/meshes) by extension 'colcon_pkg'
[0.246s] Level 1:colcon.colcon_core.package_identification:_identify(space_robotics_gz_envs/assets/cache/lunar_rock13/meshes) by extensions ['colcon_meta']
[0.246s] Level 1:colcon.colcon_core.package_identification:_identify(space_robotics_gz_envs/assets/cache/lunar_rock13/meshes) by extension 'colcon_meta'
[0.246s] Level 1:colcon.colcon_core.package_identification:_identify(space_robotics_gz_envs/assets/cache/lunar_rock13/meshes) by extensions ['ros']
[0.246s] Level 1:colcon.colcon_core.package_identification:_identify(space_robotics_gz_envs/assets/cache/lunar_rock13/meshes) by extension 'ros'
[0.246s] Level 1:colcon.colcon_core.package_identification:_identify(space_robotics_gz_envs/assets/cache/lunar_rock13/meshes) by extensions ['cmake', 'python']
[0.246s] Level 1:colcon.colcon_core.package_identification:_identify(space_robotics_gz_envs/assets/cache/lunar_rock13/meshes) by extension 'cmake'
[0.246s] Level 1:colcon.colcon_core.package_identification:_identify(space_robotics_gz_envs/assets/cache/lunar_rock13/meshes) by extension 'python'
[0.246s] Level 1:colcon.colcon_core.package_identification:_identify(space_robotics_gz_envs/assets/cache/lunar_rock13/meshes) by extensions ['python_setup_py']
[0.246s] Level 1:colcon.colcon_core.package_identification:_identify(space_robotics_gz_envs/assets/cache/lunar_rock13/meshes) by extension 'python_setup_py'
[0.246s] Level 1:colcon.colcon_core.package_identification:_identify(space_robotics_gz_envs/assets/cache/lunar_rock13/thumbnails) by extensions ['ignore', 'ignore_ament_install']
[0.246s] Level 1:colcon.colcon_core.package_identification:_identify(space_robotics_gz_envs/assets/cache/lunar_rock13/thumbnails) by extension 'ignore'
[0.246s] Level 1:colcon.colcon_core.package_identification:_identify(space_robotics_gz_envs/assets/cache/lunar_rock13/thumbnails) by extension 'ignore_ament_install'
[0.247s] Level 1:colcon.colcon_core.package_identification:_identify(space_robotics_gz_envs/assets/cache/lunar_rock13/thumbnails) by extensions ['colcon_pkg']
[0.247s] Level 1:colcon.colcon_core.package_identification:_identify(space_robotics_gz_envs/assets/cache/lunar_rock13/thumbnails) by extension 'colcon_pkg'
[0.247s] Level 1:colcon.colcon_core.package_identification:_identify(space_robotics_gz_envs/assets/cache/lunar_rock13/thumbnails) by extensions ['colcon_meta']
[0.247s] Level 1:colcon.colcon_core.package_identification:_identify(space_robotics_gz_envs/assets/cache/lunar_rock13/thumbnails) by extension 'colcon_meta'
[0.247s] Level 1:colcon.colcon_core.package_identification:_identify(space_robotics_gz_envs/assets/cache/lunar_rock13/thumbnails) by extensions ['ros']
[0.247s] Level 1:colcon.colcon_core.package_identification:_identify(space_robotics_gz_envs/assets/cache/lunar_rock13/thumbnails) by extension 'ros'
[0.247s] Level 1:colcon.colcon_core.package_identification:_identify(space_robotics_gz_envs/assets/cache/lunar_rock13/thumbnails) by extensions ['cmake', 'python']
[0.247s] Level 1:colcon.colcon_core.package_identification:_identify(space_robotics_gz_envs/assets/cache/lunar_rock13/thumbnails) by extension 'cmake'
[0.247s] Level 1:colcon.colcon_core.package_identification:_identify(space_robotics_gz_envs/assets/cache/lunar_rock13/thumbnails) by extension 'python'
[0.247s] Level 1:colcon.colcon_core.package_identification:_identify(space_robotics_gz_envs/assets/cache/lunar_rock13/thumbnails) by extensions ['python_setup_py']
[0.247s] Level 1:colcon.colcon_core.package_identification:_identify(space_robotics_gz_envs/assets/cache/lunar_rock13/thumbnails) by extension 'python_setup_py'
[0.247s] Level 1:colcon.colcon_core.package_identification:_identify(space_robotics_gz_envs/assets/cache/lunar_rock14) by extensions ['ignore', 'ignore_ament_install']
[0.247s] Level 1:colcon.colcon_core.package_identification:_identify(space_robotics_gz_envs/assets/cache/lunar_rock14) by extension 'ignore'
[0.247s] Level 1:colcon.colcon_core.package_identification:_identify(space_robotics_gz_envs/assets/cache/lunar_rock14) by extension 'ignore_ament_install'
[0.247s] Level 1:colcon.colcon_core.package_identification:_identify(space_robotics_gz_envs/assets/cache/lunar_rock14) by extensions ['colcon_pkg']
[0.247s] Level 1:colcon.colcon_core.package_identification:_identify(space_robotics_gz_envs/assets/cache/lunar_rock14) by extension 'colcon_pkg'
[0.247s] Level 1:colcon.colcon_core.package_identification:_identify(space_robotics_gz_envs/assets/cache/lunar_rock14) by extensions ['colcon_meta']
[0.247s] Level 1:colcon.colcon_core.package_identification:_identify(space_robotics_gz_envs/assets/cache/lunar_rock14) by extension 'colcon_meta'
[0.247s] Level 1:colcon.colcon_core.package_identification:_identify(space_robotics_gz_envs/assets/cache/lunar_rock14) by extensions ['ros']
[0.247s] Level 1:colcon.colcon_core.package_identification:_identify(space_robotics_gz_envs/assets/cache/lunar_rock14) by extension 'ros'
[0.247s] Level 1:colcon.colcon_core.package_identification:_identify(space_robotics_gz_envs/assets/cache/lunar_rock14) by extensions ['cmake', 'python']
[0.247s] Level 1:colcon.colcon_core.package_identification:_identify(space_robotics_gz_envs/assets/cache/lunar_rock14) by extension 'cmake'
[0.247s] Level 1:colcon.colcon_core.package_identification:_identify(space_robotics_gz_envs/assets/cache/lunar_rock14) by extension 'python'
[0.247s] Level 1:colcon.colcon_core.package_identification:_identify(space_robotics_gz_envs/assets/cache/lunar_rock14) by extensions ['python_setup_py']
[0.247s] Level 1:colcon.colcon_core.package_identification:_identify(space_robotics_gz_envs/assets/cache/lunar_rock14) by extension 'python_setup_py'
[0.248s] Level 1:colcon.colcon_core.package_identification:_identify(space_robotics_gz_envs/assets/cache/lunar_rock14/meshes) by extensions ['ignore', 'ignore_ament_install']
[0.248s] Level 1:colcon.colcon_core.package_identification:_identify(space_robotics_gz_envs/assets/cache/lunar_rock14/meshes) by extension 'ignore'
[0.248s] Level 1:colcon.colcon_core.package_identification:_identify(space_robotics_gz_envs/assets/cache/lunar_rock14/meshes) by extension 'ignore_ament_install'
[0.248s] Level 1:colcon.colcon_core.package_identification:_identify(space_robotics_gz_envs/assets/cache/lunar_rock14/meshes) by extensions ['colcon_pkg']
[0.248s] Level 1:colcon.colcon_core.package_identification:_identify(space_robotics_gz_envs/assets/cache/lunar_rock14/meshes) by extension 'colcon_pkg'
[0.248s] Level 1:colcon.colcon_core.package_identification:_identify(space_robotics_gz_envs/assets/cache/lunar_rock14/meshes) by extensions ['colcon_meta']
[0.248s] Level 1:colcon.colcon_core.package_identification:_identify(space_robotics_gz_envs/assets/cache/lunar_rock14/meshes) by extension 'colcon_meta'
[0.248s] Level 1:colcon.colcon_core.package_identification:_identify(space_robotics_gz_envs/assets/cache/lunar_rock14/meshes) by extensions ['ros']
[0.248s] Level 1:colcon.colcon_core.package_identification:_identify(space_robotics_gz_envs/assets/cache/lunar_rock14/meshes) by extension 'ros'
[0.248s] Level 1:colcon.colcon_core.package_identification:_identify(space_robotics_gz_envs/assets/cache/lunar_rock14/meshes) by extensions ['cmake', 'python']
[0.248s] Level 1:colcon.colcon_core.package_identification:_identify(space_robotics_gz_envs/assets/cache/lunar_rock14/meshes) by extension 'cmake'
[0.248s] Level 1:colcon.colcon_core.package_identification:_identify(space_robotics_gz_envs/assets/cache/lunar_rock14/meshes) by extension 'python'
[0.248s] Level 1:colcon.colcon_core.package_identification:_identify(space_robotics_gz_envs/assets/cache/lunar_rock14/meshes) by extensions ['python_setup_py']
[0.248s] Level 1:colcon.colcon_core.package_identification:_identify(space_robotics_gz_envs/assets/cache/lunar_rock14/meshes) by extension 'python_setup_py'
[0.248s] Level 1:colcon.colcon_core.package_identification:_identify(space_robotics_gz_envs/assets/cache/lunar_rock14/thumbnails) by extensions ['ignore', 'ignore_ament_install']
[0.248s] Level 1:colcon.colcon_core.package_identification:_identify(space_robotics_gz_envs/assets/cache/lunar_rock14/thumbnails) by extension 'ignore'
[0.248s] Level 1:colcon.colcon_core.package_identification:_identify(space_robotics_gz_envs/assets/cache/lunar_rock14/thumbnails) by extension 'ignore_ament_install'
[0.248s] Level 1:colcon.colcon_core.package_identification:_identify(space_robotics_gz_envs/assets/cache/lunar_rock14/thumbnails) by extensions ['colcon_pkg']
[0.248s] Level 1:colcon.colcon_core.package_identification:_identify(space_robotics_gz_envs/assets/cache/lunar_rock14/thumbnails) by extension 'colcon_pkg'
[0.248s] Level 1:colcon.colcon_core.package_identification:_identify(space_robotics_gz_envs/assets/cache/lunar_rock14/thumbnails) by extensions ['colcon_meta']
[0.248s] Level 1:colcon.colcon_core.package_identification:_identify(space_robotics_gz_envs/assets/cache/lunar_rock14/thumbnails) by extension 'colcon_meta'
[0.248s] Level 1:colcon.colcon_core.package_identification:_identify(space_robotics_gz_envs/assets/cache/lunar_rock14/thumbnails) by extensions ['ros']
[0.249s] Level 1:colcon.colcon_core.package_identification:_identify(space_robotics_gz_envs/assets/cache/lunar_rock14/thumbnails) by extension 'ros'
[0.249s] Level 1:colcon.colcon_core.package_identification:_identify(space_robotics_gz_envs/assets/cache/lunar_rock14/thumbnails) by extensions ['cmake', 'python']
[0.249s] Level 1:colcon.colcon_core.package_identification:_identify(space_robotics_gz_envs/assets/cache/lunar_rock14/thumbnails) by extension 'cmake'
[0.249s] Level 1:colcon.colcon_core.package_identification:_identify(space_robotics_gz_envs/assets/cache/lunar_rock14/thumbnails) by extension 'python'
[0.249s] Level 1:colcon.colcon_core.package_identification:_identify(space_robotics_gz_envs/assets/cache/lunar_rock14/thumbnails) by extensions ['python_setup_py']
[0.249s] Level 1:colcon.colcon_core.package_identification:_identify(space_robotics_gz_envs/assets/cache/lunar_rock14/thumbnails) by extension 'python_setup_py'
[0.249s] Level 1:colcon.colcon_core.package_identification:_identify(space_robotics_gz_envs/assets/cache/lunar_rock15) by extensions ['ignore', 'ignore_ament_install']
[0.249s] Level 1:colcon.colcon_core.package_identification:_identify(space_robotics_gz_envs/assets/cache/lunar_rock15) by extension 'ignore'
[0.249s] Level 1:colcon.colcon_core.package_identification:_identify(space_robotics_gz_envs/assets/cache/lunar_rock15) by extension 'ignore_ament_install'
[0.249s] Level 1:colcon.colcon_core.package_identification:_identify(space_robotics_gz_envs/assets/cache/lunar_rock15) by extensions ['colcon_pkg']
[0.249s] Level 1:colcon.colcon_core.package_identification:_identify(space_robotics_gz_envs/assets/cache/lunar_rock15) by extension 'colcon_pkg'
[0.249s] Level 1:colcon.colcon_core.package_identification:_identify(space_robotics_gz_envs/assets/cache/lunar_rock15) by extensions ['colcon_meta']
[0.249s] Level 1:colcon.colcon_core.package_identification:_identify(space_robotics_gz_envs/assets/cache/lunar_rock15) by extension 'colcon_meta'
[0.249s] Level 1:colcon.colcon_core.package_identification:_identify(space_robotics_gz_envs/assets/cache/lunar_rock15) by extensions ['ros']
[0.249s] Level 1:colcon.colcon_core.package_identification:_identify(space_robotics_gz_envs/assets/cache/lunar_rock15) by extension 'ros'
[0.249s] Level 1:colcon.colcon_core.package_identification:_identify(space_robotics_gz_envs/assets/cache/lunar_rock15) by extensions ['cmake', 'python']
[0.249s] Level 1:colcon.colcon_core.package_identification:_identify(space_robotics_gz_envs/assets/cache/lunar_rock15) by extension 'cmake'
[0.249s] Level 1:colcon.colcon_core.package_identification:_identify(space_robotics_gz_envs/assets/cache/lunar_rock15) by extension 'python'
[0.249s] Level 1:colcon.colcon_core.package_identification:_identify(space_robotics_gz_envs/assets/cache/lunar_rock15) by extensions ['python_setup_py']
[0.249s] Level 1:colcon.colcon_core.package_identification:_identify(space_robotics_gz_envs/assets/cache/lunar_rock15) by extension 'python_setup_py'
[0.249s] Level 1:colcon.colcon_core.package_identification:_identify(space_robotics_gz_envs/assets/cache/lunar_rock15/meshes) by extensions ['ignore', 'ignore_ament_install']
[0.249s] Level 1:colcon.colcon_core.package_identification:_identify(space_robotics_gz_envs/assets/cache/lunar_rock15/meshes) by extension 'ignore'
[0.250s] Level 1:colcon.colcon_core.package_identification:_identify(space_robotics_gz_envs/assets/cache/lunar_rock15/meshes) by extension 'ignore_ament_install'
[0.250s] Level 1:colcon.colcon_core.package_identification:_identify(space_robotics_gz_envs/assets/cache/lunar_rock15/meshes) by extensions ['colcon_pkg']
[0.250s] Level 1:colcon.colcon_core.package_identification:_identify(space_robotics_gz_envs/assets/cache/lunar_rock15/meshes) by extension 'colcon_pkg'
[0.250s] Level 1:colcon.colcon_core.package_identification:_identify(space_robotics_gz_envs/assets/cache/lunar_rock15/meshes) by extensions ['colcon_meta']
[0.250s] Level 1:colcon.colcon_core.package_identification:_identify(space_robotics_gz_envs/assets/cache/lunar_rock15/meshes) by extension 'colcon_meta'
[0.250s] Level 1:colcon.colcon_core.package_identification:_identify(space_robotics_gz_envs/assets/cache/lunar_rock15/meshes) by extensions ['ros']
[0.250s] Level 1:colcon.colcon_core.package_identification:_identify(space_robotics_gz_envs/assets/cache/lunar_rock15/meshes) by extension 'ros'
[0.250s] Level 1:colcon.colcon_core.package_identification:_identify(space_robotics_gz_envs/assets/cache/lunar_rock15/meshes) by extensions ['cmake', 'python']
[0.250s] Level 1:colcon.colcon_core.package_identification:_identify(space_robotics_gz_envs/assets/cache/lunar_rock15/meshes) by extension 'cmake'
[0.250s] Level 1:colcon.colcon_core.package_identification:_identify(space_robotics_gz_envs/assets/cache/lunar_rock15/meshes) by extension 'python'
[0.250s] Level 1:colcon.colcon_core.package_identification:_identify(space_robotics_gz_envs/assets/cache/lunar_rock15/meshes) by extensions ['python_setup_py']
[0.250s] Level 1:colcon.colcon_core.package_identification:_identify(space_robotics_gz_envs/assets/cache/lunar_rock15/meshes) by extension 'python_setup_py'
[0.250s] Level 1:colcon.colcon_core.package_identification:_identify(space_robotics_gz_envs/assets/cache/lunar_rock15/thumbnails) by extensions ['ignore', 'ignore_ament_install']
[0.250s] Level 1:colcon.colcon_core.package_identification:_identify(space_robotics_gz_envs/assets/cache/lunar_rock15/thumbnails) by extension 'ignore'
[0.250s] Level 1:colcon.colcon_core.package_identification:_identify(space_robotics_gz_envs/assets/cache/lunar_rock15/thumbnails) by extension 'ignore_ament_install'
[0.250s] Level 1:colcon.colcon_core.package_identification:_identify(space_robotics_gz_envs/assets/cache/lunar_rock15/thumbnails) by extensions ['colcon_pkg']
[0.250s] Level 1:colcon.colcon_core.package_identification:_identify(space_robotics_gz_envs/assets/cache/lunar_rock15/thumbnails) by extension 'colcon_pkg'
[0.250s] Level 1:colcon.colcon_core.package_identification:_identify(space_robotics_gz_envs/assets/cache/lunar_rock15/thumbnails) by extensions ['colcon_meta']
[0.250s] Level 1:colcon.colcon_core.package_identification:_identify(space_robotics_gz_envs/assets/cache/lunar_rock15/thumbnails) by extension 'colcon_meta'
[0.250s] Level 1:colcon.colcon_core.package_identification:_identify(space_robotics_gz_envs/assets/cache/lunar_rock15/thumbnails) by extensions ['ros']
[0.250s] Level 1:colcon.colcon_core.package_identification:_identify(space_robotics_gz_envs/assets/cache/lunar_rock15/thumbnails) by extension 'ros'
[0.250s] Level 1:colcon.colcon_core.package_identification:_identify(space_robotics_gz_envs/assets/cache/lunar_rock15/thumbnails) by extensions ['cmake', 'python']
[0.250s] Level 1:colcon.colcon_core.package_identification:_identify(space_robotics_gz_envs/assets/cache/lunar_rock15/thumbnails) by extension 'cmake'
[0.251s] Level 1:colcon.colcon_core.package_identification:_identify(space_robotics_gz_envs/assets/cache/lunar_rock15/thumbnails) by extension 'python'
[0.251s] Level 1:colcon.colcon_core.package_identification:_identify(space_robotics_gz_envs/assets/cache/lunar_rock15/thumbnails) by extensions ['python_setup_py']
[0.251s] Level 1:colcon.colcon_core.package_identification:_identify(space_robotics_gz_envs/assets/cache/lunar_rock15/thumbnails) by extension 'python_setup_py'
[0.251s] Level 1:colcon.colcon_core.package_identification:_identify(space_robotics_gz_envs/assets/cache/lunar_rock2) by extensions ['ignore', 'ignore_ament_install']
[0.251s] Level 1:colcon.colcon_core.package_identification:_identify(space_robotics_gz_envs/assets/cache/lunar_rock2) by extension 'ignore'
[0.251s] Level 1:colcon.colcon_core.package_identification:_identify(space_robotics_gz_envs/assets/cache/lunar_rock2) by extension 'ignore_ament_install'
[0.251s] Level 1:colcon.colcon_core.package_identification:_identify(space_robotics_gz_envs/assets/cache/lunar_rock2) by extensions ['colcon_pkg']
[0.251s] Level 1:colcon.colcon_core.package_identification:_identify(space_robotics_gz_envs/assets/cache/lunar_rock2) by extension 'colcon_pkg'
[0.251s] Level 1:colcon.colcon_core.package_identification:_identify(space_robotics_gz_envs/assets/cache/lunar_rock2) by extensions ['colcon_meta']
[0.251s] Level 1:colcon.colcon_core.package_identification:_identify(space_robotics_gz_envs/assets/cache/lunar_rock2) by extension 'colcon_meta'
[0.251s] Level 1:colcon.colcon_core.package_identification:_identify(space_robotics_gz_envs/assets/cache/lunar_rock2) by extensions ['ros']
[0.251s] Level 1:colcon.colcon_core.package_identification:_identify(space_robotics_gz_envs/assets/cache/lunar_rock2) by extension 'ros'
[0.251s] Level 1:colcon.colcon_core.package_identification:_identify(space_robotics_gz_envs/assets/cache/lunar_rock2) by extensions ['cmake', 'python']
[0.251s] Level 1:colcon.colcon_core.package_identification:_identify(space_robotics_gz_envs/assets/cache/lunar_rock2) by extension 'cmake'
[0.251s] Level 1:colcon.colcon_core.package_identification:_identify(space_robotics_gz_envs/assets/cache/lunar_rock2) by extension 'python'
[0.251s] Level 1:colcon.colcon_core.package_identification:_identify(space_robotics_gz_envs/assets/cache/lunar_rock2) by extensions ['python_setup_py']
[0.251s] Level 1:colcon.colcon_core.package_identification:_identify(space_robotics_gz_envs/assets/cache/lunar_rock2) by extension 'python_setup_py'
[0.251s] Level 1:colcon.colcon_core.package_identification:_identify(space_robotics_gz_envs/assets/cache/lunar_rock2/meshes) by extensions ['ignore', 'ignore_ament_install']
[0.251s] Level 1:colcon.colcon_core.package_identification:_identify(space_robotics_gz_envs/assets/cache/lunar_rock2/meshes) by extension 'ignore'
[0.251s] Level 1:colcon.colcon_core.package_identification:_identify(space_robotics_gz_envs/assets/cache/lunar_rock2/meshes) by extension 'ignore_ament_install'
[0.251s] Level 1:colcon.colcon_core.package_identification:_identify(space_robotics_gz_envs/assets/cache/lunar_rock2/meshes) by extensions ['colcon_pkg']
[0.251s] Level 1:colcon.colcon_core.package_identification:_identify(space_robotics_gz_envs/assets/cache/lunar_rock2/meshes) by extension 'colcon_pkg'
[0.251s] Level 1:colcon.colcon_core.package_identification:_identify(space_robotics_gz_envs/assets/cache/lunar_rock2/meshes) by extensions ['colcon_meta']
[0.252s] Level 1:colcon.colcon_core.package_identification:_identify(space_robotics_gz_envs/assets/cache/lunar_rock2/meshes) by extension 'colcon_meta'
[0.252s] Level 1:colcon.colcon_core.package_identification:_identify(space_robotics_gz_envs/assets/cache/lunar_rock2/meshes) by extensions ['ros']
[0.252s] Level 1:colcon.colcon_core.package_identification:_identify(space_robotics_gz_envs/assets/cache/lunar_rock2/meshes) by extension 'ros'
[0.252s] Level 1:colcon.colcon_core.package_identification:_identify(space_robotics_gz_envs/assets/cache/lunar_rock2/meshes) by extensions ['cmake', 'python']
[0.252s] Level 1:colcon.colcon_core.package_identification:_identify(space_robotics_gz_envs/assets/cache/lunar_rock2/meshes) by extension 'cmake'
[0.252s] Level 1:colcon.colcon_core.package_identification:_identify(space_robotics_gz_envs/assets/cache/lunar_rock2/meshes) by extension 'python'
[0.252s] Level 1:colcon.colcon_core.package_identification:_identify(space_robotics_gz_envs/assets/cache/lunar_rock2/meshes) by extensions ['python_setup_py']
[0.252s] Level 1:colcon.colcon_core.package_identification:_identify(space_robotics_gz_envs/assets/cache/lunar_rock2/meshes) by extension 'python_setup_py'
[0.252s] Level 1:colcon.colcon_core.package_identification:_identify(space_robotics_gz_envs/assets/cache/lunar_rock2/thumbnails) by extensions ['ignore', 'ignore_ament_install']
[0.252s] Level 1:colcon.colcon_core.package_identification:_identify(space_robotics_gz_envs/assets/cache/lunar_rock2/thumbnails) by extension 'ignore'
[0.252s] Level 1:colcon.colcon_core.package_identification:_identify(space_robotics_gz_envs/assets/cache/lunar_rock2/thumbnails) by extension 'ignore_ament_install'
[0.252s] Level 1:colcon.colcon_core.package_identification:_identify(space_robotics_gz_envs/assets/cache/lunar_rock2/thumbnails) by extensions ['colcon_pkg']
[0.252s] Level 1:colcon.colcon_core.package_identification:_identify(space_robotics_gz_envs/assets/cache/lunar_rock2/thumbnails) by extension 'colcon_pkg'
[0.252s] Level 1:colcon.colcon_core.package_identification:_identify(space_robotics_gz_envs/assets/cache/lunar_rock2/thumbnails) by extensions ['colcon_meta']
[0.252s] Level 1:colcon.colcon_core.package_identification:_identify(space_robotics_gz_envs/assets/cache/lunar_rock2/thumbnails) by extension 'colcon_meta'
[0.252s] Level 1:colcon.colcon_core.package_identification:_identify(space_robotics_gz_envs/assets/cache/lunar_rock2/thumbnails) by extensions ['ros']
[0.252s] Level 1:colcon.colcon_core.package_identification:_identify(space_robotics_gz_envs/assets/cache/lunar_rock2/thumbnails) by extension 'ros'
[0.252s] Level 1:colcon.colcon_core.package_identification:_identify(space_robotics_gz_envs/assets/cache/lunar_rock2/thumbnails) by extensions ['cmake', 'python']
[0.252s] Level 1:colcon.colcon_core.package_identification:_identify(space_robotics_gz_envs/assets/cache/lunar_rock2/thumbnails) by extension 'cmake'
[0.252s] Level 1:colcon.colcon_core.package_identification:_identify(space_robotics_gz_envs/assets/cache/lunar_rock2/thumbnails) by extension 'python'
[0.252s] Level 1:colcon.colcon_core.package_identification:_identify(space_robotics_gz_envs/assets/cache/lunar_rock2/thumbnails) by extensions ['python_setup_py']
[0.252s] Level 1:colcon.colcon_core.package_identification:_identify(space_robotics_gz_envs/assets/cache/lunar_rock2/thumbnails) by extension 'python_setup_py'
[0.252s] Level 1:colcon.colcon_core.package_identification:_identify(space_robotics_gz_envs/assets/cache/lunar_rock3) by extensions ['ignore', 'ignore_ament_install']
[0.253s] Level 1:colcon.colcon_core.package_identification:_identify(space_robotics_gz_envs/assets/cache/lunar_rock3) by extension 'ignore'
[0.253s] Level 1:colcon.colcon_core.package_identification:_identify(space_robotics_gz_envs/assets/cache/lunar_rock3) by extension 'ignore_ament_install'
[0.253s] Level 1:colcon.colcon_core.package_identification:_identify(space_robotics_gz_envs/assets/cache/lunar_rock3) by extensions ['colcon_pkg']
[0.253s] Level 1:colcon.colcon_core.package_identification:_identify(space_robotics_gz_envs/assets/cache/lunar_rock3) by extension 'colcon_pkg'
[0.253s] Level 1:colcon.colcon_core.package_identification:_identify(space_robotics_gz_envs/assets/cache/lunar_rock3) by extensions ['colcon_meta']
[0.253s] Level 1:colcon.colcon_core.package_identification:_identify(space_robotics_gz_envs/assets/cache/lunar_rock3) by extension 'colcon_meta'
[0.253s] Level 1:colcon.colcon_core.package_identification:_identify(space_robotics_gz_envs/assets/cache/lunar_rock3) by extensions ['ros']
[0.253s] Level 1:colcon.colcon_core.package_identification:_identify(space_robotics_gz_envs/assets/cache/lunar_rock3) by extension 'ros'
[0.253s] Level 1:colcon.colcon_core.package_identification:_identify(space_robotics_gz_envs/assets/cache/lunar_rock3) by extensions ['cmake', 'python']
[0.253s] Level 1:colcon.colcon_core.package_identification:_identify(space_robotics_gz_envs/assets/cache/lunar_rock3) by extension 'cmake'
[0.253s] Level 1:colcon.colcon_core.package_identification:_identify(space_robotics_gz_envs/assets/cache/lunar_rock3) by extension 'python'
[0.253s] Level 1:colcon.colcon_core.package_identification:_identify(space_robotics_gz_envs/assets/cache/lunar_rock3) by extensions ['python_setup_py']
[0.253s] Level 1:colcon.colcon_core.package_identification:_identify(space_robotics_gz_envs/assets/cache/lunar_rock3) by extension 'python_setup_py'
[0.253s] Level 1:colcon.colcon_core.package_identification:_identify(space_robotics_gz_envs/assets/cache/lunar_rock3/meshes) by extensions ['ignore', 'ignore_ament_install']
[0.253s] Level 1:colcon.colcon_core.package_identification:_identify(space_robotics_gz_envs/assets/cache/lunar_rock3/meshes) by extension 'ignore'
[0.253s] Level 1:colcon.colcon_core.package_identification:_identify(space_robotics_gz_envs/assets/cache/lunar_rock3/meshes) by extension 'ignore_ament_install'
[0.253s] Level 1:colcon.colcon_core.package_identification:_identify(space_robotics_gz_envs/assets/cache/lunar_rock3/meshes) by extensions ['colcon_pkg']
[0.253s] Level 1:colcon.colcon_core.package_identification:_identify(space_robotics_gz_envs/assets/cache/lunar_rock3/meshes) by extension 'colcon_pkg'
[0.253s] Level 1:colcon.colcon_core.package_identification:_identify(space_robotics_gz_envs/assets/cache/lunar_rock3/meshes) by extensions ['colcon_meta']
[0.253s] Level 1:colcon.colcon_core.package_identification:_identify(space_robotics_gz_envs/assets/cache/lunar_rock3/meshes) by extension 'colcon_meta'
[0.253s] Level 1:colcon.colcon_core.package_identification:_identify(space_robotics_gz_envs/assets/cache/lunar_rock3/meshes) by extensions ['ros']
[0.253s] Level 1:colcon.colcon_core.package_identification:_identify(space_robotics_gz_envs/assets/cache/lunar_rock3/meshes) by extension 'ros'
[0.253s] Level 1:colcon.colcon_core.package_identification:_identify(space_robotics_gz_envs/assets/cache/lunar_rock3/meshes) by extensions ['cmake', 'python']
[0.253s] Level 1:colcon.colcon_core.package_identification:_identify(space_robotics_gz_envs/assets/cache/lunar_rock3/meshes) by extension 'cmake'
[0.253s] Level 1:colcon.colcon_core.package_identification:_identify(space_robotics_gz_envs/assets/cache/lunar_rock3/meshes) by extension 'python'
[0.253s] Level 1:colcon.colcon_core.package_identification:_identify(space_robotics_gz_envs/assets/cache/lunar_rock3/meshes) by extensions ['python_setup_py']
[0.253s] Level 1:colcon.colcon_core.package_identification:_identify(space_robotics_gz_envs/assets/cache/lunar_rock3/meshes) by extension 'python_setup_py'
[0.253s] Level 1:colcon.colcon_core.package_identification:_identify(space_robotics_gz_envs/assets/cache/lunar_rock3/thumbnails) by extensions ['ignore', 'ignore_ament_install']
[0.254s] Level 1:colcon.colcon_core.package_identification:_identify(space_robotics_gz_envs/assets/cache/lunar_rock3/thumbnails) by extension 'ignore'
[0.254s] Level 1:colcon.colcon_core.package_identification:_identify(space_robotics_gz_envs/assets/cache/lunar_rock3/thumbnails) by extension 'ignore_ament_install'
[0.254s] Level 1:colcon.colcon_core.package_identification:_identify(space_robotics_gz_envs/assets/cache/lunar_rock3/thumbnails) by extensions ['colcon_pkg']
[0.254s] Level 1:colcon.colcon_core.package_identification:_identify(space_robotics_gz_envs/assets/cache/lunar_rock3/thumbnails) by extension 'colcon_pkg'
[0.254s] Level 1:colcon.colcon_core.package_identification:_identify(space_robotics_gz_envs/assets/cache/lunar_rock3/thumbnails) by extensions ['colcon_meta']
[0.254s] Level 1:colcon.colcon_core.package_identification:_identify(space_robotics_gz_envs/assets/cache/lunar_rock3/thumbnails) by extension 'colcon_meta'
[0.254s] Level 1:colcon.colcon_core.package_identification:_identify(space_robotics_gz_envs/assets/cache/lunar_rock3/thumbnails) by extensions ['ros']
[0.254s] Level 1:colcon.colcon_core.package_identification:_identify(space_robotics_gz_envs/assets/cache/lunar_rock3/thumbnails) by extension 'ros'
[0.254s] Level 1:colcon.colcon_core.package_identification:_identify(space_robotics_gz_envs/assets/cache/lunar_rock3/thumbnails) by extensions ['cmake', 'python']
[0.254s] Level 1:colcon.colcon_core.package_identification:_identify(space_robotics_gz_envs/assets/cache/lunar_rock3/thumbnails) by extension 'cmake'
[0.254s] Level 1:colcon.colcon_core.package_identification:_identify(space_robotics_gz_envs/assets/cache/lunar_rock3/thumbnails) by extension 'python'
[0.254s] Level 1:colcon.colcon_core.package_identification:_identify(space_robotics_gz_envs/assets/cache/lunar_rock3/thumbnails) by extensions ['python_setup_py']
[0.254s] Level 1:colcon.colcon_core.package_identification:_identify(space_robotics_gz_envs/assets/cache/lunar_rock3/thumbnails) by extension 'python_setup_py'
[0.254s] Level 1:colcon.colcon_core.package_identification:_identify(space_robotics_gz_envs/assets/cache/lunar_rock4) by extensions ['ignore', 'ignore_ament_install']
[0.254s] Level 1:colcon.colcon_core.package_identification:_identify(space_robotics_gz_envs/assets/cache/lunar_rock4) by extension 'ignore'
[0.254s] Level 1:colcon.colcon_core.package_identification:_identify(space_robotics_gz_envs/assets/cache/lunar_rock4) by extension 'ignore_ament_install'
[0.254s] Level 1:colcon.colcon_core.package_identification:_identify(space_robotics_gz_envs/assets/cache/lunar_rock4) by extensions ['colcon_pkg']
[0.254s] Level 1:colcon.colcon_core.package_identification:_identify(space_robotics_gz_envs/assets/cache/lunar_rock4) by extension 'colcon_pkg'
[0.254s] Level 1:colcon.colcon_core.package_identification:_identify(space_robotics_gz_envs/assets/cache/lunar_rock4) by extensions ['colcon_meta']
[0.254s] Level 1:colcon.colcon_core.package_identification:_identify(space_robotics_gz_envs/assets/cache/lunar_rock4) by extension 'colcon_meta'
[0.254s] Level 1:colcon.colcon_core.package_identification:_identify(space_robotics_gz_envs/assets/cache/lunar_rock4) by extensions ['ros']
[0.254s] Level 1:colcon.colcon_core.package_identification:_identify(space_robotics_gz_envs/assets/cache/lunar_rock4) by extension 'ros'
[0.254s] Level 1:colcon.colcon_core.package_identification:_identify(space_robotics_gz_envs/assets/cache/lunar_rock4) by extensions ['cmake', 'python']
[0.254s] Level 1:colcon.colcon_core.package_identification:_identify(space_robotics_gz_envs/assets/cache/lunar_rock4) by extension 'cmake'
[0.254s] Level 1:colcon.colcon_core.package_identification:_identify(space_robotics_gz_envs/assets/cache/lunar_rock4) by extension 'python'
[0.254s] Level 1:colcon.colcon_core.package_identification:_identify(space_robotics_gz_envs/assets/cache/lunar_rock4) by extensions ['python_setup_py']
[0.254s] Level 1:colcon.colcon_core.package_identification:_identify(space_robotics_gz_envs/assets/cache/lunar_rock4) by extension 'python_setup_py'
[0.254s] Level 1:colcon.colcon_core.package_identification:_identify(space_robotics_gz_envs/assets/cache/lunar_rock4/meshes) by extensions ['ignore', 'ignore_ament_install']
[0.254s] Level 1:colcon.colcon_core.package_identification:_identify(space_robotics_gz_envs/assets/cache/lunar_rock4/meshes) by extension 'ignore'
[0.254s] Level 1:colcon.colcon_core.package_identification:_identify(space_robotics_gz_envs/assets/cache/lunar_rock4/meshes) by extension 'ignore_ament_install'
[0.255s] Level 1:colcon.colcon_core.package_identification:_identify(space_robotics_gz_envs/assets/cache/lunar_rock4/meshes) by extensions ['colcon_pkg']
[0.255s] Level 1:colcon.colcon_core.package_identification:_identify(space_robotics_gz_envs/assets/cache/lunar_rock4/meshes) by extension 'colcon_pkg'
[0.255s] Level 1:colcon.colcon_core.package_identification:_identify(space_robotics_gz_envs/assets/cache/lunar_rock4/meshes) by extensions ['colcon_meta']
[0.255s] Level 1:colcon.colcon_core.package_identification:_identify(space_robotics_gz_envs/assets/cache/lunar_rock4/meshes) by extension 'colcon_meta'
[0.255s] Level 1:colcon.colcon_core.package_identification:_identify(space_robotics_gz_envs/assets/cache/lunar_rock4/meshes) by extensions ['ros']
[0.255s] Level 1:colcon.colcon_core.package_identification:_identify(space_robotics_gz_envs/assets/cache/lunar_rock4/meshes) by extension 'ros'
[0.255s] Level 1:colcon.colcon_core.package_identification:_identify(space_robotics_gz_envs/assets/cache/lunar_rock4/meshes) by extensions ['cmake', 'python']
[0.255s] Level 1:colcon.colcon_core.package_identification:_identify(space_robotics_gz_envs/assets/cache/lunar_rock4/meshes) by extension 'cmake'
[0.255s] Level 1:colcon.colcon_core.package_identification:_identify(space_robotics_gz_envs/assets/cache/lunar_rock4/meshes) by extension 'python'
[0.255s] Level 1:colcon.colcon_core.package_identification:_identify(space_robotics_gz_envs/assets/cache/lunar_rock4/meshes) by extensions ['python_setup_py']
[0.255s] Level 1:colcon.colcon_core.package_identification:_identify(space_robotics_gz_envs/assets/cache/lunar_rock4/meshes) by extension 'python_setup_py'
[0.255s] Level 1:colcon.colcon_core.package_identification:_identify(space_robotics_gz_envs/assets/cache/lunar_rock4/thumbnails) by extensions ['ignore', 'ignore_ament_install']
[0.255s] Level 1:colcon.colcon_core.package_identification:_identify(space_robotics_gz_envs/assets/cache/lunar_rock4/thumbnails) by extension 'ignore'
[0.255s] Level 1:colcon.colcon_core.package_identification:_identify(space_robotics_gz_envs/assets/cache/lunar_rock4/thumbnails) by extension 'ignore_ament_install'
[0.255s] Level 1:colcon.colcon_core.package_identification:_identify(space_robotics_gz_envs/assets/cache/lunar_rock4/thumbnails) by extensions ['colcon_pkg']
[0.255s] Level 1:colcon.colcon_core.package_identification:_identify(space_robotics_gz_envs/assets/cache/lunar_rock4/thumbnails) by extension 'colcon_pkg'
[0.255s] Level 1:colcon.colcon_core.package_identification:_identify(space_robotics_gz_envs/assets/cache/lunar_rock4/thumbnails) by extensions ['colcon_meta']
[0.255s] Level 1:colcon.colcon_core.package_identification:_identify(space_robotics_gz_envs/assets/cache/lunar_rock4/thumbnails) by extension 'colcon_meta'
[0.255s] Level 1:colcon.colcon_core.package_identification:_identify(space_robotics_gz_envs/assets/cache/lunar_rock4/thumbnails) by extensions ['ros']
[0.255s] Level 1:colcon.colcon_core.package_identification:_identify(space_robotics_gz_envs/assets/cache/lunar_rock4/thumbnails) by extension 'ros'
[0.255s] Level 1:colcon.colcon_core.package_identification:_identify(space_robotics_gz_envs/assets/cache/lunar_rock4/thumbnails) by extensions ['cmake', 'python']
[0.255s] Level 1:colcon.colcon_core.package_identification:_identify(space_robotics_gz_envs/assets/cache/lunar_rock4/thumbnails) by extension 'cmake'
[0.255s] Level 1:colcon.colcon_core.package_identification:_identify(space_robotics_gz_envs/assets/cache/lunar_rock4/thumbnails) by extension 'python'
[0.255s] Level 1:colcon.colcon_core.package_identification:_identify(space_robotics_gz_envs/assets/cache/lunar_rock4/thumbnails) by extensions ['python_setup_py']
[0.255s] Level 1:colcon.colcon_core.package_identification:_identify(space_robotics_gz_envs/assets/cache/lunar_rock4/thumbnails) by extension 'python_setup_py'
[0.255s] Level 1:colcon.colcon_core.package_identification:_identify(space_robotics_gz_envs/assets/cache/lunar_rock5) by extensions ['ignore', 'ignore_ament_install']
[0.255s] Level 1:colcon.colcon_core.package_identification:_identify(space_robotics_gz_envs/assets/cache/lunar_rock5) by extension 'ignore'
[0.255s] Level 1:colcon.colcon_core.package_identification:_identify(space_robotics_gz_envs/assets/cache/lunar_rock5) by extension 'ignore_ament_install'
[0.255s] Level 1:colcon.colcon_core.package_identification:_identify(space_robotics_gz_envs/assets/cache/lunar_rock5) by extensions ['colcon_pkg']
[0.255s] Level 1:colcon.colcon_core.package_identification:_identify(space_robotics_gz_envs/assets/cache/lunar_rock5) by extension 'colcon_pkg'
[0.256s] Level 1:colcon.colcon_core.package_identification:_identify(space_robotics_gz_envs/assets/cache/lunar_rock5) by extensions ['colcon_meta']
[0.256s] Level 1:colcon.colcon_core.package_identification:_identify(space_robotics_gz_envs/assets/cache/lunar_rock5) by extension 'colcon_meta'
[0.256s] Level 1:colcon.colcon_core.package_identification:_identify(space_robotics_gz_envs/assets/cache/lunar_rock5) by extensions ['ros']
[0.256s] Level 1:colcon.colcon_core.package_identification:_identify(space_robotics_gz_envs/assets/cache/lunar_rock5) by extension 'ros'
[0.256s] Level 1:colcon.colcon_core.package_identification:_identify(space_robotics_gz_envs/assets/cache/lunar_rock5) by extensions ['cmake', 'python']
[0.256s] Level 1:colcon.colcon_core.package_identification:_identify(space_robotics_gz_envs/assets/cache/lunar_rock5) by extension 'cmake'
[0.256s] Level 1:colcon.colcon_core.package_identification:_identify(space_robotics_gz_envs/assets/cache/lunar_rock5) by extension 'python'
[0.256s] Level 1:colcon.colcon_core.package_identification:_identify(space_robotics_gz_envs/assets/cache/lunar_rock5) by extensions ['python_setup_py']
[0.256s] Level 1:colcon.colcon_core.package_identification:_identify(space_robotics_gz_envs/assets/cache/lunar_rock5) by extension 'python_setup_py'
[0.256s] Level 1:colcon.colcon_core.package_identification:_identify(space_robotics_gz_envs/assets/cache/lunar_rock5/meshes) by extensions ['ignore', 'ignore_ament_install']
[0.256s] Level 1:colcon.colcon_core.package_identification:_identify(space_robotics_gz_envs/assets/cache/lunar_rock5/meshes) by extension 'ignore'
[0.256s] Level 1:colcon.colcon_core.package_identification:_identify(space_robotics_gz_envs/assets/cache/lunar_rock5/meshes) by extension 'ignore_ament_install'
[0.256s] Level 1:colcon.colcon_core.package_identification:_identify(space_robotics_gz_envs/assets/cache/lunar_rock5/meshes) by extensions ['colcon_pkg']
[0.256s] Level 1:colcon.colcon_core.package_identification:_identify(space_robotics_gz_envs/assets/cache/lunar_rock5/meshes) by extension 'colcon_pkg'
[0.256s] Level 1:colcon.colcon_core.package_identification:_identify(space_robotics_gz_envs/assets/cache/lunar_rock5/meshes) by extensions ['colcon_meta']
[0.256s] Level 1:colcon.colcon_core.package_identification:_identify(space_robotics_gz_envs/assets/cache/lunar_rock5/meshes) by extension 'colcon_meta'
[0.256s] Level 1:colcon.colcon_core.package_identification:_identify(space_robotics_gz_envs/assets/cache/lunar_rock5/meshes) by extensions ['ros']
[0.256s] Level 1:colcon.colcon_core.package_identification:_identify(space_robotics_gz_envs/assets/cache/lunar_rock5/meshes) by extension 'ros'
[0.256s] Level 1:colcon.colcon_core.package_identification:_identify(space_robotics_gz_envs/assets/cache/lunar_rock5/meshes) by extensions ['cmake', 'python']
[0.256s] Level 1:colcon.colcon_core.package_identification:_identify(space_robotics_gz_envs/assets/cache/lunar_rock5/meshes) by extension 'cmake'
[0.256s] Level 1:colcon.colcon_core.package_identification:_identify(space_robotics_gz_envs/assets/cache/lunar_rock5/meshes) by extension 'python'
[0.256s] Level 1:colcon.colcon_core.package_identification:_identify(space_robotics_gz_envs/assets/cache/lunar_rock5/meshes) by extensions ['python_setup_py']
[0.256s] Level 1:colcon.colcon_core.package_identification:_identify(space_robotics_gz_envs/assets/cache/lunar_rock5/meshes) by extension 'python_setup_py'
[0.256s] Level 1:colcon.colcon_core.package_identification:_identify(space_robotics_gz_envs/assets/cache/lunar_rock5/thumbnails) by extensions ['ignore', 'ignore_ament_install']
[0.256s] Level 1:colcon.colcon_core.package_identification:_identify(space_robotics_gz_envs/assets/cache/lunar_rock5/thumbnails) by extension 'ignore'
[0.256s] Level 1:colcon.colcon_core.package_identification:_identify(space_robotics_gz_envs/assets/cache/lunar_rock5/thumbnails) by extension 'ignore_ament_install'
[0.257s] Level 1:colcon.colcon_core.package_identification:_identify(space_robotics_gz_envs/assets/cache/lunar_rock5/thumbnails) by extensions ['colcon_pkg']
[0.257s] Level 1:colcon.colcon_core.package_identification:_identify(space_robotics_gz_envs/assets/cache/lunar_rock5/thumbnails) by extension 'colcon_pkg'
[0.257s] Level 1:colcon.colcon_core.package_identification:_identify(space_robotics_gz_envs/assets/cache/lunar_rock5/thumbnails) by extensions ['colcon_meta']
[0.257s] Level 1:colcon.colcon_core.package_identification:_identify(space_robotics_gz_envs/assets/cache/lunar_rock5/thumbnails) by extension 'colcon_meta'
[0.257s] Level 1:colcon.colcon_core.package_identification:_identify(space_robotics_gz_envs/assets/cache/lunar_rock5/thumbnails) by extensions ['ros']
[0.257s] Level 1:colcon.colcon_core.package_identification:_identify(space_robotics_gz_envs/assets/cache/lunar_rock5/thumbnails) by extension 'ros'
[0.257s] Level 1:colcon.colcon_core.package_identification:_identify(space_robotics_gz_envs/assets/cache/lunar_rock5/thumbnails) by extensions ['cmake', 'python']
[0.257s] Level 1:colcon.colcon_core.package_identification:_identify(space_robotics_gz_envs/assets/cache/lunar_rock5/thumbnails) by extension 'cmake'
[0.257s] Level 1:colcon.colcon_core.package_identification:_identify(space_robotics_gz_envs/assets/cache/lunar_rock5/thumbnails) by extension 'python'
[0.257s] Level 1:colcon.colcon_core.package_identification:_identify(space_robotics_gz_envs/assets/cache/lunar_rock5/thumbnails) by extensions ['python_setup_py']
[0.257s] Level 1:colcon.colcon_core.package_identification:_identify(space_robotics_gz_envs/assets/cache/lunar_rock5/thumbnails) by extension 'python_setup_py'
[0.257s] Level 1:colcon.colcon_core.package_identification:_identify(space_robotics_gz_envs/assets/cache/lunar_rock6) by extensions ['ignore', 'ignore_ament_install']
[0.257s] Level 1:colcon.colcon_core.package_identification:_identify(space_robotics_gz_envs/assets/cache/lunar_rock6) by extension 'ignore'
[0.257s] Level 1:colcon.colcon_core.package_identification:_identify(space_robotics_gz_envs/assets/cache/lunar_rock6) by extension 'ignore_ament_install'
[0.257s] Level 1:colcon.colcon_core.package_identification:_identify(space_robotics_gz_envs/assets/cache/lunar_rock6) by extensions ['colcon_pkg']
[0.257s] Level 1:colcon.colcon_core.package_identification:_identify(space_robotics_gz_envs/assets/cache/lunar_rock6) by extension 'colcon_pkg'
[0.257s] Level 1:colcon.colcon_core.package_identification:_identify(space_robotics_gz_envs/assets/cache/lunar_rock6) by extensions ['colcon_meta']
[0.257s] Level 1:colcon.colcon_core.package_identification:_identify(space_robotics_gz_envs/assets/cache/lunar_rock6) by extension 'colcon_meta'
[0.257s] Level 1:colcon.colcon_core.package_identification:_identify(space_robotics_gz_envs/assets/cache/lunar_rock6) by extensions ['ros']
[0.257s] Level 1:colcon.colcon_core.package_identification:_identify(space_robotics_gz_envs/assets/cache/lunar_rock6) by extension 'ros'
[0.257s] Level 1:colcon.colcon_core.package_identification:_identify(space_robotics_gz_envs/assets/cache/lunar_rock6) by extensions ['cmake', 'python']
[0.257s] Level 1:colcon.colcon_core.package_identification:_identify(space_robotics_gz_envs/assets/cache/lunar_rock6) by extension 'cmake'
[0.257s] Level 1:colcon.colcon_core.package_identification:_identify(space_robotics_gz_envs/assets/cache/lunar_rock6) by extension 'python'
[0.257s] Level 1:colcon.colcon_core.package_identification:_identify(space_robotics_gz_envs/assets/cache/lunar_rock6) by extensions ['python_setup_py']
[0.257s] Level 1:colcon.colcon_core.package_identification:_identify(space_robotics_gz_envs/assets/cache/lunar_rock6) by extension 'python_setup_py'
[0.257s] Level 1:colcon.colcon_core.package_identification:_identify(space_robotics_gz_envs/assets/cache/lunar_rock6/meshes) by extensions ['ignore', 'ignore_ament_install']
[0.258s] Level 1:colcon.colcon_core.package_identification:_identify(space_robotics_gz_envs/assets/cache/lunar_rock6/meshes) by extension 'ignore'
[0.258s] Level 1:colcon.colcon_core.package_identification:_identify(space_robotics_gz_envs/assets/cache/lunar_rock6/meshes) by extension 'ignore_ament_install'
[0.258s] Level 1:colcon.colcon_core.package_identification:_identify(space_robotics_gz_envs/assets/cache/lunar_rock6/meshes) by extensions ['colcon_pkg']
[0.258s] Level 1:colcon.colcon_core.package_identification:_identify(space_robotics_gz_envs/assets/cache/lunar_rock6/meshes) by extension 'colcon_pkg'
[0.258s] Level 1:colcon.colcon_core.package_identification:_identify(space_robotics_gz_envs/assets/cache/lunar_rock6/meshes) by extensions ['colcon_meta']
[0.258s] Level 1:colcon.colcon_core.package_identification:_identify(space_robotics_gz_envs/assets/cache/lunar_rock6/meshes) by extension 'colcon_meta'
[0.258s] Level 1:colcon.colcon_core.package_identification:_identify(space_robotics_gz_envs/assets/cache/lunar_rock6/meshes) by extensions ['ros']
[0.258s] Level 1:colcon.colcon_core.package_identification:_identify(space_robotics_gz_envs/assets/cache/lunar_rock6/meshes) by extension 'ros'
[0.258s] Level 1:colcon.colcon_core.package_identification:_identify(space_robotics_gz_envs/assets/cache/lunar_rock6/meshes) by extensions ['cmake', 'python']
[0.258s] Level 1:colcon.colcon_core.package_identification:_identify(space_robotics_gz_envs/assets/cache/lunar_rock6/meshes) by extension 'cmake'
[0.258s] Level 1:colcon.colcon_core.package_identification:_identify(space_robotics_gz_envs/assets/cache/lunar_rock6/meshes) by extension 'python'
[0.258s] Level 1:colcon.colcon_core.package_identification:_identify(space_robotics_gz_envs/assets/cache/lunar_rock6/meshes) by extensions ['python_setup_py']
[0.258s] Level 1:colcon.colcon_core.package_identification:_identify(space_robotics_gz_envs/assets/cache/lunar_rock6/meshes) by extension 'python_setup_py'
[0.258s] Level 1:colcon.colcon_core.package_identification:_identify(space_robotics_gz_envs/assets/cache/lunar_rock6/thumbnails) by extensions ['ignore', 'ignore_ament_install']
[0.258s] Level 1:colcon.colcon_core.package_identification:_identify(space_robotics_gz_envs/assets/cache/lunar_rock6/thumbnails) by extension 'ignore'
[0.258s] Level 1:colcon.colcon_core.package_identification:_identify(space_robotics_gz_envs/assets/cache/lunar_rock6/thumbnails) by extension 'ignore_ament_install'
[0.258s] Level 1:colcon.colcon_core.package_identification:_identify(space_robotics_gz_envs/assets/cache/lunar_rock6/thumbnails) by extensions ['colcon_pkg']
[0.258s] Level 1:colcon.colcon_core.package_identification:_identify(space_robotics_gz_envs/assets/cache/lunar_rock6/thumbnails) by extension 'colcon_pkg'
[0.258s] Level 1:colcon.colcon_core.package_identification:_identify(space_robotics_gz_envs/assets/cache/lunar_rock6/thumbnails) by extensions ['colcon_meta']
[0.258s] Level 1:colcon.colcon_core.package_identification:_identify(space_robotics_gz_envs/assets/cache/lunar_rock6/thumbnails) by extension 'colcon_meta'
[0.258s] Level 1:colcon.colcon_core.package_identification:_identify(space_robotics_gz_envs/assets/cache/lunar_rock6/thumbnails) by extensions ['ros']
[0.258s] Level 1:colcon.colcon_core.package_identification:_identify(space_robotics_gz_envs/assets/cache/lunar_rock6/thumbnails) by extension 'ros'
[0.258s] Level 1:colcon.colcon_core.package_identification:_identify(space_robotics_gz_envs/assets/cache/lunar_rock6/thumbnails) by extensions ['cmake', 'python']
[0.258s] Level 1:colcon.colcon_core.package_identification:_identify(space_robotics_gz_envs/assets/cache/lunar_rock6/thumbnails) by extension 'cmake'
[0.258s] Level 1:colcon.colcon_core.package_identification:_identify(space_robotics_gz_envs/assets/cache/lunar_rock6/thumbnails) by extension 'python'
[0.258s] Level 1:colcon.colcon_core.package_identification:_identify(space_robotics_gz_envs/assets/cache/lunar_rock6/thumbnails) by extensions ['python_setup_py']
[0.258s] Level 1:colcon.colcon_core.package_identification:_identify(space_robotics_gz_envs/assets/cache/lunar_rock6/thumbnails) by extension 'python_setup_py'
[0.259s] Level 1:colcon.colcon_core.package_identification:_identify(space_robotics_gz_envs/assets/cache/lunar_rock7) by extensions ['ignore', 'ignore_ament_install']
[0.259s] Level 1:colcon.colcon_core.package_identification:_identify(space_robotics_gz_envs/assets/cache/lunar_rock7) by extension 'ignore'
[0.259s] Level 1:colcon.colcon_core.package_identification:_identify(space_robotics_gz_envs/assets/cache/lunar_rock7) by extension 'ignore_ament_install'
[0.259s] Level 1:colcon.colcon_core.package_identification:_identify(space_robotics_gz_envs/assets/cache/lunar_rock7) by extensions ['colcon_pkg']
[0.259s] Level 1:colcon.colcon_core.package_identification:_identify(space_robotics_gz_envs/assets/cache/lunar_rock7) by extension 'colcon_pkg'
[0.259s] Level 1:colcon.colcon_core.package_identification:_identify(space_robotics_gz_envs/assets/cache/lunar_rock7) by extensions ['colcon_meta']
[0.259s] Level 1:colcon.colcon_core.package_identification:_identify(space_robotics_gz_envs/assets/cache/lunar_rock7) by extension 'colcon_meta'
[0.259s] Level 1:colcon.colcon_core.package_identification:_identify(space_robotics_gz_envs/assets/cache/lunar_rock7) by extensions ['ros']
[0.259s] Level 1:colcon.colcon_core.package_identification:_identify(space_robotics_gz_envs/assets/cache/lunar_rock7) by extension 'ros'
[0.259s] Level 1:colcon.colcon_core.package_identification:_identify(space_robotics_gz_envs/assets/cache/lunar_rock7) by extensions ['cmake', 'python']
[0.259s] Level 1:colcon.colcon_core.package_identification:_identify(space_robotics_gz_envs/assets/cache/lunar_rock7) by extension 'cmake'
[0.259s] Level 1:colcon.colcon_core.package_identification:_identify(space_robotics_gz_envs/assets/cache/lunar_rock7) by extension 'python'
[0.259s] Level 1:colcon.colcon_core.package_identification:_identify(space_robotics_gz_envs/assets/cache/lunar_rock7) by extensions ['python_setup_py']
[0.259s] Level 1:colcon.colcon_core.package_identification:_identify(space_robotics_gz_envs/assets/cache/lunar_rock7) by extension 'python_setup_py'
[0.259s] Level 1:colcon.colcon_core.package_identification:_identify(space_robotics_gz_envs/assets/cache/lunar_rock7/meshes) by extensions ['ignore', 'ignore_ament_install']
[0.259s] Level 1:colcon.colcon_core.package_identification:_identify(space_robotics_gz_envs/assets/cache/lunar_rock7/meshes) by extension 'ignore'
[0.259s] Level 1:colcon.colcon_core.package_identification:_identify(space_robotics_gz_envs/assets/cache/lunar_rock7/meshes) by extension 'ignore_ament_install'
[0.259s] Level 1:colcon.colcon_core.package_identification:_identify(space_robotics_gz_envs/assets/cache/lunar_rock7/meshes) by extensions ['colcon_pkg']
[0.259s] Level 1:colcon.colcon_core.package_identification:_identify(space_robotics_gz_envs/assets/cache/lunar_rock7/meshes) by extension 'colcon_pkg'
[0.259s] Level 1:colcon.colcon_core.package_identification:_identify(space_robotics_gz_envs/assets/cache/lunar_rock7/meshes) by extensions ['colcon_meta']
[0.259s] Level 1:colcon.colcon_core.package_identification:_identify(space_robotics_gz_envs/assets/cache/lunar_rock7/meshes) by extension 'colcon_meta'
[0.259s] Level 1:colcon.colcon_core.package_identification:_identify(space_robotics_gz_envs/assets/cache/lunar_rock7/meshes) by extensions ['ros']
[0.259s] Level 1:colcon.colcon_core.package_identification:_identify(space_robotics_gz_envs/assets/cache/lunar_rock7/meshes) by extension 'ros'
[0.259s] Level 1:colcon.colcon_core.package_identification:_identify(space_robotics_gz_envs/assets/cache/lunar_rock7/meshes) by extensions ['cmake', 'python']
[0.259s] Level 1:colcon.colcon_core.package_identification:_identify(space_robotics_gz_envs/assets/cache/lunar_rock7/meshes) by extension 'cmake'
[0.259s] Level 1:colcon.colcon_core.package_identification:_identify(space_robotics_gz_envs/assets/cache/lunar_rock7/meshes) by extension 'python'
[0.260s] Level 1:colcon.colcon_core.package_identification:_identify(space_robotics_gz_envs/assets/cache/lunar_rock7/meshes) by extensions ['python_setup_py']
[0.260s] Level 1:colcon.colcon_core.package_identification:_identify(space_robotics_gz_envs/assets/cache/lunar_rock7/meshes) by extension 'python_setup_py'
[0.260s] Level 1:colcon.colcon_core.package_identification:_identify(space_robotics_gz_envs/assets/cache/lunar_rock7/thumbnails) by extensions ['ignore', 'ignore_ament_install']
[0.260s] Level 1:colcon.colcon_core.package_identification:_identify(space_robotics_gz_envs/assets/cache/lunar_rock7/thumbnails) by extension 'ignore'
[0.260s] Level 1:colcon.colcon_core.package_identification:_identify(space_robotics_gz_envs/assets/cache/lunar_rock7/thumbnails) by extension 'ignore_ament_install'
[0.260s] Level 1:colcon.colcon_core.package_identification:_identify(space_robotics_gz_envs/assets/cache/lunar_rock7/thumbnails) by extensions ['colcon_pkg']
[0.260s] Level 1:colcon.colcon_core.package_identification:_identify(space_robotics_gz_envs/assets/cache/lunar_rock7/thumbnails) by extension 'colcon_pkg'
[0.260s] Level 1:colcon.colcon_core.package_identification:_identify(space_robotics_gz_envs/assets/cache/lunar_rock7/thumbnails) by extensions ['colcon_meta']
[0.260s] Level 1:colcon.colcon_core.package_identification:_identify(space_robotics_gz_envs/assets/cache/lunar_rock7/thumbnails) by extension 'colcon_meta'
[0.260s] Level 1:colcon.colcon_core.package_identification:_identify(space_robotics_gz_envs/assets/cache/lunar_rock7/thumbnails) by extensions ['ros']
[0.260s] Level 1:colcon.colcon_core.package_identification:_identify(space_robotics_gz_envs/assets/cache/lunar_rock7/thumbnails) by extension 'ros'
[0.260s] Level 1:colcon.colcon_core.package_identification:_identify(space_robotics_gz_envs/assets/cache/lunar_rock7/thumbnails) by extensions ['cmake', 'python']
[0.260s] Level 1:colcon.colcon_core.package_identification:_identify(space_robotics_gz_envs/assets/cache/lunar_rock7/thumbnails) by extension 'cmake'
[0.260s] Level 1:colcon.colcon_core.package_identification:_identify(space_robotics_gz_envs/assets/cache/lunar_rock7/thumbnails) by extension 'python'
[0.260s] Level 1:colcon.colcon_core.package_identification:_identify(space_robotics_gz_envs/assets/cache/lunar_rock7/thumbnails) by extensions ['python_setup_py']
[0.260s] Level 1:colcon.colcon_core.package_identification:_identify(space_robotics_gz_envs/assets/cache/lunar_rock7/thumbnails) by extension 'python_setup_py'
[0.260s] Level 1:colcon.colcon_core.package_identification:_identify(space_robotics_gz_envs/assets/cache/lunar_rock8) by extensions ['ignore', 'ignore_ament_install']
[0.260s] Level 1:colcon.colcon_core.package_identification:_identify(space_robotics_gz_envs/assets/cache/lunar_rock8) by extension 'ignore'
[0.260s] Level 1:colcon.colcon_core.package_identification:_identify(space_robotics_gz_envs/assets/cache/lunar_rock8) by extension 'ignore_ament_install'
[0.260s] Level 1:colcon.colcon_core.package_identification:_identify(space_robotics_gz_envs/assets/cache/lunar_rock8) by extensions ['colcon_pkg']
[0.260s] Level 1:colcon.colcon_core.package_identification:_identify(space_robotics_gz_envs/assets/cache/lunar_rock8) by extension 'colcon_pkg'
[0.260s] Level 1:colcon.colcon_core.package_identification:_identify(space_robotics_gz_envs/assets/cache/lunar_rock8) by extensions ['colcon_meta']
[0.260s] Level 1:colcon.colcon_core.package_identification:_identify(space_robotics_gz_envs/assets/cache/lunar_rock8) by extension 'colcon_meta'
[0.260s] Level 1:colcon.colcon_core.package_identification:_identify(space_robotics_gz_envs/assets/cache/lunar_rock8) by extensions ['ros']
[0.260s] Level 1:colcon.colcon_core.package_identification:_identify(space_robotics_gz_envs/assets/cache/lunar_rock8) by extension 'ros'
[0.260s] Level 1:colcon.colcon_core.package_identification:_identify(space_robotics_gz_envs/assets/cache/lunar_rock8) by extensions ['cmake', 'python']
[0.261s] Level 1:colcon.colcon_core.package_identification:_identify(space_robotics_gz_envs/assets/cache/lunar_rock8) by extension 'cmake'
[0.261s] Level 1:colcon.colcon_core.package_identification:_identify(space_robotics_gz_envs/assets/cache/lunar_rock8) by extension 'python'
[0.261s] Level 1:colcon.colcon_core.package_identification:_identify(space_robotics_gz_envs/assets/cache/lunar_rock8) by extensions ['python_setup_py']
[0.261s] Level 1:colcon.colcon_core.package_identification:_identify(space_robotics_gz_envs/assets/cache/lunar_rock8) by extension 'python_setup_py'
[0.261s] Level 1:colcon.colcon_core.package_identification:_identify(space_robotics_gz_envs/assets/cache/lunar_rock8/meshes) by extensions ['ignore', 'ignore_ament_install']
[0.261s] Level 1:colcon.colcon_core.package_identification:_identify(space_robotics_gz_envs/assets/cache/lunar_rock8/meshes) by extension 'ignore'
[0.261s] Level 1:colcon.colcon_core.package_identification:_identify(space_robotics_gz_envs/assets/cache/lunar_rock8/meshes) by extension 'ignore_ament_install'
[0.261s] Level 1:colcon.colcon_core.package_identification:_identify(space_robotics_gz_envs/assets/cache/lunar_rock8/meshes) by extensions ['colcon_pkg']
[0.261s] Level 1:colcon.colcon_core.package_identification:_identify(space_robotics_gz_envs/assets/cache/lunar_rock8/meshes) by extension 'colcon_pkg'
[0.261s] Level 1:colcon.colcon_core.package_identification:_identify(space_robotics_gz_envs/assets/cache/lunar_rock8/meshes) by extensions ['colcon_meta']
[0.261s] Level 1:colcon.colcon_core.package_identification:_identify(space_robotics_gz_envs/assets/cache/lunar_rock8/meshes) by extension 'colcon_meta'
[0.261s] Level 1:colcon.colcon_core.package_identification:_identify(space_robotics_gz_envs/assets/cache/lunar_rock8/meshes) by extensions ['ros']
[0.261s] Level 1:colcon.colcon_core.package_identification:_identify(space_robotics_gz_envs/assets/cache/lunar_rock8/meshes) by extension 'ros'
[0.261s] Level 1:colcon.colcon_core.package_identification:_identify(space_robotics_gz_envs/assets/cache/lunar_rock8/meshes) by extensions ['cmake', 'python']
[0.261s] Level 1:colcon.colcon_core.package_identification:_identify(space_robotics_gz_envs/assets/cache/lunar_rock8/meshes) by extension 'cmake'
[0.261s] Level 1:colcon.colcon_core.package_identification:_identify(space_robotics_gz_envs/assets/cache/lunar_rock8/meshes) by extension 'python'
[0.261s] Level 1:colcon.colcon_core.package_identification:_identify(space_robotics_gz_envs/assets/cache/lunar_rock8/meshes) by extensions ['python_setup_py']
[0.261s] Level 1:colcon.colcon_core.package_identification:_identify(space_robotics_gz_envs/assets/cache/lunar_rock8/meshes) by extension 'python_setup_py'
[0.261s] Level 1:colcon.colcon_core.package_identification:_identify(space_robotics_gz_envs/assets/cache/lunar_rock8/thumbnails) by extensions ['ignore', 'ignore_ament_install']
[0.261s] Level 1:colcon.colcon_core.package_identification:_identify(space_robotics_gz_envs/assets/cache/lunar_rock8/thumbnails) by extension 'ignore'
[0.261s] Level 1:colcon.colcon_core.package_identification:_identify(space_robotics_gz_envs/assets/cache/lunar_rock8/thumbnails) by extension 'ignore_ament_install'
[0.261s] Level 1:colcon.colcon_core.package_identification:_identify(space_robotics_gz_envs/assets/cache/lunar_rock8/thumbnails) by extensions ['colcon_pkg']
[0.262s] Level 1:colcon.colcon_core.package_identification:_identify(space_robotics_gz_envs/assets/cache/lunar_rock8/thumbnails) by extension 'colcon_pkg'
[0.262s] Level 1:colcon.colcon_core.package_identification:_identify(space_robotics_gz_envs/assets/cache/lunar_rock8/thumbnails) by extensions ['colcon_meta']
[0.262s] Level 1:colcon.colcon_core.package_identification:_identify(space_robotics_gz_envs/assets/cache/lunar_rock8/thumbnails) by extension 'colcon_meta'
[0.262s] Level 1:colcon.colcon_core.package_identification:_identify(space_robotics_gz_envs/assets/cache/lunar_rock8/thumbnails) by extensions ['ros']
[0.262s] Level 1:colcon.colcon_core.package_identification:_identify(space_robotics_gz_envs/assets/cache/lunar_rock8/thumbnails) by extension 'ros'
[0.262s] Level 1:colcon.colcon_core.package_identification:_identify(space_robotics_gz_envs/assets/cache/lunar_rock8/thumbnails) by extensions ['cmake', 'python']
[0.262s] Level 1:colcon.colcon_core.package_identification:_identify(space_robotics_gz_envs/assets/cache/lunar_rock8/thumbnails) by extension 'cmake'
[0.262s] Level 1:colcon.colcon_core.package_identification:_identify(space_robotics_gz_envs/assets/cache/lunar_rock8/thumbnails) by extension 'python'
[0.262s] Level 1:colcon.colcon_core.package_identification:_identify(space_robotics_gz_envs/assets/cache/lunar_rock8/thumbnails) by extensions ['python_setup_py']
[0.262s] Level 1:colcon.colcon_core.package_identification:_identify(space_robotics_gz_envs/assets/cache/lunar_rock8/thumbnails) by extension 'python_setup_py'
[0.262s] Level 1:colcon.colcon_core.package_identification:_identify(space_robotics_gz_envs/assets/cache/lunar_rock9) by extensions ['ignore', 'ignore_ament_install']
[0.262s] Level 1:colcon.colcon_core.package_identification:_identify(space_robotics_gz_envs/assets/cache/lunar_rock9) by extension 'ignore'
[0.262s] Level 1:colcon.colcon_core.package_identification:_identify(space_robotics_gz_envs/assets/cache/lunar_rock9) by extension 'ignore_ament_install'
[0.262s] Level 1:colcon.colcon_core.package_identification:_identify(space_robotics_gz_envs/assets/cache/lunar_rock9) by extensions ['colcon_pkg']
[0.262s] Level 1:colcon.colcon_core.package_identification:_identify(space_robotics_gz_envs/assets/cache/lunar_rock9) by extension 'colcon_pkg'
[0.262s] Level 1:colcon.colcon_core.package_identification:_identify(space_robotics_gz_envs/assets/cache/lunar_rock9) by extensions ['colcon_meta']
[0.262s] Level 1:colcon.colcon_core.package_identification:_identify(space_robotics_gz_envs/assets/cache/lunar_rock9) by extension 'colcon_meta'
[0.262s] Level 1:colcon.colcon_core.package_identification:_identify(space_robotics_gz_envs/assets/cache/lunar_rock9) by extensions ['ros']
[0.262s] Level 1:colcon.colcon_core.package_identification:_identify(space_robotics_gz_envs/assets/cache/lunar_rock9) by extension 'ros'
[0.262s] Level 1:colcon.colcon_core.package_identification:_identify(space_robotics_gz_envs/assets/cache/lunar_rock9) by extensions ['cmake', 'python']
[0.262s] Level 1:colcon.colcon_core.package_identification:_identify(space_robotics_gz_envs/assets/cache/lunar_rock9) by extension 'cmake'
[0.262s] Level 1:colcon.colcon_core.package_identification:_identify(space_robotics_gz_envs/assets/cache/lunar_rock9) by extension 'python'
[0.262s] Level 1:colcon.colcon_core.package_identification:_identify(space_robotics_gz_envs/assets/cache/lunar_rock9) by extensions ['python_setup_py']
[0.262s] Level 1:colcon.colcon_core.package_identification:_identify(space_robotics_gz_envs/assets/cache/lunar_rock9) by extension 'python_setup_py'
[0.262s] Level 1:colcon.colcon_core.package_identification:_identify(space_robotics_gz_envs/assets/cache/lunar_rock9/meshes) by extensions ['ignore', 'ignore_ament_install']
[0.262s] Level 1:colcon.colcon_core.package_identification:_identify(space_robotics_gz_envs/assets/cache/lunar_rock9/meshes) by extension 'ignore'
[0.262s] Level 1:colcon.colcon_core.package_identification:_identify(space_robotics_gz_envs/assets/cache/lunar_rock9/meshes) by extension 'ignore_ament_install'
[0.262s] Level 1:colcon.colcon_core.package_identification:_identify(space_robotics_gz_envs/assets/cache/lunar_rock9/meshes) by extensions ['colcon_pkg']
[0.262s] Level 1:colcon.colcon_core.package_identification:_identify(space_robotics_gz_envs/assets/cache/lunar_rock9/meshes) by extension 'colcon_pkg'
[0.262s] Level 1:colcon.colcon_core.package_identification:_identify(space_robotics_gz_envs/assets/cache/lunar_rock9/meshes) by extensions ['colcon_meta']
[0.262s] Level 1:colcon.colcon_core.package_identification:_identify(space_robotics_gz_envs/assets/cache/lunar_rock9/meshes) by extension 'colcon_meta'
[0.263s] Level 1:colcon.colcon_core.package_identification:_identify(space_robotics_gz_envs/assets/cache/lunar_rock9/meshes) by extensions ['ros']
[0.263s] Level 1:colcon.colcon_core.package_identification:_identify(space_robotics_gz_envs/assets/cache/lunar_rock9/meshes) by extension 'ros'
[0.263s] Level 1:colcon.colcon_core.package_identification:_identify(space_robotics_gz_envs/assets/cache/lunar_rock9/meshes) by extensions ['cmake', 'python']
[0.263s] Level 1:colcon.colcon_core.package_identification:_identify(space_robotics_gz_envs/assets/cache/lunar_rock9/meshes) by extension 'cmake'
[0.263s] Level 1:colcon.colcon_core.package_identification:_identify(space_robotics_gz_envs/assets/cache/lunar_rock9/meshes) by extension 'python'
[0.263s] Level 1:colcon.colcon_core.package_identification:_identify(space_robotics_gz_envs/assets/cache/lunar_rock9/meshes) by extensions ['python_setup_py']
[0.263s] Level 1:colcon.colcon_core.package_identification:_identify(space_robotics_gz_envs/assets/cache/lunar_rock9/meshes) by extension 'python_setup_py'
[0.263s] Level 1:colcon.colcon_core.package_identification:_identify(space_robotics_gz_envs/assets/cache/lunar_rock9/thumbnails) by extensions ['ignore', 'ignore_ament_install']
[0.263s] Level 1:colcon.colcon_core.package_identification:_identify(space_robotics_gz_envs/assets/cache/lunar_rock9/thumbnails) by extension 'ignore'
[0.263s] Level 1:colcon.colcon_core.package_identification:_identify(space_robotics_gz_envs/assets/cache/lunar_rock9/thumbnails) by extension 'ignore_ament_install'
[0.263s] Level 1:colcon.colcon_core.package_identification:_identify(space_robotics_gz_envs/assets/cache/lunar_rock9/thumbnails) by extensions ['colcon_pkg']
[0.263s] Level 1:colcon.colcon_core.package_identification:_identify(space_robotics_gz_envs/assets/cache/lunar_rock9/thumbnails) by extension 'colcon_pkg'
[0.263s] Level 1:colcon.colcon_core.package_identification:_identify(space_robotics_gz_envs/assets/cache/lunar_rock9/thumbnails) by extensions ['colcon_meta']
[0.263s] Level 1:colcon.colcon_core.package_identification:_identify(space_robotics_gz_envs/assets/cache/lunar_rock9/thumbnails) by extension 'colcon_meta'
[0.263s] Level 1:colcon.colcon_core.package_identification:_identify(space_robotics_gz_envs/assets/cache/lunar_rock9/thumbnails) by extensions ['ros']
[0.263s] Level 1:colcon.colcon_core.package_identification:_identify(space_robotics_gz_envs/assets/cache/lunar_rock9/thumbnails) by extension 'ros'
[0.263s] Level 1:colcon.colcon_core.package_identification:_identify(space_robotics_gz_envs/assets/cache/lunar_rock9/thumbnails) by extensions ['cmake', 'python']
[0.263s] Level 1:colcon.colcon_core.package_identification:_identify(space_robotics_gz_envs/assets/cache/lunar_rock9/thumbnails) by extension 'cmake'
[0.263s] Level 1:colcon.colcon_core.package_identification:_identify(space_robotics_gz_envs/assets/cache/lunar_rock9/thumbnails) by extension 'python'
[0.263s] Level 1:colcon.colcon_core.package_identification:_identify(space_robotics_gz_envs/assets/cache/lunar_rock9/thumbnails) by extensions ['python_setup_py']
[0.263s] Level 1:colcon.colcon_core.package_identification:_identify(space_robotics_gz_envs/assets/cache/lunar_rock9/thumbnails) by extension 'python_setup_py'
[0.264s] Level 1:colcon.colcon_core.package_identification:_identify(space_robotics_gz_envs/assets/cache/lunar_surface0) by extensions ['ignore', 'ignore_ament_install']
[0.264s] Level 1:colcon.colcon_core.package_identification:_identify(space_robotics_gz_envs/assets/cache/lunar_surface0) by extension 'ignore'
[0.264s] Level 1:colcon.colcon_core.package_identification:_identify(space_robotics_gz_envs/assets/cache/lunar_surface0) by extension 'ignore_ament_install'
[0.264s] Level 1:colcon.colcon_core.package_identification:_identify(space_robotics_gz_envs/assets/cache/lunar_surface0) by extensions ['colcon_pkg']
[0.264s] Level 1:colcon.colcon_core.package_identification:_identify(space_robotics_gz_envs/assets/cache/lunar_surface0) by extension 'colcon_pkg'
[0.264s] Level 1:colcon.colcon_core.package_identification:_identify(space_robotics_gz_envs/assets/cache/lunar_surface0) by extensions ['colcon_meta']
[0.264s] Level 1:colcon.colcon_core.package_identification:_identify(space_robotics_gz_envs/assets/cache/lunar_surface0) by extension 'colcon_meta'
[0.264s] Level 1:colcon.colcon_core.package_identification:_identify(space_robotics_gz_envs/assets/cache/lunar_surface0) by extensions ['ros']
[0.264s] Level 1:colcon.colcon_core.package_identification:_identify(space_robotics_gz_envs/assets/cache/lunar_surface0) by extension 'ros'
[0.264s] Level 1:colcon.colcon_core.package_identification:_identify(space_robotics_gz_envs/assets/cache/lunar_surface0) by extensions ['cmake', 'python']
[0.264s] Level 1:colcon.colcon_core.package_identification:_identify(space_robotics_gz_envs/assets/cache/lunar_surface0) by extension 'cmake'
[0.264s] Level 1:colcon.colcon_core.package_identification:_identify(space_robotics_gz_envs/assets/cache/lunar_surface0) by extension 'python'
[0.264s] Level 1:colcon.colcon_core.package_identification:_identify(space_robotics_gz_envs/assets/cache/lunar_surface0) by extensions ['python_setup_py']
[0.264s] Level 1:colcon.colcon_core.package_identification:_identify(space_robotics_gz_envs/assets/cache/lunar_surface0) by extension 'python_setup_py'
[0.264s] Level 1:colcon.colcon_core.package_identification:_identify(space_robotics_gz_envs/assets/cache/lunar_surface0/meshes) by extensions ['ignore', 'ignore_ament_install']
[0.264s] Level 1:colcon.colcon_core.package_identification:_identify(space_robotics_gz_envs/assets/cache/lunar_surface0/meshes) by extension 'ignore'
[0.264s] Level 1:colcon.colcon_core.package_identification:_identify(space_robotics_gz_envs/assets/cache/lunar_surface0/meshes) by extension 'ignore_ament_install'
[0.264s] Level 1:colcon.colcon_core.package_identification:_identify(space_robotics_gz_envs/assets/cache/lunar_surface0/meshes) by extensions ['colcon_pkg']
[0.264s] Level 1:colcon.colcon_core.package_identification:_identify(space_robotics_gz_envs/assets/cache/lunar_surface0/meshes) by extension 'colcon_pkg'
[0.264s] Level 1:colcon.colcon_core.package_identification:_identify(space_robotics_gz_envs/assets/cache/lunar_surface0/meshes) by extensions ['colcon_meta']
[0.264s] Level 1:colcon.colcon_core.package_identification:_identify(space_robotics_gz_envs/assets/cache/lunar_surface0/meshes) by extension 'colcon_meta'
[0.264s] Level 1:colcon.colcon_core.package_identification:_identify(space_robotics_gz_envs/assets/cache/lunar_surface0/meshes) by extensions ['ros']
[0.264s] Level 1:colcon.colcon_core.package_identification:_identify(space_robotics_gz_envs/assets/cache/lunar_surface0/meshes) by extension 'ros'
[0.264s] Level 1:colcon.colcon_core.package_identification:_identify(space_robotics_gz_envs/assets/cache/lunar_surface0/meshes) by extensions ['cmake', 'python']
[0.264s] Level 1:colcon.colcon_core.package_identification:_identify(space_robotics_gz_envs/assets/cache/lunar_surface0/meshes) by extension 'cmake'
[0.264s] Level 1:colcon.colcon_core.package_identification:_identify(space_robotics_gz_envs/assets/cache/lunar_surface0/meshes) by extension 'python'
[0.264s] Level 1:colcon.colcon_core.package_identification:_identify(space_robotics_gz_envs/assets/cache/lunar_surface0/meshes) by extensions ['python_setup_py']
[0.264s] Level 1:colcon.colcon_core.package_identification:_identify(space_robotics_gz_envs/assets/cache/lunar_surface0/meshes) by extension 'python_setup_py'
[0.265s] Level 1:colcon.colcon_core.package_identification:_identify(space_robotics_gz_envs/assets/cache/lunar_surface0/thumbnails) by extensions ['ignore', 'ignore_ament_install']
[0.265s] Level 1:colcon.colcon_core.package_identification:_identify(space_robotics_gz_envs/assets/cache/lunar_surface0/thumbnails) by extension 'ignore'
[0.265s] Level 1:colcon.colcon_core.package_identification:_identify(space_robotics_gz_envs/assets/cache/lunar_surface0/thumbnails) by extension 'ignore_ament_install'
[0.265s] Level 1:colcon.colcon_core.package_identification:_identify(space_robotics_gz_envs/assets/cache/lunar_surface0/thumbnails) by extensions ['colcon_pkg']
[0.265s] Level 1:colcon.colcon_core.package_identification:_identify(space_robotics_gz_envs/assets/cache/lunar_surface0/thumbnails) by extension 'colcon_pkg'
[0.265s] Level 1:colcon.colcon_core.package_identification:_identify(space_robotics_gz_envs/assets/cache/lunar_surface0/thumbnails) by extensions ['colcon_meta']
[0.265s] Level 1:colcon.colcon_core.package_identification:_identify(space_robotics_gz_envs/assets/cache/lunar_surface0/thumbnails) by extension 'colcon_meta'
[0.265s] Level 1:colcon.colcon_core.package_identification:_identify(space_robotics_gz_envs/assets/cache/lunar_surface0/thumbnails) by extensions ['ros']
[0.265s] Level 1:colcon.colcon_core.package_identification:_identify(space_robotics_gz_envs/assets/cache/lunar_surface0/thumbnails) by extension 'ros'
[0.265s] Level 1:colcon.colcon_core.package_identification:_identify(space_robotics_gz_envs/assets/cache/lunar_surface0/thumbnails) by extensions ['cmake', 'python']
[0.265s] Level 1:colcon.colcon_core.package_identification:_identify(space_robotics_gz_envs/assets/cache/lunar_surface0/thumbnails) by extension 'cmake'
[0.265s] Level 1:colcon.colcon_core.package_identification:_identify(space_robotics_gz_envs/assets/cache/lunar_surface0/thumbnails) by extension 'python'
[0.265s] Level 1:colcon.colcon_core.package_identification:_identify(space_robotics_gz_envs/assets/cache/lunar_surface0/thumbnails) by extensions ['python_setup_py']
[0.265s] Level 1:colcon.colcon_core.package_identification:_identify(space_robotics_gz_envs/assets/cache/lunar_surface0/thumbnails) by extension 'python_setup_py'
[0.265s] Level 1:colcon.colcon_core.package_identification:_identify(space_robotics_gz_envs/assets/srb_assets) by extensions ['ignore', 'ignore_ament_install']
[0.265s] Level 1:colcon.colcon_core.package_identification:_identify(space_robotics_gz_envs/assets/srb_assets) by extension 'ignore'
[0.265s] Level 1:colcon.colcon_core.package_identification:_identify(space_robotics_gz_envs/assets/srb_assets) by extension 'ignore_ament_install'
[0.265s] Level 1:colcon.colcon_core.package_identification:_identify(space_robotics_gz_envs/assets/srb_assets) by extensions ['colcon_pkg']
[0.265s] Level 1:colcon.colcon_core.package_identification:_identify(space_robotics_gz_envs/assets/srb_assets) by extension 'colcon_pkg'
[0.265s] Level 1:colcon.colcon_core.package_identification:_identify(space_robotics_gz_envs/assets/srb_assets) by extensions ['colcon_meta']
[0.265s] Level 1:colcon.colcon_core.package_identification:_identify(space_robotics_gz_envs/assets/srb_assets) by extension 'colcon_meta'
[0.265s] Level 1:colcon.colcon_core.package_identification:_identify(space_robotics_gz_envs/assets/srb_assets) by extensions ['ros']
[0.265s] Level 1:colcon.colcon_core.package_identification:_identify(space_robotics_gz_envs/assets/srb_assets) by extension 'ros'
[0.265s] Level 1:colcon.colcon_core.package_identification:_identify(space_robotics_gz_envs/assets/srb_assets) by extensions ['cmake', 'python']
[0.265s] Level 1:colcon.colcon_core.package_identification:_identify(space_robotics_gz_envs/assets/srb_assets) by extension 'cmake'
[0.265s] Level 1:colcon.colcon_core.package_identification:_identify(space_robotics_gz_envs/assets/srb_assets) by extension 'python'
[0.265s] Level 1:colcon.colcon_core.package_identification:_identify(space_robotics_gz_envs/assets/srb_assets) by extensions ['python_setup_py']
[0.265s] Level 1:colcon.colcon_core.package_identification:_identify(space_robotics_gz_envs/assets/srb_assets) by extension 'python_setup_py'
[0.265s] Level 1:colcon.colcon_core.package_identification:_identify(space_robotics_gz_envs/assets/srb_assets/hdri) by extensions ['ignore', 'ignore_ament_install']
[0.266s] Level 1:colcon.colcon_core.package_identification:_identify(space_robotics_gz_envs/assets/srb_assets/hdri) by extension 'ignore'
[0.266s] Level 1:colcon.colcon_core.package_identification:_identify(space_robotics_gz_envs/assets/srb_assets/hdri) by extension 'ignore_ament_install'
[0.266s] Level 1:colcon.colcon_core.package_identification:_identify(space_robotics_gz_envs/assets/srb_assets/hdri) by extensions ['colcon_pkg']
[0.266s] Level 1:colcon.colcon_core.package_identification:_identify(space_robotics_gz_envs/assets/srb_assets/hdri) by extension 'colcon_pkg'
[0.266s] Level 1:colcon.colcon_core.package_identification:_identify(space_robotics_gz_envs/assets/srb_assets/hdri) by extensions ['colcon_meta']
[0.266s] Level 1:colcon.colcon_core.package_identification:_identify(space_robotics_gz_envs/assets/srb_assets/hdri) by extension 'colcon_meta'
[0.266s] Level 1:colcon.colcon_core.package_identification:_identify(space_robotics_gz_envs/assets/srb_assets/hdri) by extensions ['ros']
[0.266s] Level 1:colcon.colcon_core.package_identification:_identify(space_robotics_gz_envs/assets/srb_assets/hdri) by extension 'ros'
[0.266s] Level 1:colcon.colcon_core.package_identification:_identify(space_robotics_gz_envs/assets/srb_assets/hdri) by extensions ['cmake', 'python']
[0.266s] Level 1:colcon.colcon_core.package_identification:_identify(space_robotics_gz_envs/assets/srb_assets/hdri) by extension 'cmake'
[0.266s] Level 1:colcon.colcon_core.package_identification:_identify(space_robotics_gz_envs/assets/srb_assets/hdri) by extension 'python'
[0.266s] Level 1:colcon.colcon_core.package_identification:_identify(space_robotics_gz_envs/assets/srb_assets/hdri) by extensions ['python_setup_py']
[0.266s] Level 1:colcon.colcon_core.package_identification:_identify(space_robotics_gz_envs/assets/srb_assets/hdri) by extension 'python_setup_py'
[0.266s] Level 1:colcon.colcon_core.package_identification:_identify(space_robotics_gz_envs/assets/srb_assets/model) by extensions ['ignore', 'ignore_ament_install']
[0.266s] Level 1:colcon.colcon_core.package_identification:_identify(space_robotics_gz_envs/assets/srb_assets/model) by extension 'ignore'
[0.266s] Level 1:colcon.colcon_core.package_identification:_identify(space_robotics_gz_envs/assets/srb_assets/model) by extension 'ignore_ament_install'
[0.266s] Level 1:colcon.colcon_core.package_identification:_identify(space_robotics_gz_envs/assets/srb_assets/model) by extensions ['colcon_pkg']
[0.266s] Level 1:colcon.colcon_core.package_identification:_identify(space_robotics_gz_envs/assets/srb_assets/model) by extension 'colcon_pkg'
[0.266s] Level 1:colcon.colcon_core.package_identification:_identify(space_robotics_gz_envs/assets/srb_assets/model) by extensions ['colcon_meta']
[0.266s] Level 1:colcon.colcon_core.package_identification:_identify(space_robotics_gz_envs/assets/srb_assets/model) by extension 'colcon_meta'
[0.266s] Level 1:colcon.colcon_core.package_identification:_identify(space_robotics_gz_envs/assets/srb_assets/model) by extensions ['ros']
[0.266s] Level 1:colcon.colcon_core.package_identification:_identify(space_robotics_gz_envs/assets/srb_assets/model) by extension 'ros'
[0.266s] Level 1:colcon.colcon_core.package_identification:_identify(space_robotics_gz_envs/assets/srb_assets/model) by extensions ['cmake', 'python']
[0.266s] Level 1:colcon.colcon_core.package_identification:_identify(space_robotics_gz_envs/assets/srb_assets/model) by extension 'cmake'
[0.266s] Level 1:colcon.colcon_core.package_identification:_identify(space_robotics_gz_envs/assets/srb_assets/model) by extension 'python'
[0.266s] Level 1:colcon.colcon_core.package_identification:_identify(space_robotics_gz_envs/assets/srb_assets/model) by extensions ['python_setup_py']
[0.266s] Level 1:colcon.colcon_core.package_identification:_identify(space_robotics_gz_envs/assets/srb_assets/model) by extension 'python_setup_py'
[0.266s] Level 1:colcon.colcon_core.package_identification:_identify(space_robotics_gz_envs/assets/srb_assets/model/object) by extensions ['ignore', 'ignore_ament_install']
[0.266s] Level 1:colcon.colcon_core.package_identification:_identify(space_robotics_gz_envs/assets/srb_assets/model/object) by extension 'ignore'
[0.266s] Level 1:colcon.colcon_core.package_identification:_identify(space_robotics_gz_envs/assets/srb_assets/model/object) by extension 'ignore_ament_install'
[0.267s] Level 1:colcon.colcon_core.package_identification:_identify(space_robotics_gz_envs/assets/srb_assets/model/object) by extensions ['colcon_pkg']
[0.267s] Level 1:colcon.colcon_core.package_identification:_identify(space_robotics_gz_envs/assets/srb_assets/model/object) by extension 'colcon_pkg'
[0.267s] Level 1:colcon.colcon_core.package_identification:_identify(space_robotics_gz_envs/assets/srb_assets/model/object) by extensions ['colcon_meta']
[0.267s] Level 1:colcon.colcon_core.package_identification:_identify(space_robotics_gz_envs/assets/srb_assets/model/object) by extension 'colcon_meta'
[0.267s] Level 1:colcon.colcon_core.package_identification:_identify(space_robotics_gz_envs/assets/srb_assets/model/object) by extensions ['ros']
[0.267s] Level 1:colcon.colcon_core.package_identification:_identify(space_robotics_gz_envs/assets/srb_assets/model/object) by extension 'ros'
[0.267s] Level 1:colcon.colcon_core.package_identification:_identify(space_robotics_gz_envs/assets/srb_assets/model/object) by extensions ['cmake', 'python']
[0.267s] Level 1:colcon.colcon_core.package_identification:_identify(space_robotics_gz_envs/assets/srb_assets/model/object) by extension 'cmake'
[0.267s] Level 1:colcon.colcon_core.package_identification:_identify(space_robotics_gz_envs/assets/srb_assets/model/object) by extension 'python'
[0.267s] Level 1:colcon.colcon_core.package_identification:_identify(space_robotics_gz_envs/assets/srb_assets/model/object) by extensions ['python_setup_py']
[0.267s] Level 1:colcon.colcon_core.package_identification:_identify(space_robotics_gz_envs/assets/srb_assets/model/object) by extension 'python_setup_py'
[0.267s] Level 1:colcon.colcon_core.package_identification:_identify(space_robotics_gz_envs/assets/srb_assets/model/object/lunar_rock_procgen) by extensions ['ignore', 'ignore_ament_install']
[0.267s] Level 1:colcon.colcon_core.package_identification:_identify(space_robotics_gz_envs/assets/srb_assets/model/object/lunar_rock_procgen) by extension 'ignore'
[0.267s] Level 1:colcon.colcon_core.package_identification:_identify(space_robotics_gz_envs/assets/srb_assets/model/object/lunar_rock_procgen) by extension 'ignore_ament_install'
[0.267s] Level 1:colcon.colcon_core.package_identification:_identify(space_robotics_gz_envs/assets/srb_assets/model/object/lunar_rock_procgen) by extensions ['colcon_pkg']
[0.267s] Level 1:colcon.colcon_core.package_identification:_identify(space_robotics_gz_envs/assets/srb_assets/model/object/lunar_rock_procgen) by extension 'colcon_pkg'
[0.267s] Level 1:colcon.colcon_core.package_identification:_identify(space_robotics_gz_envs/assets/srb_assets/model/object/lunar_rock_procgen) by extensions ['colcon_meta']
[0.267s] Level 1:colcon.colcon_core.package_identification:_identify(space_robotics_gz_envs/assets/srb_assets/model/object/lunar_rock_procgen) by extension 'colcon_meta'
[0.267s] Level 1:colcon.colcon_core.package_identification:_identify(space_robotics_gz_envs/assets/srb_assets/model/object/lunar_rock_procgen) by extensions ['ros']
[0.267s] Level 1:colcon.colcon_core.package_identification:_identify(space_robotics_gz_envs/assets/srb_assets/model/object/lunar_rock_procgen) by extension 'ros'
[0.267s] Level 1:colcon.colcon_core.package_identification:_identify(space_robotics_gz_envs/assets/srb_assets/model/object/lunar_rock_procgen) by extensions ['cmake', 'python']
[0.267s] Level 1:colcon.colcon_core.package_identification:_identify(space_robotics_gz_envs/assets/srb_assets/model/object/lunar_rock_procgen) by extension 'cmake'
[0.267s] Level 1:colcon.colcon_core.package_identification:_identify(space_robotics_gz_envs/assets/srb_assets/model/object/lunar_rock_procgen) by extension 'python'
[0.267s] Level 1:colcon.colcon_core.package_identification:_identify(space_robotics_gz_envs/assets/srb_assets/model/object/lunar_rock_procgen) by extensions ['python_setup_py']
[0.267s] Level 1:colcon.colcon_core.package_identification:_identify(space_robotics_gz_envs/assets/srb_assets/model/object/lunar_rock_procgen) by extension 'python_setup_py'
[0.267s] Level 1:colcon.colcon_core.package_identification:_identify(space_robotics_gz_envs/assets/srb_assets/model/object/martian_rock_procgen) by extensions ['ignore', 'ignore_ament_install']
[0.267s] Level 1:colcon.colcon_core.package_identification:_identify(space_robotics_gz_envs/assets/srb_assets/model/object/martian_rock_procgen) by extension 'ignore'
[0.267s] Level 1:colcon.colcon_core.package_identification:_identify(space_robotics_gz_envs/assets/srb_assets/model/object/martian_rock_procgen) by extension 'ignore_ament_install'
[0.267s] Level 1:colcon.colcon_core.package_identification:_identify(space_robotics_gz_envs/assets/srb_assets/model/object/martian_rock_procgen) by extensions ['colcon_pkg']
[0.267s] Level 1:colcon.colcon_core.package_identification:_identify(space_robotics_gz_envs/assets/srb_assets/model/object/martian_rock_procgen) by extension 'colcon_pkg'
[0.268s] Level 1:colcon.colcon_core.package_identification:_identify(space_robotics_gz_envs/assets/srb_assets/model/object/martian_rock_procgen) by extensions ['colcon_meta']
[0.268s] Level 1:colcon.colcon_core.package_identification:_identify(space_robotics_gz_envs/assets/srb_assets/model/object/martian_rock_procgen) by extension 'colcon_meta'
[0.268s] Level 1:colcon.colcon_core.package_identification:_identify(space_robotics_gz_envs/assets/srb_assets/model/object/martian_rock_procgen) by extensions ['ros']
[0.268s] Level 1:colcon.colcon_core.package_identification:_identify(space_robotics_gz_envs/assets/srb_assets/model/object/martian_rock_procgen) by extension 'ros'
[0.268s] Level 1:colcon.colcon_core.package_identification:_identify(space_robotics_gz_envs/assets/srb_assets/model/object/martian_rock_procgen) by extensions ['cmake', 'python']
[0.268s] Level 1:colcon.colcon_core.package_identification:_identify(space_robotics_gz_envs/assets/srb_assets/model/object/martian_rock_procgen) by extension 'cmake'
[0.268s] Level 1:colcon.colcon_core.package_identification:_identify(space_robotics_gz_envs/assets/srb_assets/model/object/martian_rock_procgen) by extension 'python'
[0.268s] Level 1:colcon.colcon_core.package_identification:_identify(space_robotics_gz_envs/assets/srb_assets/model/object/martian_rock_procgen) by extensions ['python_setup_py']
[0.268s] Level 1:colcon.colcon_core.package_identification:_identify(space_robotics_gz_envs/assets/srb_assets/model/object/martian_rock_procgen) by extension 'python_setup_py'
[0.268s] Level 1:colcon.colcon_core.package_identification:_identify(space_robotics_gz_envs/assets/srb_assets/model/object/peg_in_hole_procgen) by extensions ['ignore', 'ignore_ament_install']
[0.268s] Level 1:colcon.colcon_core.package_identification:_identify(space_robotics_gz_envs/assets/srb_assets/model/object/peg_in_hole_procgen) by extension 'ignore'
[0.268s] Level 1:colcon.colcon_core.package_identification:_identify(space_robotics_gz_envs/assets/srb_assets/model/object/peg_in_hole_procgen) by extension 'ignore_ament_install'
[0.268s] Level 1:colcon.colcon_core.package_identification:_identify(space_robotics_gz_envs/assets/srb_assets/model/object/peg_in_hole_procgen) by extensions ['colcon_pkg']
[0.268s] Level 1:colcon.colcon_core.package_identification:_identify(space_robotics_gz_envs/assets/srb_assets/model/object/peg_in_hole_procgen) by extension 'colcon_pkg'
[0.268s] Level 1:colcon.colcon_core.package_identification:_identify(space_robotics_gz_envs/assets/srb_assets/model/object/peg_in_hole_procgen) by extensions ['colcon_meta']
[0.268s] Level 1:colcon.colcon_core.package_identification:_identify(space_robotics_gz_envs/assets/srb_assets/model/object/peg_in_hole_procgen) by extension 'colcon_meta'
[0.268s] Level 1:colcon.colcon_core.package_identification:_identify(space_robotics_gz_envs/assets/srb_assets/model/object/peg_in_hole_procgen) by extensions ['ros']
[0.268s] Level 1:colcon.colcon_core.package_identification:_identify(space_robotics_gz_envs/assets/srb_assets/model/object/peg_in_hole_procgen) by extension 'ros'
[0.268s] Level 1:colcon.colcon_core.package_identification:_identify(space_robotics_gz_envs/assets/srb_assets/model/object/peg_in_hole_procgen) by extensions ['cmake', 'python']
[0.268s] Level 1:colcon.colcon_core.package_identification:_identify(space_robotics_gz_envs/assets/srb_assets/model/object/peg_in_hole_procgen) by extension 'cmake'
[0.268s] Level 1:colcon.colcon_core.package_identification:_identify(space_robotics_gz_envs/assets/srb_assets/model/object/peg_in_hole_procgen) by extension 'python'
[0.268s] Level 1:colcon.colcon_core.package_identification:_identify(space_robotics_gz_envs/assets/srb_assets/model/object/peg_in_hole_procgen) by extensions ['python_setup_py']
[0.268s] Level 1:colcon.colcon_core.package_identification:_identify(space_robotics_gz_envs/assets/srb_assets/model/object/peg_in_hole_procgen) by extension 'python_setup_py'
[0.268s] Level 1:colcon.colcon_core.package_identification:_identify(space_robotics_gz_envs/assets/srb_assets/model/object/peg_in_hole_profile) by extensions ['ignore', 'ignore_ament_install']
[0.268s] Level 1:colcon.colcon_core.package_identification:_identify(space_robotics_gz_envs/assets/srb_assets/model/object/peg_in_hole_profile) by extension 'ignore'
[0.268s] Level 1:colcon.colcon_core.package_identification:_identify(space_robotics_gz_envs/assets/srb_assets/model/object/peg_in_hole_profile) by extension 'ignore_ament_install'
[0.268s] Level 1:colcon.colcon_core.package_identification:_identify(space_robotics_gz_envs/assets/srb_assets/model/object/peg_in_hole_profile) by extensions ['colcon_pkg']
[0.268s] Level 1:colcon.colcon_core.package_identification:_identify(space_robotics_gz_envs/assets/srb_assets/model/object/peg_in_hole_profile) by extension 'colcon_pkg'
[0.268s] Level 1:colcon.colcon_core.package_identification:_identify(space_robotics_gz_envs/assets/srb_assets/model/object/peg_in_hole_profile) by extensions ['colcon_meta']
[0.268s] Level 1:colcon.colcon_core.package_identification:_identify(space_robotics_gz_envs/assets/srb_assets/model/object/peg_in_hole_profile) by extension 'colcon_meta'
[0.269s] Level 1:colcon.colcon_core.package_identification:_identify(space_robotics_gz_envs/assets/srb_assets/model/object/peg_in_hole_profile) by extensions ['ros']
[0.269s] Level 1:colcon.colcon_core.package_identification:_identify(space_robotics_gz_envs/assets/srb_assets/model/object/peg_in_hole_profile) by extension 'ros'
[0.269s] Level 1:colcon.colcon_core.package_identification:_identify(space_robotics_gz_envs/assets/srb_assets/model/object/peg_in_hole_profile) by extensions ['cmake', 'python']
[0.269s] Level 1:colcon.colcon_core.package_identification:_identify(space_robotics_gz_envs/assets/srb_assets/model/object/peg_in_hole_profile) by extension 'cmake'
[0.269s] Level 1:colcon.colcon_core.package_identification:_identify(space_robotics_gz_envs/assets/srb_assets/model/object/peg_in_hole_profile) by extension 'python'
[0.269s] Level 1:colcon.colcon_core.package_identification:_identify(space_robotics_gz_envs/assets/srb_assets/model/object/peg_in_hole_profile) by extensions ['python_setup_py']
[0.269s] Level 1:colcon.colcon_core.package_identification:_identify(space_robotics_gz_envs/assets/srb_assets/model/object/peg_in_hole_profile) by extension 'python_setup_py'
[0.269s] Level 1:colcon.colcon_core.package_identification:_identify(space_robotics_gz_envs/assets/srb_assets/model/object/sample_tube) by extensions ['ignore', 'ignore_ament_install']
[0.269s] Level 1:colcon.colcon_core.package_identification:_identify(space_robotics_gz_envs/assets/srb_assets/model/object/sample_tube) by extension 'ignore'
[0.269s] Level 1:colcon.colcon_core.package_identification:_identify(space_robotics_gz_envs/assets/srb_assets/model/object/sample_tube) by extension 'ignore_ament_install'
[0.269s] Level 1:colcon.colcon_core.package_identification:_identify(space_robotics_gz_envs/assets/srb_assets/model/object/sample_tube) by extensions ['colcon_pkg']
[0.269s] Level 1:colcon.colcon_core.package_identification:_identify(space_robotics_gz_envs/assets/srb_assets/model/object/sample_tube) by extension 'colcon_pkg'
[0.269s] Level 1:colcon.colcon_core.package_identification:_identify(space_robotics_gz_envs/assets/srb_assets/model/object/sample_tube) by extensions ['colcon_meta']
[0.269s] Level 1:colcon.colcon_core.package_identification:_identify(space_robotics_gz_envs/assets/srb_assets/model/object/sample_tube) by extension 'colcon_meta'
[0.269s] Level 1:colcon.colcon_core.package_identification:_identify(space_robotics_gz_envs/assets/srb_assets/model/object/sample_tube) by extensions ['ros']
[0.269s] Level 1:colcon.colcon_core.package_identification:_identify(space_robotics_gz_envs/assets/srb_assets/model/object/sample_tube) by extension 'ros'
[0.269s] Level 1:colcon.colcon_core.package_identification:_identify(space_robotics_gz_envs/assets/srb_assets/model/object/sample_tube) by extensions ['cmake', 'python']
[0.269s] Level 1:colcon.colcon_core.package_identification:_identify(space_robotics_gz_envs/assets/srb_assets/model/object/sample_tube) by extension 'cmake'
[0.269s] Level 1:colcon.colcon_core.package_identification:_identify(space_robotics_gz_envs/assets/srb_assets/model/object/sample_tube) by extension 'python'
[0.269s] Level 1:colcon.colcon_core.package_identification:_identify(space_robotics_gz_envs/assets/srb_assets/model/object/sample_tube) by extensions ['python_setup_py']
[0.269s] Level 1:colcon.colcon_core.package_identification:_identify(space_robotics_gz_envs/assets/srb_assets/model/object/sample_tube) by extension 'python_setup_py'
[0.269s] Level 1:colcon.colcon_core.package_identification:_identify(space_robotics_gz_envs/assets/srb_assets/model/object/solar_panel) by extensions ['ignore', 'ignore_ament_install']
[0.269s] Level 1:colcon.colcon_core.package_identification:_identify(space_robotics_gz_envs/assets/srb_assets/model/object/solar_panel) by extension 'ignore'
[0.269s] Level 1:colcon.colcon_core.package_identification:_identify(space_robotics_gz_envs/assets/srb_assets/model/object/solar_panel) by extension 'ignore_ament_install'
[0.269s] Level 1:colcon.colcon_core.package_identification:_identify(space_robotics_gz_envs/assets/srb_assets/model/object/solar_panel) by extensions ['colcon_pkg']
[0.269s] Level 1:colcon.colcon_core.package_identification:_identify(space_robotics_gz_envs/assets/srb_assets/model/object/solar_panel) by extension 'colcon_pkg'
[0.269s] Level 1:colcon.colcon_core.package_identification:_identify(space_robotics_gz_envs/assets/srb_assets/model/object/solar_panel) by extensions ['colcon_meta']
[0.269s] Level 1:colcon.colcon_core.package_identification:_identify(space_robotics_gz_envs/assets/srb_assets/model/object/solar_panel) by extension 'colcon_meta'
[0.270s] Level 1:colcon.colcon_core.package_identification:_identify(space_robotics_gz_envs/assets/srb_assets/model/object/solar_panel) by extensions ['ros']
[0.270s] Level 1:colcon.colcon_core.package_identification:_identify(space_robotics_gz_envs/assets/srb_assets/model/object/solar_panel) by extension 'ros'
[0.270s] Level 1:colcon.colcon_core.package_identification:_identify(space_robotics_gz_envs/assets/srb_assets/model/object/solar_panel) by extensions ['cmake', 'python']
[0.270s] Level 1:colcon.colcon_core.package_identification:_identify(space_robotics_gz_envs/assets/srb_assets/model/object/solar_panel) by extension 'cmake'
[0.270s] Level 1:colcon.colcon_core.package_identification:_identify(space_robotics_gz_envs/assets/srb_assets/model/object/solar_panel) by extension 'python'
[0.270s] Level 1:colcon.colcon_core.package_identification:_identify(space_robotics_gz_envs/assets/srb_assets/model/object/solar_panel) by extensions ['python_setup_py']
[0.270s] Level 1:colcon.colcon_core.package_identification:_identify(space_robotics_gz_envs/assets/srb_assets/model/object/solar_panel) by extension 'python_setup_py'
[0.270s] Level 1:colcon.colcon_core.package_identification:_identify(space_robotics_gz_envs/assets/srb_assets/model/object/solar_panel/textures) by extensions ['ignore', 'ignore_ament_install']
[0.270s] Level 1:colcon.colcon_core.package_identification:_identify(space_robotics_gz_envs/assets/srb_assets/model/object/solar_panel/textures) by extension 'ignore'
[0.270s] Level 1:colcon.colcon_core.package_identification:_identify(space_robotics_gz_envs/assets/srb_assets/model/object/solar_panel/textures) by extension 'ignore_ament_install'
[0.270s] Level 1:colcon.colcon_core.package_identification:_identify(space_robotics_gz_envs/assets/srb_assets/model/object/solar_panel/textures) by extensions ['colcon_pkg']
[0.270s] Level 1:colcon.colcon_core.package_identification:_identify(space_robotics_gz_envs/assets/srb_assets/model/object/solar_panel/textures) by extension 'colcon_pkg'
[0.270s] Level 1:colcon.colcon_core.package_identification:_identify(space_robotics_gz_envs/assets/srb_assets/model/object/solar_panel/textures) by extensions ['colcon_meta']
[0.270s] Level 1:colcon.colcon_core.package_identification:_identify(space_robotics_gz_envs/assets/srb_assets/model/object/solar_panel/textures) by extension 'colcon_meta'
[0.270s] Level 1:colcon.colcon_core.package_identification:_identify(space_robotics_gz_envs/assets/srb_assets/model/object/solar_panel/textures) by extensions ['ros']
[0.270s] Level 1:colcon.colcon_core.package_identification:_identify(space_robotics_gz_envs/assets/srb_assets/model/object/solar_panel/textures) by extension 'ros'
[0.270s] Level 1:colcon.colcon_core.package_identification:_identify(space_robotics_gz_envs/assets/srb_assets/model/object/solar_panel/textures) by extensions ['cmake', 'python']
[0.270s] Level 1:colcon.colcon_core.package_identification:_identify(space_robotics_gz_envs/assets/srb_assets/model/object/solar_panel/textures) by extension 'cmake'
[0.270s] Level 1:colcon.colcon_core.package_identification:_identify(space_robotics_gz_envs/assets/srb_assets/model/object/solar_panel/textures) by extension 'python'
[0.270s] Level 1:colcon.colcon_core.package_identification:_identify(space_robotics_gz_envs/assets/srb_assets/model/object/solar_panel/textures) by extensions ['python_setup_py']
[0.270s] Level 1:colcon.colcon_core.package_identification:_identify(space_robotics_gz_envs/assets/srb_assets/model/object/solar_panel/textures) by extension 'python_setup_py'
[0.270s] Level 1:colcon.colcon_core.package_identification:_identify(space_robotics_gz_envs/assets/srb_assets/model/object/solar_panel_procgen) by extensions ['ignore', 'ignore_ament_install']
[0.270s] Level 1:colcon.colcon_core.package_identification:_identify(space_robotics_gz_envs/assets/srb_assets/model/object/solar_panel_procgen) by extension 'ignore'
[0.270s] Level 1:colcon.colcon_core.package_identification:_identify(space_robotics_gz_envs/assets/srb_assets/model/object/solar_panel_procgen) by extension 'ignore_ament_install'
[0.270s] Level 1:colcon.colcon_core.package_identification:_identify(space_robotics_gz_envs/assets/srb_assets/model/object/solar_panel_procgen) by extensions ['colcon_pkg']
[0.270s] Level 1:colcon.colcon_core.package_identification:_identify(space_robotics_gz_envs/assets/srb_assets/model/object/solar_panel_procgen) by extension 'colcon_pkg'
[0.271s] Level 1:colcon.colcon_core.package_identification:_identify(space_robotics_gz_envs/assets/srb_assets/model/object/solar_panel_procgen) by extensions ['colcon_meta']
[0.271s] Level 1:colcon.colcon_core.package_identification:_identify(space_robotics_gz_envs/assets/srb_assets/model/object/solar_panel_procgen) by extension 'colcon_meta'
[0.271s] Level 1:colcon.colcon_core.package_identification:_identify(space_robotics_gz_envs/assets/srb_assets/model/object/solar_panel_procgen) by extensions ['ros']
[0.271s] Level 1:colcon.colcon_core.package_identification:_identify(space_robotics_gz_envs/assets/srb_assets/model/object/solar_panel_procgen) by extension 'ros'
[0.271s] Level 1:colcon.colcon_core.package_identification:_identify(space_robotics_gz_envs/assets/srb_assets/model/object/solar_panel_procgen) by extensions ['cmake', 'python']
[0.271s] Level 1:colcon.colcon_core.package_identification:_identify(space_robotics_gz_envs/assets/srb_assets/model/object/solar_panel_procgen) by extension 'cmake'
[0.271s] Level 1:colcon.colcon_core.package_identification:_identify(space_robotics_gz_envs/assets/srb_assets/model/object/solar_panel_procgen) by extension 'python'
[0.271s] Level 1:colcon.colcon_core.package_identification:_identify(space_robotics_gz_envs/assets/srb_assets/model/object/solar_panel_procgen) by extensions ['python_setup_py']
[0.271s] Level 1:colcon.colcon_core.package_identification:_identify(space_robotics_gz_envs/assets/srb_assets/model/object/solar_panel_procgen) by extension 'python_setup_py'
[0.271s] Level 1:colcon.colcon_core.package_identification:_identify(space_robotics_gz_envs/assets/srb_assets/model/robot) by extensions ['ignore', 'ignore_ament_install']
[0.271s] Level 1:colcon.colcon_core.package_identification:_identify(space_robotics_gz_envs/assets/srb_assets/model/robot) by extension 'ignore'
[0.271s] Level 1:colcon.colcon_core.package_identification:_identify(space_robotics_gz_envs/assets/srb_assets/model/robot) by extension 'ignore_ament_install'
[0.271s] Level 1:colcon.colcon_core.package_identification:_identify(space_robotics_gz_envs/assets/srb_assets/model/robot) by extensions ['colcon_pkg']
[0.271s] Level 1:colcon.colcon_core.package_identification:_identify(space_robotics_gz_envs/assets/srb_assets/model/robot) by extension 'colcon_pkg'
[0.271s] Level 1:colcon.colcon_core.package_identification:_identify(space_robotics_gz_envs/assets/srb_assets/model/robot) by extensions ['colcon_meta']
[0.271s] Level 1:colcon.colcon_core.package_identification:_identify(space_robotics_gz_envs/assets/srb_assets/model/robot) by extension 'colcon_meta'
[0.271s] Level 1:colcon.colcon_core.package_identification:_identify(space_robotics_gz_envs/assets/srb_assets/model/robot) by extensions ['ros']
[0.271s] Level 1:colcon.colcon_core.package_identification:_identify(space_robotics_gz_envs/assets/srb_assets/model/robot) by extension 'ros'
[0.271s] Level 1:colcon.colcon_core.package_identification:_identify(space_robotics_gz_envs/assets/srb_assets/model/robot) by extensions ['cmake', 'python']
[0.271s] Level 1:colcon.colcon_core.package_identification:_identify(space_robotics_gz_envs/assets/srb_assets/model/robot) by extension 'cmake'
[0.271s] Level 1:colcon.colcon_core.package_identification:_identify(space_robotics_gz_envs/assets/srb_assets/model/robot) by extension 'python'
[0.271s] Level 1:colcon.colcon_core.package_identification:_identify(space_robotics_gz_envs/assets/srb_assets/model/robot) by extensions ['python_setup_py']
[0.271s] Level 1:colcon.colcon_core.package_identification:_identify(space_robotics_gz_envs/assets/srb_assets/model/robot) by extension 'python_setup_py'
[0.271s] Level 1:colcon.colcon_core.package_identification:_identify(space_robotics_gz_envs/assets/srb_assets/model/robot/canadarm3_large) by extensions ['ignore', 'ignore_ament_install']
[0.271s] Level 1:colcon.colcon_core.package_identification:_identify(space_robotics_gz_envs/assets/srb_assets/model/robot/canadarm3_large) by extension 'ignore'
[0.271s] Level 1:colcon.colcon_core.package_identification:_identify(space_robotics_gz_envs/assets/srb_assets/model/robot/canadarm3_large) by extension 'ignore_ament_install'
[0.272s] Level 1:colcon.colcon_core.package_identification:_identify(space_robotics_gz_envs/assets/srb_assets/model/robot/canadarm3_large) by extensions ['colcon_pkg']
[0.272s] Level 1:colcon.colcon_core.package_identification:_identify(space_robotics_gz_envs/assets/srb_assets/model/robot/canadarm3_large) by extension 'colcon_pkg'
[0.272s] Level 1:colcon.colcon_core.package_identification:_identify(space_robotics_gz_envs/assets/srb_assets/model/robot/canadarm3_large) by extensions ['colcon_meta']
[0.272s] Level 1:colcon.colcon_core.package_identification:_identify(space_robotics_gz_envs/assets/srb_assets/model/robot/canadarm3_large) by extension 'colcon_meta'
[0.272s] Level 1:colcon.colcon_core.package_identification:_identify(space_robotics_gz_envs/assets/srb_assets/model/robot/canadarm3_large) by extensions ['ros']
[0.272s] Level 1:colcon.colcon_core.package_identification:_identify(space_robotics_gz_envs/assets/srb_assets/model/robot/canadarm3_large) by extension 'ros'
[0.272s] Level 1:colcon.colcon_core.package_identification:_identify(space_robotics_gz_envs/assets/srb_assets/model/robot/canadarm3_large) by extensions ['cmake', 'python']
[0.272s] Level 1:colcon.colcon_core.package_identification:_identify(space_robotics_gz_envs/assets/srb_assets/model/robot/canadarm3_large) by extension 'cmake'
[0.272s] Level 1:colcon.colcon_core.package_identification:_identify(space_robotics_gz_envs/assets/srb_assets/model/robot/canadarm3_large) by extension 'python'
[0.272s] Level 1:colcon.colcon_core.package_identification:_identify(space_robotics_gz_envs/assets/srb_assets/model/robot/canadarm3_large) by extensions ['python_setup_py']
[0.272s] Level 1:colcon.colcon_core.package_identification:_identify(space_robotics_gz_envs/assets/srb_assets/model/robot/canadarm3_large) by extension 'python_setup_py'
[0.272s] Level 1:colcon.colcon_core.package_identification:_identify(space_robotics_gz_envs/assets/srb_assets/model/robot/canadarm3_large/textures) by extensions ['ignore', 'ignore_ament_install']
[0.272s] Level 1:colcon.colcon_core.package_identification:_identify(space_robotics_gz_envs/assets/srb_assets/model/robot/canadarm3_large/textures) by extension 'ignore'
[0.272s] Level 1:colcon.colcon_core.package_identification:_identify(space_robotics_gz_envs/assets/srb_assets/model/robot/canadarm3_large/textures) by extension 'ignore_ament_install'
[0.272s] Level 1:colcon.colcon_core.package_identification:_identify(space_robotics_gz_envs/assets/srb_assets/model/robot/canadarm3_large/textures) by extensions ['colcon_pkg']
[0.272s] Level 1:colcon.colcon_core.package_identification:_identify(space_robotics_gz_envs/assets/srb_assets/model/robot/canadarm3_large/textures) by extension 'colcon_pkg'
[0.272s] Level 1:colcon.colcon_core.package_identification:_identify(space_robotics_gz_envs/assets/srb_assets/model/robot/canadarm3_large/textures) by extensions ['colcon_meta']
[0.272s] Level 1:colcon.colcon_core.package_identification:_identify(space_robotics_gz_envs/assets/srb_assets/model/robot/canadarm3_large/textures) by extension 'colcon_meta'
[0.272s] Level 1:colcon.colcon_core.package_identification:_identify(space_robotics_gz_envs/assets/srb_assets/model/robot/canadarm3_large/textures) by extensions ['ros']
[0.272s] Level 1:colcon.colcon_core.package_identification:_identify(space_robotics_gz_envs/assets/srb_assets/model/robot/canadarm3_large/textures) by extension 'ros'
[0.272s] Level 1:colcon.colcon_core.package_identification:_identify(space_robotics_gz_envs/assets/srb_assets/model/robot/canadarm3_large/textures) by extensions ['cmake', 'python']
[0.272s] Level 1:colcon.colcon_core.package_identification:_identify(space_robotics_gz_envs/assets/srb_assets/model/robot/canadarm3_large/textures) by extension 'cmake'
[0.272s] Level 1:colcon.colcon_core.package_identification:_identify(space_robotics_gz_envs/assets/srb_assets/model/robot/canadarm3_large/textures) by extension 'python'
[0.272s] Level 1:colcon.colcon_core.package_identification:_identify(space_robotics_gz_envs/assets/srb_assets/model/robot/canadarm3_large/textures) by extensions ['python_setup_py']
[0.272s] Level 1:colcon.colcon_core.package_identification:_identify(space_robotics_gz_envs/assets/srb_assets/model/robot/canadarm3_large/textures) by extension 'python_setup_py'
[0.273s] Level 1:colcon.colcon_core.package_identification:_identify(space_robotics_gz_envs/assets/srb_assets/model/robot/franka) by extensions ['ignore', 'ignore_ament_install']
[0.273s] Level 1:colcon.colcon_core.package_identification:_identify(space_robotics_gz_envs/assets/srb_assets/model/robot/franka) by extension 'ignore'
[0.273s] Level 1:colcon.colcon_core.package_identification:_identify(space_robotics_gz_envs/assets/srb_assets/model/robot/franka) by extension 'ignore_ament_install'
[0.273s] Level 1:colcon.colcon_core.package_identification:_identify(space_robotics_gz_envs/assets/srb_assets/model/robot/franka) by extensions ['colcon_pkg']
[0.273s] Level 1:colcon.colcon_core.package_identification:_identify(space_robotics_gz_envs/assets/srb_assets/model/robot/franka) by extension 'colcon_pkg'
[0.273s] Level 1:colcon.colcon_core.package_identification:_identify(space_robotics_gz_envs/assets/srb_assets/model/robot/franka) by extensions ['colcon_meta']
[0.273s] Level 1:colcon.colcon_core.package_identification:_identify(space_robotics_gz_envs/assets/srb_assets/model/robot/franka) by extension 'colcon_meta'
[0.273s] Level 1:colcon.colcon_core.package_identification:_identify(space_robotics_gz_envs/assets/srb_assets/model/robot/franka) by extensions ['ros']
[0.273s] Level 1:colcon.colcon_core.package_identification:_identify(space_robotics_gz_envs/assets/srb_assets/model/robot/franka) by extension 'ros'
[0.273s] Level 1:colcon.colcon_core.package_identification:_identify(space_robotics_gz_envs/assets/srb_assets/model/robot/franka) by extensions ['cmake', 'python']
[0.273s] Level 1:colcon.colcon_core.package_identification:_identify(space_robotics_gz_envs/assets/srb_assets/model/robot/franka) by extension 'cmake'
[0.273s] Level 1:colcon.colcon_core.package_identification:_identify(space_robotics_gz_envs/assets/srb_assets/model/robot/franka) by extension 'python'
[0.273s] Level 1:colcon.colcon_core.package_identification:_identify(space_robotics_gz_envs/assets/srb_assets/model/robot/franka) by extensions ['python_setup_py']
[0.273s] Level 1:colcon.colcon_core.package_identification:_identify(space_robotics_gz_envs/assets/srb_assets/model/robot/franka) by extension 'python_setup_py'
[0.273s] Level 1:colcon.colcon_core.package_identification:_identify(space_robotics_gz_envs/assets/srb_assets/model/robot/ingenuity) by extensions ['ignore', 'ignore_ament_install']
[0.273s] Level 1:colcon.colcon_core.package_identification:_identify(space_robotics_gz_envs/assets/srb_assets/model/robot/ingenuity) by extension 'ignore'
[0.273s] Level 1:colcon.colcon_core.package_identification:_identify(space_robotics_gz_envs/assets/srb_assets/model/robot/ingenuity) by extension 'ignore_ament_install'
[0.273s] Level 1:colcon.colcon_core.package_identification:_identify(space_robotics_gz_envs/assets/srb_assets/model/robot/ingenuity) by extensions ['colcon_pkg']
[0.273s] Level 1:colcon.colcon_core.package_identification:_identify(space_robotics_gz_envs/assets/srb_assets/model/robot/ingenuity) by extension 'colcon_pkg'
[0.273s] Level 1:colcon.colcon_core.package_identification:_identify(space_robotics_gz_envs/assets/srb_assets/model/robot/ingenuity) by extensions ['colcon_meta']
[0.273s] Level 1:colcon.colcon_core.package_identification:_identify(space_robotics_gz_envs/assets/srb_assets/model/robot/ingenuity) by extension 'colcon_meta'
[0.273s] Level 1:colcon.colcon_core.package_identification:_identify(space_robotics_gz_envs/assets/srb_assets/model/robot/ingenuity) by extensions ['ros']
[0.273s] Level 1:colcon.colcon_core.package_identification:_identify(space_robotics_gz_envs/assets/srb_assets/model/robot/ingenuity) by extension 'ros'
[0.274s] Level 1:colcon.colcon_core.package_identification:_identify(space_robotics_gz_envs/assets/srb_assets/model/robot/ingenuity) by extensions ['cmake', 'python']
[0.274s] Level 1:colcon.colcon_core.package_identification:_identify(space_robotics_gz_envs/assets/srb_assets/model/robot/ingenuity) by extension 'cmake'
[0.274s] Level 1:colcon.colcon_core.package_identification:_identify(space_robotics_gz_envs/assets/srb_assets/model/robot/ingenuity) by extension 'python'
[0.274s] Level 1:colcon.colcon_core.package_identification:_identify(space_robotics_gz_envs/assets/srb_assets/model/robot/ingenuity) by extensions ['python_setup_py']
[0.274s] Level 1:colcon.colcon_core.package_identification:_identify(space_robotics_gz_envs/assets/srb_assets/model/robot/ingenuity) by extension 'python_setup_py'
[0.274s] Level 1:colcon.colcon_core.package_identification:_identify(space_robotics_gz_envs/assets/srb_assets/model/robot/ingenuity/textures) by extensions ['ignore', 'ignore_ament_install']
[0.274s] Level 1:colcon.colcon_core.package_identification:_identify(space_robotics_gz_envs/assets/srb_assets/model/robot/ingenuity/textures) by extension 'ignore'
[0.274s] Level 1:colcon.colcon_core.package_identification:_identify(space_robotics_gz_envs/assets/srb_assets/model/robot/ingenuity/textures) by extension 'ignore_ament_install'
[0.274s] Level 1:colcon.colcon_core.package_identification:_identify(space_robotics_gz_envs/assets/srb_assets/model/robot/ingenuity/textures) by extensions ['colcon_pkg']
[0.274s] Level 1:colcon.colcon_core.package_identification:_identify(space_robotics_gz_envs/assets/srb_assets/model/robot/ingenuity/textures) by extension 'colcon_pkg'
[0.274s] Level 1:colcon.colcon_core.package_identification:_identify(space_robotics_gz_envs/assets/srb_assets/model/robot/ingenuity/textures) by extensions ['colcon_meta']
[0.274s] Level 1:colcon.colcon_core.package_identification:_identify(space_robotics_gz_envs/assets/srb_assets/model/robot/ingenuity/textures) by extension 'colcon_meta'
[0.274s] Level 1:colcon.colcon_core.package_identification:_identify(space_robotics_gz_envs/assets/srb_assets/model/robot/ingenuity/textures) by extensions ['ros']
[0.274s] Level 1:colcon.colcon_core.package_identification:_identify(space_robotics_gz_envs/assets/srb_assets/model/robot/ingenuity/textures) by extension 'ros'
[0.274s] Level 1:colcon.colcon_core.package_identification:_identify(space_robotics_gz_envs/assets/srb_assets/model/robot/ingenuity/textures) by extensions ['cmake', 'python']
[0.274s] Level 1:colcon.colcon_core.package_identification:_identify(space_robotics_gz_envs/assets/srb_assets/model/robot/ingenuity/textures) by extension 'cmake'
[0.274s] Level 1:colcon.colcon_core.package_identification:_identify(space_robotics_gz_envs/assets/srb_assets/model/robot/ingenuity/textures) by extension 'python'
[0.274s] Level 1:colcon.colcon_core.package_identification:_identify(space_robotics_gz_envs/assets/srb_assets/model/robot/ingenuity/textures) by extensions ['python_setup_py']
[0.274s] Level 1:colcon.colcon_core.package_identification:_identify(space_robotics_gz_envs/assets/srb_assets/model/robot/ingenuity/textures) by extension 'python_setup_py'
[0.274s] Level 1:colcon.colcon_core.package_identification:_identify(space_robotics_gz_envs/assets/srb_assets/model/robot/perseverance) by extensions ['ignore', 'ignore_ament_install']
[0.274s] Level 1:colcon.colcon_core.package_identification:_identify(space_robotics_gz_envs/assets/srb_assets/model/robot/perseverance) by extension 'ignore'
[0.274s] Level 1:colcon.colcon_core.package_identification:_identify(space_robotics_gz_envs/assets/srb_assets/model/robot/perseverance) by extension 'ignore_ament_install'
[0.274s] Level 1:colcon.colcon_core.package_identification:_identify(space_robotics_gz_envs/assets/srb_assets/model/robot/perseverance) by extensions ['colcon_pkg']
[0.274s] Level 1:colcon.colcon_core.package_identification:_identify(space_robotics_gz_envs/assets/srb_assets/model/robot/perseverance) by extension 'colcon_pkg'
[0.274s] Level 1:colcon.colcon_core.package_identification:_identify(space_robotics_gz_envs/assets/srb_assets/model/robot/perseverance) by extensions ['colcon_meta']
[0.274s] Level 1:colcon.colcon_core.package_identification:_identify(space_robotics_gz_envs/assets/srb_assets/model/robot/perseverance) by extension 'colcon_meta'
[0.274s] Level 1:colcon.colcon_core.package_identification:_identify(space_robotics_gz_envs/assets/srb_assets/model/robot/perseverance) by extensions ['ros']
[0.275s] Level 1:colcon.colcon_core.package_identification:_identify(space_robotics_gz_envs/assets/srb_assets/model/robot/perseverance) by extension 'ros'
[0.275s] Level 1:colcon.colcon_core.package_identification:_identify(space_robotics_gz_envs/assets/srb_assets/model/robot/perseverance) by extensions ['cmake', 'python']
[0.275s] Level 1:colcon.colcon_core.package_identification:_identify(space_robotics_gz_envs/assets/srb_assets/model/robot/perseverance) by extension 'cmake'
[0.275s] Level 1:colcon.colcon_core.package_identification:_identify(space_robotics_gz_envs/assets/srb_assets/model/robot/perseverance) by extension 'python'
[0.275s] Level 1:colcon.colcon_core.package_identification:_identify(space_robotics_gz_envs/assets/srb_assets/model/robot/perseverance) by extensions ['python_setup_py']
[0.275s] Level 1:colcon.colcon_core.package_identification:_identify(space_robotics_gz_envs/assets/srb_assets/model/robot/perseverance) by extension 'python_setup_py'
[0.275s] Level 1:colcon.colcon_core.package_identification:_identify(space_robotics_gz_envs/assets/srb_assets/model/robot/perseverance/textures) by extensions ['ignore', 'ignore_ament_install']
[0.275s] Level 1:colcon.colcon_core.package_identification:_identify(space_robotics_gz_envs/assets/srb_assets/model/robot/perseverance/textures) by extension 'ignore'
[0.275s] Level 1:colcon.colcon_core.package_identification:_identify(space_robotics_gz_envs/assets/srb_assets/model/robot/perseverance/textures) by extension 'ignore_ament_install'
[0.275s] Level 1:colcon.colcon_core.package_identification:_identify(space_robotics_gz_envs/assets/srb_assets/model/robot/perseverance/textures) by extensions ['colcon_pkg']
[0.275s] Level 1:colcon.colcon_core.package_identification:_identify(space_robotics_gz_envs/assets/srb_assets/model/robot/perseverance/textures) by extension 'colcon_pkg'
[0.275s] Level 1:colcon.colcon_core.package_identification:_identify(space_robotics_gz_envs/assets/srb_assets/model/robot/perseverance/textures) by extensions ['colcon_meta']
[0.275s] Level 1:colcon.colcon_core.package_identification:_identify(space_robotics_gz_envs/assets/srb_assets/model/robot/perseverance/textures) by extension 'colcon_meta'
[0.275s] Level 1:colcon.colcon_core.package_identification:_identify(space_robotics_gz_envs/assets/srb_assets/model/robot/perseverance/textures) by extensions ['ros']
[0.275s] Level 1:colcon.colcon_core.package_identification:_identify(space_robotics_gz_envs/assets/srb_assets/model/robot/perseverance/textures) by extension 'ros'
[0.275s] Level 1:colcon.colcon_core.package_identification:_identify(space_robotics_gz_envs/assets/srb_assets/model/robot/perseverance/textures) by extensions ['cmake', 'python']
[0.275s] Level 1:colcon.colcon_core.package_identification:_identify(space_robotics_gz_envs/assets/srb_assets/model/robot/perseverance/textures) by extension 'cmake'
[0.275s] Level 1:colcon.colcon_core.package_identification:_identify(space_robotics_gz_envs/assets/srb_assets/model/robot/perseverance/textures) by extension 'python'
[0.275s] Level 1:colcon.colcon_core.package_identification:_identify(space_robotics_gz_envs/assets/srb_assets/model/robot/perseverance/textures) by extensions ['python_setup_py']
[0.275s] Level 1:colcon.colcon_core.package_identification:_identify(space_robotics_gz_envs/assets/srb_assets/model/robot/perseverance/textures) by extension 'python_setup_py'
[0.275s] Level 1:colcon.colcon_core.package_identification:_identify(space_robotics_gz_envs/assets/srb_assets/model/terrain) by extensions ['ignore', 'ignore_ament_install']
[0.275s] Level 1:colcon.colcon_core.package_identification:_identify(space_robotics_gz_envs/assets/srb_assets/model/terrain) by extension 'ignore'
[0.275s] Level 1:colcon.colcon_core.package_identification:_identify(space_robotics_gz_envs/assets/srb_assets/model/terrain) by extension 'ignore_ament_install'
[0.276s] Level 1:colcon.colcon_core.package_identification:_identify(space_robotics_gz_envs/assets/srb_assets/model/terrain) by extensions ['colcon_pkg']
[0.276s] Level 1:colcon.colcon_core.package_identification:_identify(space_robotics_gz_envs/assets/srb_assets/model/terrain) by extension 'colcon_pkg'
[0.276s] Level 1:colcon.colcon_core.package_identification:_identify(space_robotics_gz_envs/assets/srb_assets/model/terrain) by extensions ['colcon_meta']
[0.276s] Level 1:colcon.colcon_core.package_identification:_identify(space_robotics_gz_envs/assets/srb_assets/model/terrain) by extension 'colcon_meta'
[0.276s] Level 1:colcon.colcon_core.package_identification:_identify(space_robotics_gz_envs/assets/srb_assets/model/terrain) by extensions ['ros']
[0.276s] Level 1:colcon.colcon_core.package_identification:_identify(space_robotics_gz_envs/assets/srb_assets/model/terrain) by extension 'ros'
[0.276s] Level 1:colcon.colcon_core.package_identification:_identify(space_robotics_gz_envs/assets/srb_assets/model/terrain) by extensions ['cmake', 'python']
[0.276s] Level 1:colcon.colcon_core.package_identification:_identify(space_robotics_gz_envs/assets/srb_assets/model/terrain) by extension 'cmake'
[0.276s] Level 1:colcon.colcon_core.package_identification:_identify(space_robotics_gz_envs/assets/srb_assets/model/terrain) by extension 'python'
[0.276s] Level 1:colcon.colcon_core.package_identification:_identify(space_robotics_gz_envs/assets/srb_assets/model/terrain) by extensions ['python_setup_py']
[0.276s] Level 1:colcon.colcon_core.package_identification:_identify(space_robotics_gz_envs/assets/srb_assets/model/terrain) by extension 'python_setup_py'
[0.276s] Level 1:colcon.colcon_core.package_identification:_identify(space_robotics_gz_envs/assets/srb_assets/model/terrain/lunar_surface_procgen) by extensions ['ignore', 'ignore_ament_install']
[0.276s] Level 1:colcon.colcon_core.package_identification:_identify(space_robotics_gz_envs/assets/srb_assets/model/terrain/lunar_surface_procgen) by extension 'ignore'
[0.276s] Level 1:colcon.colcon_core.package_identification:_identify(space_robotics_gz_envs/assets/srb_assets/model/terrain/lunar_surface_procgen) by extension 'ignore_ament_install'
[0.276s] Level 1:colcon.colcon_core.package_identification:_identify(space_robotics_gz_envs/assets/srb_assets/model/terrain/lunar_surface_procgen) by extensions ['colcon_pkg']
[0.276s] Level 1:colcon.colcon_core.package_identification:_identify(space_robotics_gz_envs/assets/srb_assets/model/terrain/lunar_surface_procgen) by extension 'colcon_pkg'
[0.276s] Level 1:colcon.colcon_core.package_identification:_identify(space_robotics_gz_envs/assets/srb_assets/model/terrain/lunar_surface_procgen) by extensions ['colcon_meta']
[0.276s] Level 1:colcon.colcon_core.package_identification:_identify(space_robotics_gz_envs/assets/srb_assets/model/terrain/lunar_surface_procgen) by extension 'colcon_meta'
[0.276s] Level 1:colcon.colcon_core.package_identification:_identify(space_robotics_gz_envs/assets/srb_assets/model/terrain/lunar_surface_procgen) by extensions ['ros']
[0.276s] Level 1:colcon.colcon_core.package_identification:_identify(space_robotics_gz_envs/assets/srb_assets/model/terrain/lunar_surface_procgen) by extension 'ros'
[0.277s] Level 1:colcon.colcon_core.package_identification:_identify(space_robotics_gz_envs/assets/srb_assets/model/terrain/lunar_surface_procgen) by extensions ['cmake', 'python']
[0.277s] Level 1:colcon.colcon_core.package_identification:_identify(space_robotics_gz_envs/assets/srb_assets/model/terrain/lunar_surface_procgen) by extension 'cmake'
[0.277s] Level 1:colcon.colcon_core.package_identification:_identify(space_robotics_gz_envs/assets/srb_assets/model/terrain/lunar_surface_procgen) by extension 'python'
[0.277s] Level 1:colcon.colcon_core.package_identification:_identify(space_robotics_gz_envs/assets/srb_assets/model/terrain/lunar_surface_procgen) by extensions ['python_setup_py']
[0.277s] Level 1:colcon.colcon_core.package_identification:_identify(space_robotics_gz_envs/assets/srb_assets/model/terrain/lunar_surface_procgen) by extension 'python_setup_py'
[0.277s] Level 1:colcon.colcon_core.package_identification:_identify(space_robotics_gz_envs/assets/srb_assets/model/terrain/martian_surface_procgen) by extensions ['ignore', 'ignore_ament_install']
[0.277s] Level 1:colcon.colcon_core.package_identification:_identify(space_robotics_gz_envs/assets/srb_assets/model/terrain/martian_surface_procgen) by extension 'ignore'
[0.277s] Level 1:colcon.colcon_core.package_identification:_identify(space_robotics_gz_envs/assets/srb_assets/model/terrain/martian_surface_procgen) by extension 'ignore_ament_install'
[0.277s] Level 1:colcon.colcon_core.package_identification:_identify(space_robotics_gz_envs/assets/srb_assets/model/terrain/martian_surface_procgen) by extensions ['colcon_pkg']
[0.277s] Level 1:colcon.colcon_core.package_identification:_identify(space_robotics_gz_envs/assets/srb_assets/model/terrain/martian_surface_procgen) by extension 'colcon_pkg'
[0.277s] Level 1:colcon.colcon_core.package_identification:_identify(space_robotics_gz_envs/assets/srb_assets/model/terrain/martian_surface_procgen) by extensions ['colcon_meta']
[0.277s] Level 1:colcon.colcon_core.package_identification:_identify(space_robotics_gz_envs/assets/srb_assets/model/terrain/martian_surface_procgen) by extension 'colcon_meta'
[0.277s] Level 1:colcon.colcon_core.package_identification:_identify(space_robotics_gz_envs/assets/srb_assets/model/terrain/martian_surface_procgen) by extensions ['ros']
[0.277s] Level 1:colcon.colcon_core.package_identification:_identify(space_robotics_gz_envs/assets/srb_assets/model/terrain/martian_surface_procgen) by extension 'ros'
[0.277s] Level 1:colcon.colcon_core.package_identification:_identify(space_robotics_gz_envs/assets/srb_assets/model/terrain/martian_surface_procgen) by extensions ['cmake', 'python']
[0.277s] Level 1:colcon.colcon_core.package_identification:_identify(space_robotics_gz_envs/assets/srb_assets/model/terrain/martian_surface_procgen) by extension 'cmake'
[0.277s] Level 1:colcon.colcon_core.package_identification:_identify(space_robotics_gz_envs/assets/srb_assets/model/terrain/martian_surface_procgen) by extension 'python'
[0.278s] Level 1:colcon.colcon_core.package_identification:_identify(space_robotics_gz_envs/assets/srb_assets/model/terrain/martian_surface_procgen) by extensions ['python_setup_py']
[0.278s] Level 1:colcon.colcon_core.package_identification:_identify(space_robotics_gz_envs/assets/srb_assets/model/terrain/martian_surface_procgen) by extension 'python_setup_py'
[0.278s] Level 1:colcon.colcon_core.package_identification:_identify(space_robotics_gz_envs/assets/srb_assets/model/vehicle) by extensions ['ignore', 'ignore_ament_install']
[0.278s] Level 1:colcon.colcon_core.package_identification:_identify(space_robotics_gz_envs/assets/srb_assets/model/vehicle) by extension 'ignore'
[0.278s] Level 1:colcon.colcon_core.package_identification:_identify(space_robotics_gz_envs/assets/srb_assets/model/vehicle) by extension 'ignore_ament_install'
[0.278s] Level 1:colcon.colcon_core.package_identification:_identify(space_robotics_gz_envs/assets/srb_assets/model/vehicle) by extensions ['colcon_pkg']
[0.278s] Level 1:colcon.colcon_core.package_identification:_identify(space_robotics_gz_envs/assets/srb_assets/model/vehicle) by extension 'colcon_pkg'
[0.278s] Level 1:colcon.colcon_core.package_identification:_identify(space_robotics_gz_envs/assets/srb_assets/model/vehicle) by extensions ['colcon_meta']
[0.278s] Level 1:colcon.colcon_core.package_identification:_identify(space_robotics_gz_envs/assets/srb_assets/model/vehicle) by extension 'colcon_meta'
[0.278s] Level 1:colcon.colcon_core.package_identification:_identify(space_robotics_gz_envs/assets/srb_assets/model/vehicle) by extensions ['ros']
[0.278s] Level 1:colcon.colcon_core.package_identification:_identify(space_robotics_gz_envs/assets/srb_assets/model/vehicle) by extension 'ros'
[0.278s] Level 1:colcon.colcon_core.package_identification:_identify(space_robotics_gz_envs/assets/srb_assets/model/vehicle) by extensions ['cmake', 'python']
[0.278s] Level 1:colcon.colcon_core.package_identification:_identify(space_robotics_gz_envs/assets/srb_assets/model/vehicle) by extension 'cmake'
[0.278s] Level 1:colcon.colcon_core.package_identification:_identify(space_robotics_gz_envs/assets/srb_assets/model/vehicle) by extension 'python'
[0.278s] Level 1:colcon.colcon_core.package_identification:_identify(space_robotics_gz_envs/assets/srb_assets/model/vehicle) by extensions ['python_setup_py']
[0.278s] Level 1:colcon.colcon_core.package_identification:_identify(space_robotics_gz_envs/assets/srb_assets/model/vehicle) by extension 'python_setup_py'
[0.278s] Level 1:colcon.colcon_core.package_identification:_identify(space_robotics_gz_envs/assets/srb_assets/model/vehicle/construction_rover) by extensions ['ignore', 'ignore_ament_install']
[0.278s] Level 1:colcon.colcon_core.package_identification:_identify(space_robotics_gz_envs/assets/srb_assets/model/vehicle/construction_rover) by extension 'ignore'
[0.279s] Level 1:colcon.colcon_core.package_identification:_identify(space_robotics_gz_envs/assets/srb_assets/model/vehicle/construction_rover) by extension 'ignore_ament_install'
[0.279s] Level 1:colcon.colcon_core.package_identification:_identify(space_robotics_gz_envs/assets/srb_assets/model/vehicle/construction_rover) by extensions ['colcon_pkg']
[0.279s] Level 1:colcon.colcon_core.package_identification:_identify(space_robotics_gz_envs/assets/srb_assets/model/vehicle/construction_rover) by extension 'colcon_pkg'
[0.279s] Level 1:colcon.colcon_core.package_identification:_identify(space_robotics_gz_envs/assets/srb_assets/model/vehicle/construction_rover) by extensions ['colcon_meta']
[0.279s] Level 1:colcon.colcon_core.package_identification:_identify(space_robotics_gz_envs/assets/srb_assets/model/vehicle/construction_rover) by extension 'colcon_meta'
[0.279s] Level 1:colcon.colcon_core.package_identification:_identify(space_robotics_gz_envs/assets/srb_assets/model/vehicle/construction_rover) by extensions ['ros']
[0.279s] Level 1:colcon.colcon_core.package_identification:_identify(space_robotics_gz_envs/assets/srb_assets/model/vehicle/construction_rover) by extension 'ros'
[0.279s] Level 1:colcon.colcon_core.package_identification:_identify(space_robotics_gz_envs/assets/srb_assets/model/vehicle/construction_rover) by extensions ['cmake', 'python']
[0.279s] Level 1:colcon.colcon_core.package_identification:_identify(space_robotics_gz_envs/assets/srb_assets/model/vehicle/construction_rover) by extension 'cmake'
[0.279s] Level 1:colcon.colcon_core.package_identification:_identify(space_robotics_gz_envs/assets/srb_assets/model/vehicle/construction_rover) by extension 'python'
[0.279s] Level 1:colcon.colcon_core.package_identification:_identify(space_robotics_gz_envs/assets/srb_assets/model/vehicle/construction_rover) by extensions ['python_setup_py']
[0.279s] Level 1:colcon.colcon_core.package_identification:_identify(space_robotics_gz_envs/assets/srb_assets/model/vehicle/construction_rover) by extension 'python_setup_py'
[0.279s] Level 1:colcon.colcon_core.package_identification:_identify(space_robotics_gz_envs/assets/srb_assets/model/vehicle/construction_rover/textures) by extensions ['ignore', 'ignore_ament_install']
[0.279s] Level 1:colcon.colcon_core.package_identification:_identify(space_robotics_gz_envs/assets/srb_assets/model/vehicle/construction_rover/textures) by extension 'ignore'
[0.279s] Level 1:colcon.colcon_core.package_identification:_identify(space_robotics_gz_envs/assets/srb_assets/model/vehicle/construction_rover/textures) by extension 'ignore_ament_install'
[0.279s] Level 1:colcon.colcon_core.package_identification:_identify(space_robotics_gz_envs/assets/srb_assets/model/vehicle/construction_rover/textures) by extensions ['colcon_pkg']
[0.279s] Level 1:colcon.colcon_core.package_identification:_identify(space_robotics_gz_envs/assets/srb_assets/model/vehicle/construction_rover/textures) by extension 'colcon_pkg'
[0.279s] Level 1:colcon.colcon_core.package_identification:_identify(space_robotics_gz_envs/assets/srb_assets/model/vehicle/construction_rover/textures) by extensions ['colcon_meta']
[0.279s] Level 1:colcon.colcon_core.package_identification:_identify(space_robotics_gz_envs/assets/srb_assets/model/vehicle/construction_rover/textures) by extension 'colcon_meta'
[0.280s] Level 1:colcon.colcon_core.package_identification:_identify(space_robotics_gz_envs/assets/srb_assets/model/vehicle/construction_rover/textures) by extensions ['ros']
[0.280s] Level 1:colcon.colcon_core.package_identification:_identify(space_robotics_gz_envs/assets/srb_assets/model/vehicle/construction_rover/textures) by extension 'ros'
[0.280s] Level 1:colcon.colcon_core.package_identification:_identify(space_robotics_gz_envs/assets/srb_assets/model/vehicle/construction_rover/textures) by extensions ['cmake', 'python']
[0.280s] Level 1:colcon.colcon_core.package_identification:_identify(space_robotics_gz_envs/assets/srb_assets/model/vehicle/construction_rover/textures) by extension 'cmake'
[0.280s] Level 1:colcon.colcon_core.package_identification:_identify(space_robotics_gz_envs/assets/srb_assets/model/vehicle/construction_rover/textures) by extension 'python'
[0.280s] Level 1:colcon.colcon_core.package_identification:_identify(space_robotics_gz_envs/assets/srb_assets/model/vehicle/construction_rover/textures) by extensions ['python_setup_py']
[0.280s] Level 1:colcon.colcon_core.package_identification:_identify(space_robotics_gz_envs/assets/srb_assets/model/vehicle/construction_rover/textures) by extension 'python_setup_py'
[0.280s] Level 1:colcon.colcon_core.package_identification:_identify(space_robotics_gz_envs/assets/srb_assets/model/vehicle/gateway) by extensions ['ignore', 'ignore_ament_install']
[0.280s] Level 1:colcon.colcon_core.package_identification:_identify(space_robotics_gz_envs/assets/srb_assets/model/vehicle/gateway) by extension 'ignore'
[0.280s] Level 1:colcon.colcon_core.package_identification:_identify(space_robotics_gz_envs/assets/srb_assets/model/vehicle/gateway) by extension 'ignore_ament_install'
[0.280s] Level 1:colcon.colcon_core.package_identification:_identify(space_robotics_gz_envs/assets/srb_assets/model/vehicle/gateway) by extensions ['colcon_pkg']
[0.280s] Level 1:colcon.colcon_core.package_identification:_identify(space_robotics_gz_envs/assets/srb_assets/model/vehicle/gateway) by extension 'colcon_pkg'
[0.280s] Level 1:colcon.colcon_core.package_identification:_identify(space_robotics_gz_envs/assets/srb_assets/model/vehicle/gateway) by extensions ['colcon_meta']
[0.280s] Level 1:colcon.colcon_core.package_identification:_identify(space_robotics_gz_envs/assets/srb_assets/model/vehicle/gateway) by extension 'colcon_meta'
[0.280s] Level 1:colcon.colcon_core.package_identification:_identify(space_robotics_gz_envs/assets/srb_assets/model/vehicle/gateway) by extensions ['ros']
[0.280s] Level 1:colcon.colcon_core.package_identification:_identify(space_robotics_gz_envs/assets/srb_assets/model/vehicle/gateway) by extension 'ros'
[0.280s] Level 1:colcon.colcon_core.package_identification:_identify(space_robotics_gz_envs/assets/srb_assets/model/vehicle/gateway) by extensions ['cmake', 'python']
[0.280s] Level 1:colcon.colcon_core.package_identification:_identify(space_robotics_gz_envs/assets/srb_assets/model/vehicle/gateway) by extension 'cmake'
[0.280s] Level 1:colcon.colcon_core.package_identification:_identify(space_robotics_gz_envs/assets/srb_assets/model/vehicle/gateway) by extension 'python'
[0.280s] Level 1:colcon.colcon_core.package_identification:_identify(space_robotics_gz_envs/assets/srb_assets/model/vehicle/gateway) by extensions ['python_setup_py']
[0.281s] Level 1:colcon.colcon_core.package_identification:_identify(space_robotics_gz_envs/assets/srb_assets/model/vehicle/gateway) by extension 'python_setup_py'
[0.281s] Level 1:colcon.colcon_core.package_identification:_identify(space_robotics_gz_envs/assets/srb_assets/model/vehicle/gateway/textures) by extensions ['ignore', 'ignore_ament_install']
[0.281s] Level 1:colcon.colcon_core.package_identification:_identify(space_robotics_gz_envs/assets/srb_assets/model/vehicle/gateway/textures) by extension 'ignore'
[0.281s] Level 1:colcon.colcon_core.package_identification:_identify(space_robotics_gz_envs/assets/srb_assets/model/vehicle/gateway/textures) by extension 'ignore_ament_install'
[0.281s] Level 1:colcon.colcon_core.package_identification:_identify(space_robotics_gz_envs/assets/srb_assets/model/vehicle/gateway/textures) by extensions ['colcon_pkg']
[0.281s] Level 1:colcon.colcon_core.package_identification:_identify(space_robotics_gz_envs/assets/srb_assets/model/vehicle/gateway/textures) by extension 'colcon_pkg'
[0.281s] Level 1:colcon.colcon_core.package_identification:_identify(space_robotics_gz_envs/assets/srb_assets/model/vehicle/gateway/textures) by extensions ['colcon_meta']
[0.281s] Level 1:colcon.colcon_core.package_identification:_identify(space_robotics_gz_envs/assets/srb_assets/model/vehicle/gateway/textures) by extension 'colcon_meta'
[0.281s] Level 1:colcon.colcon_core.package_identification:_identify(space_robotics_gz_envs/assets/srb_assets/model/vehicle/gateway/textures) by extensions ['ros']
[0.281s] Level 1:colcon.colcon_core.package_identification:_identify(space_robotics_gz_envs/assets/srb_assets/model/vehicle/gateway/textures) by extension 'ros'
[0.281s] Level 1:colcon.colcon_core.package_identification:_identify(space_robotics_gz_envs/assets/srb_assets/model/vehicle/gateway/textures) by extensions ['cmake', 'python']
[0.281s] Level 1:colcon.colcon_core.package_identification:_identify(space_robotics_gz_envs/assets/srb_assets/model/vehicle/gateway/textures) by extension 'cmake'
[0.281s] Level 1:colcon.colcon_core.package_identification:_identify(space_robotics_gz_envs/assets/srb_assets/model/vehicle/gateway/textures) by extension 'python'
[0.281s] Level 1:colcon.colcon_core.package_identification:_identify(space_robotics_gz_envs/assets/srb_assets/model/vehicle/gateway/textures) by extensions ['python_setup_py']
[0.281s] Level 1:colcon.colcon_core.package_identification:_identify(space_robotics_gz_envs/assets/srb_assets/model/vehicle/gateway/textures) by extension 'python_setup_py'
[0.281s] Level 1:colcon.colcon_core.package_identification:_identify(space_robotics_gz_envs/assets/srb_assets/scripts) by extensions ['ignore', 'ignore_ament_install']
[0.281s] Level 1:colcon.colcon_core.package_identification:_identify(space_robotics_gz_envs/assets/srb_assets/scripts) by extension 'ignore'
[0.281s] Level 1:colcon.colcon_core.package_identification:_identify(space_robotics_gz_envs/assets/srb_assets/scripts) by extension 'ignore_ament_install'
[0.281s] Level 1:colcon.colcon_core.package_identification:_identify(space_robotics_gz_envs/assets/srb_assets/scripts) by extensions ['colcon_pkg']
[0.281s] Level 1:colcon.colcon_core.package_identification:_identify(space_robotics_gz_envs/assets/srb_assets/scripts) by extension 'colcon_pkg'
[0.281s] Level 1:colcon.colcon_core.package_identification:_identify(space_robotics_gz_envs/assets/srb_assets/scripts) by extensions ['colcon_meta']
[0.281s] Level 1:colcon.colcon_core.package_identification:_identify(space_robotics_gz_envs/assets/srb_assets/scripts) by extension 'colcon_meta'
[0.281s] Level 1:colcon.colcon_core.package_identification:_identify(space_robotics_gz_envs/assets/srb_assets/scripts) by extensions ['ros']
[0.281s] Level 1:colcon.colcon_core.package_identification:_identify(space_robotics_gz_envs/assets/srb_assets/scripts) by extension 'ros'
[0.281s] Level 1:colcon.colcon_core.package_identification:_identify(space_robotics_gz_envs/assets/srb_assets/scripts) by extensions ['cmake', 'python']
[0.281s] Level 1:colcon.colcon_core.package_identification:_identify(space_robotics_gz_envs/assets/srb_assets/scripts) by extension 'cmake'
[0.281s] Level 1:colcon.colcon_core.package_identification:_identify(space_robotics_gz_envs/assets/srb_assets/scripts) by extension 'python'
[0.281s] Level 1:colcon.colcon_core.package_identification:_identify(space_robotics_gz_envs/assets/srb_assets/scripts) by extensions ['python_setup_py']
[0.282s] Level 1:colcon.colcon_core.package_identification:_identify(space_robotics_gz_envs/assets/srb_assets/scripts) by extension 'python_setup_py'
[0.282s] Level 1:colcon.colcon_core.package_identification:_identify(space_robotics_gz_envs/assets/srb_assets/scripts/blender) by extensions ['ignore', 'ignore_ament_install']
[0.282s] Level 1:colcon.colcon_core.package_identification:_identify(space_robotics_gz_envs/assets/srb_assets/scripts/blender) by extension 'ignore'
[0.282s] Level 1:colcon.colcon_core.package_identification:_identify(space_robotics_gz_envs/assets/srb_assets/scripts/blender) by extension 'ignore_ament_install'
[0.282s] Level 1:colcon.colcon_core.package_identification:_identify(space_robotics_gz_envs/assets/srb_assets/scripts/blender) by extensions ['colcon_pkg']
[0.282s] Level 1:colcon.colcon_core.package_identification:_identify(space_robotics_gz_envs/assets/srb_assets/scripts/blender) by extension 'colcon_pkg'
[0.282s] Level 1:colcon.colcon_core.package_identification:_identify(space_robotics_gz_envs/assets/srb_assets/scripts/blender) by extensions ['colcon_meta']
[0.282s] Level 1:colcon.colcon_core.package_identification:_identify(space_robotics_gz_envs/assets/srb_assets/scripts/blender) by extension 'colcon_meta'
[0.282s] Level 1:colcon.colcon_core.package_identification:_identify(space_robotics_gz_envs/assets/srb_assets/scripts/blender) by extensions ['ros']
[0.282s] Level 1:colcon.colcon_core.package_identification:_identify(space_robotics_gz_envs/assets/srb_assets/scripts/blender) by extension 'ros'
[0.282s] Level 1:colcon.colcon_core.package_identification:_identify(space_robotics_gz_envs/assets/srb_assets/scripts/blender) by extensions ['cmake', 'python']
[0.282s] Level 1:colcon.colcon_core.package_identification:_identify(space_robotics_gz_envs/assets/srb_assets/scripts/blender) by extension 'cmake'
[0.282s] Level 1:colcon.colcon_core.package_identification:_identify(space_robotics_gz_envs/assets/srb_assets/scripts/blender) by extension 'python'
[0.282s] Level 1:colcon.colcon_core.package_identification:_identify(space_robotics_gz_envs/assets/srb_assets/scripts/blender) by extensions ['python_setup_py']
[0.282s] Level 1:colcon.colcon_core.package_identification:_identify(space_robotics_gz_envs/assets/srb_assets/scripts/blender) by extension 'python_setup_py'
[0.282s] Level 1:colcon.colcon_core.package_identification:_identify(space_robotics_gz_envs/scripts) by extensions ['ignore', 'ignore_ament_install']
[0.282s] Level 1:colcon.colcon_core.package_identification:_identify(space_robotics_gz_envs/scripts) by extension 'ignore'
[0.282s] Level 1:colcon.colcon_core.package_identification:_identify(space_robotics_gz_envs/scripts) by extension 'ignore_ament_install'
[0.282s] Level 1:colcon.colcon_core.package_identification:_identify(space_robotics_gz_envs/scripts) by extensions ['colcon_pkg']
[0.282s] Level 1:colcon.colcon_core.package_identification:_identify(space_robotics_gz_envs/scripts) by extension 'colcon_pkg'
[0.282s] Level 1:colcon.colcon_core.package_identification:_identify(space_robotics_gz_envs/scripts) by extensions ['colcon_meta']
[0.282s] Level 1:colcon.colcon_core.package_identification:_identify(space_robotics_gz_envs/scripts) by extension 'colcon_meta'
[0.282s] Level 1:colcon.colcon_core.package_identification:_identify(space_robotics_gz_envs/scripts) by extensions ['ros']
[0.282s] Level 1:colcon.colcon_core.package_identification:_identify(space_robotics_gz_envs/scripts) by extension 'ros'
[0.282s] Level 1:colcon.colcon_core.package_identification:_identify(space_robotics_gz_envs/scripts) by extensions ['cmake', 'python']
[0.282s] Level 1:colcon.colcon_core.package_identification:_identify(space_robotics_gz_envs/scripts) by extension 'cmake'
[0.282s] Level 1:colcon.colcon_core.package_identification:_identify(space_robotics_gz_envs/scripts) by extension 'python'
[0.282s] Level 1:colcon.colcon_core.package_identification:_identify(space_robotics_gz_envs/scripts) by extensions ['python_setup_py']
[0.282s] Level 1:colcon.colcon_core.package_identification:_identify(space_robotics_gz_envs/scripts) by extension 'python_setup_py'
[0.283s] Level 1:colcon.colcon_core.package_identification:_identify(space_robotics_gz_envs/scripts/utils) by extensions ['ignore', 'ignore_ament_install']
[0.283s] Level 1:colcon.colcon_core.package_identification:_identify(space_robotics_gz_envs/scripts/utils) by extension 'ignore'
[0.283s] Level 1:colcon.colcon_core.package_identification:_identify(space_robotics_gz_envs/scripts/utils) by extension 'ignore_ament_install'
[0.283s] Level 1:colcon.colcon_core.package_identification:_identify(space_robotics_gz_envs/scripts/utils) by extensions ['colcon_pkg']
[0.283s] Level 1:colcon.colcon_core.package_identification:_identify(space_robotics_gz_envs/scripts/utils) by extension 'colcon_pkg'
[0.283s] Level 1:colcon.colcon_core.package_identification:_identify(space_robotics_gz_envs/scripts/utils) by extensions ['colcon_meta']
[0.283s] Level 1:colcon.colcon_core.package_identification:_identify(space_robotics_gz_envs/scripts/utils) by extension 'colcon_meta'
[0.283s] Level 1:colcon.colcon_core.package_identification:_identify(space_robotics_gz_envs/scripts/utils) by extensions ['ros']
[0.283s] Level 1:colcon.colcon_core.package_identification:_identify(space_robotics_gz_envs/scripts/utils) by extension 'ros'
[0.283s] Level 1:colcon.colcon_core.package_identification:_identify(space_robotics_gz_envs/scripts/utils) by extensions ['cmake', 'python']
[0.283s] Level 1:colcon.colcon_core.package_identification:_identify(space_robotics_gz_envs/scripts/utils) by extension 'cmake'
[0.283s] Level 1:colcon.colcon_core.package_identification:_identify(space_robotics_gz_envs/scripts/utils) by extension 'python'
[0.283s] Level 1:colcon.colcon_core.package_identification:_identify(space_robotics_gz_envs/scripts/utils) by extensions ['python_setup_py']
[0.283s] Level 1:colcon.colcon_core.package_identification:_identify(space_robotics_gz_envs/scripts/utils) by extension 'python_setup_py'
[0.283s] Level 1:colcon.colcon_core.package_identification:_identify(space_robotics_gz_envs/worlds) by extensions ['ignore', 'ignore_ament_install']
[0.283s] Level 1:colcon.colcon_core.package_identification:_identify(space_robotics_gz_envs/worlds) by extension 'ignore'
[0.283s] Level 1:colcon.colcon_core.package_identification:_identify(space_robotics_gz_envs/worlds) by extension 'ignore_ament_install'
[0.283s] Level 1:colcon.colcon_core.package_identification:_identify(space_robotics_gz_envs/worlds) by extensions ['colcon_pkg']
[0.283s] Level 1:colcon.colcon_core.package_identification:_identify(space_robotics_gz_envs/worlds) by extension 'colcon_pkg'
[0.283s] Level 1:colcon.colcon_core.package_identification:_identify(space_robotics_gz_envs/worlds) by extensions ['colcon_meta']
[0.283s] Level 1:colcon.colcon_core.package_identification:_identify(space_robotics_gz_envs/worlds) by extension 'colcon_meta'
[0.283s] Level 1:colcon.colcon_core.package_identification:_identify(space_robotics_gz_envs/worlds) by extensions ['ros']
[0.283s] Level 1:colcon.colcon_core.package_identification:_identify(space_robotics_gz_envs/worlds) by extension 'ros'
[0.283s] Level 1:colcon.colcon_core.package_identification:_identify(space_robotics_gz_envs/worlds) by extensions ['cmake', 'python']
[0.283s] Level 1:colcon.colcon_core.package_identification:_identify(space_robotics_gz_envs/worlds) by extension 'cmake'
[0.283s] Level 1:colcon.colcon_core.package_identification:_identify(space_robotics_gz_envs/worlds) by extension 'python'
[0.283s] Level 1:colcon.colcon_core.package_identification:_identify(space_robotics_gz_envs/worlds) by extensions ['python_setup_py']
[0.283s] Level 1:colcon.colcon_core.package_identification:_identify(space_robotics_gz_envs/worlds) by extension 'python_setup_py'
[0.283s] Level 1:colcon.colcon_core.package_identification:_identify(src) by extensions ['ignore', 'ignore_ament_install']
[0.283s] Level 1:colcon.colcon_core.package_identification:_identify(src) by extension 'ignore'
[0.283s] Level 1:colcon.colcon_core.package_identification:_identify(src) by extension 'ignore_ament_install'
[0.284s] Level 1:colcon.colcon_core.package_identification:_identify(src) by extensions ['colcon_pkg']
[0.284s] Level 1:colcon.colcon_core.package_identification:_identify(src) by extension 'colcon_pkg'
[0.284s] Level 1:colcon.colcon_core.package_identification:_identify(src) by extensions ['colcon_meta']
[0.284s] Level 1:colcon.colcon_core.package_identification:_identify(src) by extension 'colcon_meta'
[0.284s] Level 1:colcon.colcon_core.package_identification:_identify(src) by extensions ['ros']
[0.284s] Level 1:colcon.colcon_core.package_identification:_identify(src) by extension 'ros'
[0.284s] Level 1:colcon.colcon_core.package_identification:_identify(src) by extensions ['cmake', 'python']
[0.284s] Level 1:colcon.colcon_core.package_identification:_identify(src) by extension 'cmake'
[0.284s] Level 1:colcon.colcon_core.package_identification:_identify(src) by extension 'python'
[0.284s] Level 1:colcon.colcon_core.package_identification:_identify(src) by extensions ['python_setup_py']
[0.284s] Level 1:colcon.colcon_core.package_identification:_identify(src) by extension 'python_setup_py'
[0.284s] Level 1:colcon.colcon_core.package_identification:_identify(src/lunabotics_model) by extensions ['ignore', 'ignore_ament_install']
[0.284s] Level 1:colcon.colcon_core.package_identification:_identify(src/lunabotics_model) by extension 'ignore'
[0.284s] Level 1:colcon.colcon_core.package_identification:_identify(src/lunabotics_model) by extension 'ignore_ament_install'
[0.284s] Level 1:colcon.colcon_core.package_identification:_identify(src/lunabotics_model) by extensions ['colcon_pkg']
[0.284s] Level 1:colcon.colcon_core.package_identification:_identify(src/lunabotics_model) by extension 'colcon_pkg'
[0.284s] Level 1:colcon.colcon_core.package_identification:_identify(src/lunabotics_model) by extensions ['colcon_meta']
[0.284s] Level 1:colcon.colcon_core.package_identification:_identify(src/lunabotics_model) by extension 'colcon_meta'
[0.284s] Level 1:colcon.colcon_core.package_identification:_identify(src/lunabotics_model) by extensions ['ros']
[0.284s] Level 1:colcon.colcon_core.package_identification:_identify(src/lunabotics_model) by extension 'ros'
[0.285s] DEBUG:colcon.colcon_core.package_identification:Package 'src/lunabotics_model' with type 'ros.ament_cmake' and name 'lunabotics_model'
[0.285s] Level 1:colcon.colcon_core.package_discovery:discover_packages(recursive) using defaults
[0.285s] Level 1:colcon.colcon_core.package_discovery:discover_packages(ignore) discover
[0.285s] Level 1:colcon.colcon_core.package_discovery:discover_packages(ignore) using defaults
[0.285s] Level 1:colcon.colcon_core.package_discovery:discover_packages(path) discover
[0.285s] Level 1:colcon.colcon_core.package_discovery:discover_packages(path) using defaults
[0.302s] INFO:colcon.colcon_metadata.metadata.colcon_pkg:Updating descriptor of package 'moon_base_map/ezrassor_sim_gazebo' from colcon.pkg: {'name': 'ezrassor_sim_gazebo', 'hooks': ['share/ezrassor_sim_gazebo/hook/ezrassor_sim_gazebo.sh']}
[0.303s] INFO:colcon.colcon_core.package_selection:Skipping not selected package 'ezrassor_sim_gazebo' in 'moon_base_map/ezrassor_sim_gazebo'
[0.303s] Level 1:colcon.colcon_core.package_discovery:discover_packages(prefix_path) check parameters
[0.303s] Level 1:colcon.colcon_core.package_discovery:discover_packages(prefix_path) discover
[0.306s] DEBUG:colcon.colcon_installed_package_information.package_discovery:Found 2 installed packages in /home/ros2/ws_lsr_nav2_v2/install
[0.307s] DEBUG:colcon.colcon_installed_package_information.package_discovery:Found 2 installed packages in /home/ros2/lsr_ws/install
[0.307s] DEBUG:colcon.colcon_installed_package_information.package_discovery:Found 2 installed packages in /home/ros2/point_lio_ws/install
[0.307s] DEBUG:colcon.colcon_installed_package_information.package_discovery:Found 1 installed packages in /home/ros2/unitree_ws/install
[0.308s] DEBUG:colcon.colcon_installed_package_information.package_discovery:Found 1 installed packages in /home/ros2/ws_pointlio/install
[0.308s] DEBUG:colcon.colcon_installed_package_information.package_discovery:Found 1 installed packages in /home/ros2/ws_lsr_nav2/install
[0.310s] DEBUG:colcon.colcon_installed_package_information.package_discovery:Found 421 installed packages in /opt/ros/jazzy
[0.311s] Level 1:colcon.colcon_core.package_discovery:discover_packages(prefix_path) using defaults
[0.355s] Level 5:colcon.colcon_core.verb:set package 'lunabotics_model' build argument 'cmake_args' from command line to 'None'
[0.355s] Level 5:colcon.colcon_core.verb:set package 'lunabotics_model' build argument 'cmake_target' from command line to 'None'
[0.355s] Level 5:colcon.colcon_core.verb:set package 'lunabotics_model' build argument 'cmake_target_skip_unavailable' from command line to 'False'
[0.355s] Level 5:colcon.colcon_core.verb:set package 'lunabotics_model' build argument 'cmake_clean_cache' from command line to 'False'
[0.355s] Level 5:colcon.colcon_core.verb:set package 'lunabotics_model' build argument 'cmake_clean_first' from command line to 'False'
[0.355s] Level 5:colcon.colcon_core.verb:set package 'lunabotics_model' build argument 'cmake_force_configure' from command line to 'True'
[0.355s] Level 5:colcon.colcon_core.verb:set package 'lunabotics_model' build argument 'ament_cmake_args' from command line to 'None'
[0.355s] Level 5:colcon.colcon_core.verb:set package 'lunabotics_model' build argument 'catkin_cmake_args' from command line to 'None'
[0.355s] Level 5:colcon.colcon_core.verb:set package 'lunabotics_model' build argument 'catkin_skip_building_tests' from command line to 'False'
[0.355s] DEBUG:colcon.colcon_core.verb:Building package 'lunabotics_model' with the following arguments: {'ament_cmake_args': None, 'build_base': '/home/ros2/Documents/NASA/lunabotics_sim/build/lunabotics_model', 'catkin_cmake_args': None, 'catkin_skip_building_tests': False, 'cmake_args': None, 'cmake_clean_cache': False, 'cmake_clean_first': False, 'cmake_force_configure': True, 'cmake_target': None, 'cmake_target_skip_unavailable': False, 'install_base': '/home/ros2/Documents/NASA/lunabotics_sim/install/lunabotics_model', 'merge_install': False, 'path': '/home/ros2/Documents/NASA/lunabotics_sim/src/lunabotics_model', 'symlink_install': True, 'test_result_base': None}
[0.355s] INFO:colcon.colcon_core.executor:Executing jobs using 'parallel' executor
[0.356s] DEBUG:colcon.colcon_parallel_executor.executor.parallel:run_until_complete
[0.356s] INFO:colcon.colcon_ros.task.ament_cmake.build:Building ROS package in '/home/ros2/Documents/NASA/lunabotics_sim/src/lunabotics_model' with build type 'ament_cmake'
[0.356s] INFO:colcon.colcon_cmake.task.cmake.build:Building CMake package in '/home/ros2/Documents/NASA/lunabotics_sim/src/lunabotics_model'
[0.362s] INFO:colcon.colcon_core.plugin_system:Skipping extension 'colcon_core.shell.bat': Not used on non-Windows systems
[0.362s] INFO:colcon.colcon_core.shell:Skip shell extension 'powershell' for command environment: Not usable outside of PowerShell
[0.362s] DEBUG:colcon.colcon_core.shell:Skip shell extension 'dsv' for command environment
[0.371s] DEBUG:colcon.colcon_core.event_handler.log_command:Invoking command in '/home/ros2/Documents/NASA/lunabotics_sim/build/lunabotics_model': CMAKE_PREFIX_PATH=${CMAKE_PREFIX_PATH}:/home/ros2/ws_lsr_nav2_v2/install/lsr_description:/home/ros2/lsr_ws/install/navigation:/home/ros2/lsr_ws/install/lsr_description:/opt/ros/jazzy DEBUGINFOD_URLS=https://debuginfod.ubuntu.com /usr/bin/cmake /home/ros2/Documents/NASA/lunabotics_sim/src/lunabotics_model -DAMENT_CMAKE_SYMLINK_INSTALL=1 -DCMAKE_INSTALL_PREFIX=/home/ros2/Documents/NASA/lunabotics_sim/install/lunabotics_model
[0.934s] DEBUG:colcon.colcon_core.event_handler.log_command:Invoked command in '/home/ros2/Documents/NASA/lunabotics_sim/build/lunabotics_model' returned '0': CMAKE_PREFIX_PATH=${CMAKE_PREFIX_PATH}:/home/ros2/ws_lsr_nav2_v2/install/lsr_description:/home/ros2/lsr_ws/install/navigation:/home/ros2/lsr_ws/install/lsr_description:/opt/ros/jazzy DEBUGINFOD_URLS=https://debuginfod.ubuntu.com /usr/bin/cmake /home/ros2/Documents/NASA/lunabotics_sim/src/lunabotics_model -DAMENT_CMAKE_SYMLINK_INSTALL=1 -DCMAKE_INSTALL_PREFIX=/home/ros2/Documents/NASA/lunabotics_sim/install/lunabotics_model
[0.935s] DEBUG:colcon.colcon_core.event_handler.log_command:Invoking command in '/home/ros2/Documents/NASA/lunabotics_sim/build/lunabotics_model': CMAKE_PREFIX_PATH=${CMAKE_PREFIX_PATH}:/home/ros2/ws_lsr_nav2_v2/install/lsr_description:/home/ros2/lsr_ws/install/navigation:/home/ros2/lsr_ws/install/lsr_description:/opt/ros/jazzy DEBUGINFOD_URLS=https://debuginfod.ubuntu.com /usr/bin/cmake --build /home/ros2/Documents/NASA/lunabotics_sim/build/lunabotics_model -- -j8 -l8
[0.969s] DEBUG:colcon.colcon_core.event_handler.log_command:Invoked command in '/home/ros2/Documents/NASA/lunabotics_sim/build/lunabotics_model' returned '0': CMAKE_PREFIX_PATH=${CMAKE_PREFIX_PATH}:/home/ros2/ws_lsr_nav2_v2/install/lsr_description:/home/ros2/lsr_ws/install/navigation:/home/ros2/lsr_ws/install/lsr_description:/opt/ros/jazzy DEBUGINFOD_URLS=https://debuginfod.ubuntu.com /usr/bin/cmake --build /home/ros2/Documents/NASA/lunabotics_sim/build/lunabotics_model -- -j8 -l8
[0.976s] DEBUG:colcon.colcon_core.event_handler.log_command:Invoking command in '/home/ros2/Documents/NASA/lunabotics_sim/build/lunabotics_model': CMAKE_PREFIX_PATH=${CMAKE_PREFIX_PATH}:/home/ros2/ws_lsr_nav2_v2/install/lsr_description:/home/ros2/lsr_ws/install/navigation:/home/ros2/lsr_ws/install/lsr_description:/opt/ros/jazzy DEBUGINFOD_URLS=https://debuginfod.ubuntu.com /usr/bin/cmake --install /home/ros2/Documents/NASA/lunabotics_sim/build/lunabotics_model
[1.016s] Level 1:colcon.colcon_core.environment:create_environment_scripts_only(lunabotics_model)
[1.016s] DEBUG:colcon.colcon_core.event_handler.log_command:Invoked command in '/home/ros2/Documents/NASA/lunabotics_sim/build/lunabotics_model' returned '0': CMAKE_PREFIX_PATH=${CMAKE_PREFIX_PATH}:/home/ros2/ws_lsr_nav2_v2/install/lsr_description:/home/ros2/lsr_ws/install/navigation:/home/ros2/lsr_ws/install/lsr_description:/opt/ros/jazzy DEBUGINFOD_URLS=https://debuginfod.ubuntu.com /usr/bin/cmake --install /home/ros2/Documents/NASA/lunabotics_sim/build/lunabotics_model
[1.020s] Level 1:colcon.colcon_core.environment:checking '/home/ros2/Documents/NASA/lunabotics_sim/install/lunabotics_model' for CMake module files
[1.020s] Level 1:colcon.colcon_core.environment:checking '/home/ros2/Documents/NASA/lunabotics_sim/install/lunabotics_model' for CMake config files
[1.021s] Level 1:colcon.colcon_core.shell:create_environment_hook('lunabotics_model', 'cmake_prefix_path')
[1.021s] INFO:colcon.colcon_core.shell:Creating environment hook '/home/ros2/Documents/NASA/lunabotics_sim/install/lunabotics_model/share/lunabotics_model/hook/cmake_prefix_path.ps1'
[1.022s] INFO:colcon.colcon_core.shell:Creating environment descriptor '/home/ros2/Documents/NASA/lunabotics_sim/install/lunabotics_model/share/lunabotics_model/hook/cmake_prefix_path.dsv'
[1.022s] INFO:colcon.colcon_core.shell:Creating environment hook '/home/ros2/Documents/NASA/lunabotics_sim/install/lunabotics_model/share/lunabotics_model/hook/cmake_prefix_path.sh'
[1.022s] Level 1:colcon.colcon_core.environment:checking '/home/ros2/Documents/NASA/lunabotics_sim/install/lunabotics_model/bin'
[1.022s] Level 1:colcon.colcon_core.environment:checking '/home/ros2/Documents/NASA/lunabotics_sim/install/lunabotics_model/lib/pkgconfig/lunabotics_model.pc'
[1.023s] Level 1:colcon.colcon_core.environment:checking '/home/ros2/Documents/NASA/lunabotics_sim/install/lunabotics_model/lib/python3.12/site-packages'
[1.023s] Level 1:colcon.colcon_core.environment:checking '/home/ros2/Documents/NASA/lunabotics_sim/install/lunabotics_model/bin'
[1.023s] INFO:colcon.colcon_core.shell:Creating package script '/home/ros2/Documents/NASA/lunabotics_sim/install/lunabotics_model/share/lunabotics_model/package.ps1'
[1.024s] INFO:colcon.colcon_core.shell:Creating package descriptor '/home/ros2/Documents/NASA/lunabotics_sim/install/lunabotics_model/share/lunabotics_model/package.dsv'
[1.024s] INFO:colcon.colcon_core.shell:Creating package script '/home/ros2/Documents/NASA/lunabotics_sim/install/lunabotics_model/share/lunabotics_model/package.sh'
[1.025s] INFO:colcon.colcon_core.shell:Creating package script '/home/ros2/Documents/NASA/lunabotics_sim/install/lunabotics_model/share/lunabotics_model/package.bash'
[1.025s] INFO:colcon.colcon_core.shell:Creating package script '/home/ros2/Documents/NASA/lunabotics_sim/install/lunabotics_model/share/lunabotics_model/package.zsh'
[1.026s] Level 1:colcon.colcon_core.environment:create_file_with_runtime_dependencies(/home/ros2/Documents/NASA/lunabotics_sim/install/lunabotics_model/share/colcon-core/packages/lunabotics_model)
[1.026s] Level 1:colcon.colcon_core.environment:create_environment_scripts_only(lunabotics_model)
[1.026s] Level 1:colcon.colcon_core.environment:checking '/home/ros2/Documents/NASA/lunabotics_sim/install/lunabotics_model' for CMake module files
[1.027s] Level 1:colcon.colcon_core.environment:checking '/home/ros2/Documents/NASA/lunabotics_sim/install/lunabotics_model' for CMake config files
[1.027s] Level 1:colcon.colcon_core.shell:create_environment_hook('lunabotics_model', 'cmake_prefix_path')
[1.028s] INFO:colcon.colcon_core.shell:Creating environment hook '/home/ros2/Documents/NASA/lunabotics_sim/install/lunabotics_model/share/lunabotics_model/hook/cmake_prefix_path.ps1'
[1.028s] INFO:colcon.colcon_core.shell:Creating environment descriptor '/home/ros2/Documents/NASA/lunabotics_sim/install/lunabotics_model/share/lunabotics_model/hook/cmake_prefix_path.dsv'
[1.028s] INFO:colcon.colcon_core.shell:Creating environment hook '/home/ros2/Documents/NASA/lunabotics_sim/install/lunabotics_model/share/lunabotics_model/hook/cmake_prefix_path.sh'
[1.029s] Level 1:colcon.colcon_core.environment:checking '/home/ros2/Documents/NASA/lunabotics_sim/install/lunabotics_model/bin'
[1.029s] Level 1:colcon.colcon_core.environment:checking '/home/ros2/Documents/NASA/lunabotics_sim/install/lunabotics_model/lib/pkgconfig/lunabotics_model.pc'
[1.029s] Level 1:colcon.colcon_core.environment:checking '/home/ros2/Documents/NASA/lunabotics_sim/install/lunabotics_model/lib/python3.12/site-packages'
[1.029s] Level 1:colcon.colcon_core.environment:checking '/home/ros2/Documents/NASA/lunabotics_sim/install/lunabotics_model/bin'
[1.029s] INFO:colcon.colcon_core.shell:Creating package script '/home/ros2/Documents/NASA/lunabotics_sim/install/lunabotics_model/share/lunabotics_model/package.ps1'
[1.030s] INFO:colcon.colcon_core.shell:Creating package descriptor '/home/ros2/Documents/NASA/lunabotics_sim/install/lunabotics_model/share/lunabotics_model/package.dsv'
[1.030s] INFO:colcon.colcon_core.shell:Creating package script '/home/ros2/Documents/NASA/lunabotics_sim/install/lunabotics_model/share/lunabotics_model/package.sh'
[1.030s] INFO:colcon.colcon_core.shell:Creating package script '/home/ros2/Documents/NASA/lunabotics_sim/install/lunabotics_model/share/lunabotics_model/package.bash'
[1.030s] INFO:colcon.colcon_core.shell:Creating package script '/home/ros2/Documents/NASA/lunabotics_sim/install/lunabotics_model/share/lunabotics_model/package.zsh'
[1.031s] Level 1:colcon.colcon_core.environment:create_file_with_runtime_dependencies(/home/ros2/Documents/NASA/lunabotics_sim/install/lunabotics_model/share/colcon-core/packages/lunabotics_model)
[1.031s] DEBUG:colcon.colcon_parallel_executor.executor.parallel:closing loop
[1.031s] DEBUG:colcon.colcon_parallel_executor.executor.parallel:loop closed
[1.031s] DEBUG:colcon.colcon_parallel_executor.executor.parallel:run_until_complete finished with '0'
[1.031s] DEBUG:colcon.colcon_core.event_reactor:joining thread
[1.037s] INFO:colcon.colcon_core.plugin_system:Skipping extension 'colcon_notification.desktop_notification.terminal_notifier': Not used on non-Darwin systems
[1.037s] INFO:colcon.colcon_core.plugin_system:Skipping extension 'colcon_notification.desktop_notification.win32': Not used on non-Windows systems
[1.037s] INFO:colcon.colcon_notification.desktop_notification:Sending desktop notification using 'notify2'
[1.037s] DEBUG:colcon.colcon_notification.desktop_notification.notify2:Failed to initialize notify2: org.freedesktop.DBus.Error.AccessDenied: Failed to connect to socket /run/user/1000/bus: Operation not permitted
[1.037s] DEBUG:colcon.colcon_core.event_reactor:joined thread
[1.037s] INFO:colcon.colcon_core.shell:Creating prefix script '/home/ros2/Documents/NASA/lunabotics_sim/install/local_setup.ps1'
[1.037s] INFO:colcon.colcon_core.shell:Creating prefix util module '/home/ros2/Documents/NASA/lunabotics_sim/install/_local_setup_util_ps1.py'
[1.038s] INFO:colcon.colcon_core.shell:Creating prefix chain script '/home/ros2/Documents/NASA/lunabotics_sim/install/setup.ps1'
[1.039s] INFO:colcon.colcon_core.shell:Creating prefix script '/home/ros2/Documents/NASA/lunabotics_sim/install/local_setup.sh'
[1.039s] INFO:colcon.colcon_core.shell:Creating prefix util module '/home/ros2/Documents/NASA/lunabotics_sim/install/_local_setup_util_sh.py'
[1.040s] INFO:colcon.colcon_core.shell:Creating prefix chain script '/home/ros2/Documents/NASA/lunabotics_sim/install/setup.sh'
[1.041s] INFO:colcon.colcon_core.shell:Creating prefix script '/home/ros2/Documents/NASA/lunabotics_sim/install/local_setup.bash'
[1.041s] INFO:colcon.colcon_core.shell:Creating prefix chain script '/home/ros2/Documents/NASA/lunabotics_sim/install/setup.bash'
[1.042s] INFO:colcon.colcon_core.shell:Creating prefix script '/home/ros2/Documents/NASA/lunabotics_sim/install/local_setup.zsh'
[1.043s] INFO:colcon.colcon_core.shell:Creating prefix chain script '/home/ros2/Documents/NASA/lunabotics_sim/install/setup.zsh'
